-- phpMyAdmin SQL Dump
-- version 4.8.3
-- https://www.phpmyadmin.net/
--
-- Host: 127.0.0.1
-- Generation Time: Nov 02, 2018 at 11:49 AM
-- Server version: 10.1.35-MariaDB
-- PHP Version: 7.1.21

SET SQL_MODE = "NO_AUTO_VALUE_ON_ZERO";
SET AUTOCOMMIT = 0;
START TRANSACTION;
SET time_zone = "+00:00";


/*!40101 SET @OLD_CHARACTER_SET_CLIENT=@@CHARACTER_SET_CLIENT */;
/*!40101 SET @OLD_CHARACTER_SET_RESULTS=@@CHARACTER_SET_RESULTS */;
/*!40101 SET @OLD_COLLATION_CONNECTION=@@COLLATION_CONNECTION */;
/*!40101 SET NAMES utf8mb4 */;

--
-- Database: `pharmacy`
--

-- --------------------------------------------------------

--
-- Table structure for table `company`
--

CREATE TABLE `company` (
  `id` int(10) UNSIGNED NOT NULL,
  `name` varchar(191) COLLATE utf8mb4_unicode_ci NOT NULL
) ENGINE=InnoDB DEFAULT CHARSET=utf8mb4 COLLATE=utf8mb4_unicode_ci;

--
-- Dumping data for table `company`
--

INSERT INTO `company` (`id`, `name`) VALUES
(1, 'Maskatiya Industeries'),
(2, 'color silk'),
(3, 'Yucaitang Cosmetics'),
(4, 'sunsilk'),
(5, 'P&G'),
(6, 'Lifebuoy'),
(7, 'Pantene'),
(8, 'Dove'),
(9, 'Clear'),
(10, 'Garnier'),
(11, 'Dabur'),
(12, 'Forvil cosmetics'),
(13, 'Johnsons'),
(14, 'Samphy cosmetic'),
(15, 'Mothercare'),
(16, 'Sanofi-aventis'),
(17, 'Sarwana sohzasihm'),
(18, 'Robin blue'),
(19, 'Reckitt benckiser'),
(20, 'lipoil'),
(21, 'blackcat'),
(22, 'prickley'),
(23, 'Nivea'),
(24, 'vaseline'),
(25, 'Neutrogena'),
(26, 'Ponds'),
(27, 'Rivaj'),
(28, 'Faiza'),
(29, 'Golden pearl'),
(30, 'Fair&lovely'),
(31, 'cotton buds'),
(32, 'Sesa'),
(33, 'Marhaba'),
(34, 'Kreative cosmatic'),
(35, 'young fresh'),
(36, 'Stillmans'),
(37, 'Mortein'),
(38, 'Arche'),
(39, 'Pak natural'),
(40, 'Daisy'),
(41, 'tobacco'),
(42, 'Abbott'),
(43, 'Gillette'),
(44, 'Nestle'),
(45, 'Morinaga'),
(46, 'Rose petal'),
(47, 'Meiji'),
(48, 'Nuzzer'),
(49, 'Tux'),
(50, 'Roche'),
(51, 'yamasu'),
(52, 'Certeza'),
(53, 'Medicare'),
(54, 'Riester'),
(55, 'Easy gluco'),
(56, 'Cobra'),
(57, 'Sabaya'),
(58, 'Mortein'),
(59, 'Black magic'),
(60, 'Home'),
(61, 'Black cat'),
(62, 'Broche'),
(63, 'unilever'),
(64, 'Feroz Sons'),
(65, 'GSK'),
(66, 'Aspin'),
(67, 'Woodward\'s'),
(68, 'Macter'),
(69, 'Schazoo'),
(70, 'Tabros'),
(71, 'Amson pharma'),
(72, 'Asian continental'),
(73, 'Brooks'),
(74, 'Stand pharma'),
(75, 'Siza'),
(76, 'NOVARTIS'),
(77, 'MSD'),
(78, 'EFROZE'),
(79, 'OBS'),
(80, 'SERVIER'),
(81, 'SANOFI'),
(82, 'NEXT Pharmaceutical'),
(83, 'MAPLE Phrama'),
(84, 'Dyson research laboratories'),
(85, 'pharmevo'),
(86, 'Highnoon laboratories'),
(87, 'Martin Dow'),
(88, 'brooklyn pharma'),
(89, 'Coke'),
(90, 'PHD pharmacuticals'),
(91, 'Xecutive pharma'),
(92, 'Maan Gee'),
(93, 'Zai pharmicuticals'),
(94, 'Global pharma'),
(95, 'Pfizer'),
(96, 'CCL'),
(97, 'ZAFA'),
(98, 'Pacific pharma'),
(99, 'Fedro'),
(100, 'Pharmatec'),
(101, 'Mass pharma'),
(102, 'EPLA'),
(103, 'Razeee pharma'),
(104, 'Searl'),
(105, 'Sandoz'),
(106, 'Herbiotics health care'),
(107, 'Easy gluco'),
(108, 'Accu  check');

-- --------------------------------------------------------

--
-- Table structure for table `config`
--

CREATE TABLE `config` (
  `id` int(10) NOT NULL,
  `notify` varchar(100) NOT NULL,
  `check_qty` varchar(20) NOT NULL
) ENGINE=InnoDB DEFAULT CHARSET=utf8;

--
-- Dumping data for table `config`
--

INSERT INTO `config` (`id`, `notify`, `check_qty`) VALUES
(1, '6', '5');

-- --------------------------------------------------------

--
-- Table structure for table `dispose_items`
--

CREATE TABLE `dispose_items` (
  `id` int(10) UNSIGNED NOT NULL,
  `qty` decimal(10,2) NOT NULL,
  `timestamp` timestamp NOT NULL DEFAULT CURRENT_TIMESTAMP ON UPDATE CURRENT_TIMESTAMP,
  `fk_quantity_history_id` int(10) UNSIGNED NOT NULL,
  `fk_inventory_id` int(10) UNSIGNED NOT NULL,
  `fk_user_id` int(10) UNSIGNED NOT NULL
) ENGINE=InnoDB DEFAULT CHARSET=utf8mb4 COLLATE=utf8mb4_unicode_ci;

-- --------------------------------------------------------

--
-- Table structure for table `expiry_items`
--

CREATE TABLE `expiry_items` (
  `id` int(10) UNSIGNED NOT NULL,
  `qty` decimal(10,2) NOT NULL,
  `fk_expiry_return_id` int(10) UNSIGNED NOT NULL,
  `fk_inventory_id` int(10) UNSIGNED NOT NULL,
  `fk_quantity_history_id` int(10) UNSIGNED NOT NULL
) ENGINE=InnoDB DEFAULT CHARSET=utf8mb4 COLLATE=utf8mb4_unicode_ci;

-- --------------------------------------------------------

--
-- Table structure for table `expiry_return`
--

CREATE TABLE `expiry_return` (
  `id` int(10) UNSIGNED NOT NULL,
  `timestamp` timestamp NOT NULL DEFAULT CURRENT_TIMESTAMP ON UPDATE CURRENT_TIMESTAMP,
  `fk_supplier_id` int(10) UNSIGNED NOT NULL,
  `fk_user_id` int(10) UNSIGNED NOT NULL
) ENGINE=InnoDB DEFAULT CHARSET=utf8mb4 COLLATE=utf8mb4_unicode_ci;

-- --------------------------------------------------------

--
-- Table structure for table `inventory`
--

CREATE TABLE `inventory` (
  `id` int(10) UNSIGNED NOT NULL,
  `name` varchar(191) COLLATE utf8mb4_unicode_ci NOT NULL,
  `type` enum('tablet','capsule','syrup','surgical','general','cosmetics','beverage','cream','ointment','gel','balm','spray','drop','lotion','injection','infusion','tobacco','vaccines','sachet','liquid') COLLATE utf8mb4_unicode_ci NOT NULL,
  `pack` varchar(100) COLLATE utf8mb4_unicode_ci NOT NULL,
  `fk_company_id` int(10) UNSIGNED NOT NULL,
  `strength` varchar(191) COLLATE utf8mb4_unicode_ci NOT NULL
) ENGINE=InnoDB DEFAULT CHARSET=utf8mb4 COLLATE=utf8mb4_unicode_ci;

--
-- Dumping data for table `inventory`
--

INSERT INTO `inventory` (`id`, `name`, `type`, `pack`, `fk_company_id`, `strength`) VALUES
(1, 'olivia', 'cosmetics', '1x1', 1, 'all number'),
(2, 'Revlon', 'cosmetics', '1x1', 1, 'all numbers'),
(3, 'Subaru', 'cosmetics', '1x1', 2, 'all number'),
(4, 'Sunsilk', 'cosmetics', '1x1', 3, '320ml'),
(5, 'Head&shoulder', 'cosmetics', '1x1', 4, '400ml'),
(6, 'Head&shoulders', 'cosmetics', '1x1', 5, '200ml'),
(7, 'Lifebouy', 'cosmetics', '1x1', 5, '175ml'),
(8, 'Dove', 'cosmetics', '1x2', 5, '350ml'),
(9, 'Dove', 'cosmetics', '1x1', 8, '250ml'),
(10, 'Clear', 'cosmetics', '1x1', 8, '250ml'),
(11, 'Clear', 'cosmetics', '1x1', 9, '340ml'),
(12, 'Vatika', 'cosmetics', '1x1', 9, '180ml'),
(13, 'Fructis', 'cosmetics', '1x1', 11, '250ml'),
(14, 'Bio amla', 'cosmetics', '1x1', 10, '280ml'),
(15, 'Bio amla', 'cosmetics', '1x1', 12, '470ml'),
(16, 'Gillette', 'cosmetics', '1x1', 12, '200ml'),
(17, 'Johnsons shampo', 'cosmetics', '1x1', 43, '200ml'),
(18, 'polystar shampo', 'cosmetics', '1x1', 13, '150ml'),
(19, 'Baby lotion', 'cosmetics', '1x1`', 14, '115ml'),
(20, 'Johnsons lotion', 'cosmetics', '1x1', 15, '100ml'),
(21, 'Johnsons lotion', 'cosmetics', '1x1', 13, '50ml'),
(22, 'English anti lice shampo', 'cosmetics', '1x1', 13, '100ml'),
(23, 'English anti lice shampo', 'cosmetics', '1x1', 17, '30ml'),
(24, 'Selsun blue shampo', 'cosmetics', '1x1', 17, '100ml'),
(25, 'Lipoil', 'cosmetics', '1x24', 16, '3.5g'),
(26, 'Detol liquid', 'cosmetics', '1x1', 20, '100ml'),
(27, 'Robin blue liquid', 'general', '1x1', 19, '75ml'),
(28, 'Air freshner cobra', 'general', '1x1', 56, '300ml'),
(29, 'Cobra spray', 'general', '1x1', 57, '300ml'),
(30, 'Mortein powder', 'general', '1x1', 58, '100g'),
(31, 'Black magic spray', 'general', '1x1', 59, '325ml'),
(32, 'Air Freshner topic', 'general', '1x1', 59, '300ml'),
(33, 'Air freshner home', 'general', '1x1', 60, '300ml'),
(34, 'Talc powder B/C', 'general', '1x1', 61, '70g'),
(35, 'Talc powder B/R', 'general', '1x1', 61, '125g'),
(36, 'Jhonsons powder', 'general', '1x1', 62, '100g'),
(37, 'prickly heat powder', 'general', '1x1', 13, '275g'),
(38, 'Nivea lotion', 'cosmetics', '1x1', 22, '125ml'),
(39, 'Nivea soft cream', 'cosmetics', '1x1', 23, '198g'),
(40, 'Johnsons lotion', 'cosmetics', '1x1', 23, '300ml'),
(41, 'Garnier removel milk', 'cosmetics', '1x1', 13, '200ml'),
(42, 'Vaseline lotion', 'cosmetics', '1x1', 10, '200ml'),
(43, 'Vaseline', 'cosmetics', '1x1', 24, '100ml'),
(44, 'Face wash Neutrogena', 'cosmetics', '1x1', 24, '250ml'),
(45, 'Face wash ponds', 'cosmetics', '1x1', 25, '100g'),
(46, 'face wash faiza', 'cosmetics', '1x1', 26, '60ml'),
(47, 'Face wash Garnier', 'cosmetics', '1x1', 10, '100ml'),
(48, 'Rivaj sun blocker', 'cosmetics', '1x1', 10, '60'),
(49, 'Face wash golden pearl', 'cosmetics', '1x1', 27, '75ml'),
(50, 'Face wash fair&lovely', 'cosmetics', '1x1', 28, '50g'),
(51, 'Fair&lovely BB Cream', 'cosmetics', '1x1', 30, '40g'),
(52, 'Fair&lovely', 'cosmetics', '1x1', 30, '50ml'),
(53, 'Fair&lovely BB', 'cosmetics', '1x1', 30, '18g'),
(54, 'Fair&lovely', 'cosmetics', '1x1', 30, '25g'),
(55, 'Sunblock 60', 'cosmetics', '1x1', 30, '150ml'),
(56, 'Sunblock Kids 50', 'cosmetics', '1x1', 27, '150ml'),
(57, 'Cotton buds', 'general', '1x100', 27, 'pack'),
(58, 'Cotton buds', 'general', '1x100', 27, 'box'),
(59, 'Bio amla oil', 'cosmetics', '1x1', 31, '100ml'),
(60, 'Bio amla oil', 'cosmetics', '1x1', 12, '50ml'),
(61, 'Vatika oil', 'cosmetics', '1x1', 12, '100ml'),
(62, 'Sesa hair oil', 'cosmetics', '1x1', 11, '90ml'),
(63, 'Coconut oil', 'cosmetics', '1x1', 32, '100ml'),
(64, 'Sarsona oil', 'cosmetics', '1x1', 33, '200ml'),
(65, 'Coconut oil', 'cosmetics', '1x1', 33, '200ml'),
(66, 'Golden pearl cream', 'cosmetics', '1x6', 33, '30g'),
(67, 'Due beauty cream', 'cosmetics', '1x6', 33, '30g'),
(68, 'Young fresh beauty cream', 'cosmetics', '1x1', 29, '30g'),
(69, 'Arena gold beauty cream', 'cosmetics', '1x1', 29, '30g'),
(70, 'Stillmans bleach cream', 'cosmetics', '1x1', 35, '28G'),
(71, 'Arche pearl cream', 'cosmetics', '1x1', 35, '20g'),
(72, 'For face beauty cream', 'cosmetics', '1x1', 35, '30g'),
(73, 'Daisy beauty cream', 'cosmetics', '1x1', 35, '28g'),
(74, 'Faiza beauty cream', 'cosmetics', '1x1', 35, '30g'),
(75, 'Golden pearl B/Spray', 'cosmetics', '1x1', 35, '200ml'),
(76, 'Alisha Perfume', 'cosmetics', '1x1', 35, '100ml'),
(77, 'Frost B/spray', 'cosmetics', '1x1', 35, '120ml'),
(78, 'Man force B/spray', 'cosmetics', '1x1', 35, '122ml'),
(79, 'Mascot B/spray', 'cosmetics', '1x1', 36, '200ml'),
(80, 'Acid strong B/spray', 'cosmetics', '1x1', 36, '200ml'),
(81, 'Bold B/spray', 'cosmetics', '1x1', 36, '120ml'),
(82, 'Feelings B/spray', 'cosmetics', '1x1', 36, '200ml'),
(83, 'Exoplore Gold Deodrant spray', 'cosmetics', '1x1', 3, '200ml'),
(84, 'English Blazer Black Deo/spray', 'cosmetics', '1x1', 3, '150ml'),
(85, 'Adiction strong Deo/spray', 'cosmetics', '1x1', 3, '150ml'),
(86, 'Inspire B/spray', 'cosmetics', '1x1', 3, '200ml'),
(87, 'Lady Gold B/spray', 'cosmetics', '1x1', 3, '200ml'),
(88, 'Cerelac Red fruits', 'general', '1x1', 3, '175g'),
(89, 'Cerelac mix fruit', 'general', '1x1', 3, '175'),
(90, 'Cerelac 3 fruits', 'general', '1x1', 3, '175g'),
(91, 'Cerelac wheat', 'general', '1x1', 3, '175g'),
(92, 'Cerelac rice', 'general', '1x1', 3, '175g'),
(93, 'Cerelac 3 fruits&wheat', 'general', '1x1', 3, '350g'),
(94, 'Nido Bunyad', 'general', '1x1', 4, '260g'),
(95, 'Nido Fortigrow', 'general', '1x1', 4, '390g'),
(96, 'BF Mama', 'general', '1x1', 4, '200g'),
(97, 'Nido 3+', 'general', '1x1', 4, '400g'),
(98, 'Nido 1+', 'general', '1x1', 4, '400g'),
(99, 'Nido 1+', 'general', '1x1', 4, '1KG'),
(100, 'Lactogen Recover', 'general', '1x1', 4, '200g'),
(101, 'Lactogen 3', 'general', '1x1', 4, '200g'),
(102, 'Lactogen 2', 'general', '1x1', 4, '200g'),
(103, 'Lactogen 1', 'general', '1x1', 4, '200g'),
(104, 'Lactogen Recover', 'general', '1x1', 4, '400g'),
(105, 'Lactogen 1', 'general', '1x1', 4, '400g'),
(106, 'Lactogen 2', 'general', '1x1', 4, '400g'),
(107, 'Lactogen 3', 'general', '1x1', 4, '400g'),
(108, 'Morinaga BF 1', 'general', '1x1', 4, '900g'),
(109, 'Morinaga BF 2', 'general', '1x1', 4, '900'),
(110, 'Morinaga BF 3', 'general', '1x1', 1, '900g'),
(111, 'Morinaga BF 1', 'general', '1x1', 1, '400g'),
(112, 'Morinaga BF 2', 'general', '1x1', 1, '400g'),
(113, 'Morinaga BF 3', 'general', '1x1', 1, '400g'),
(114, 'Morinaga NL 33', 'general', '1x1', 1, '400g'),
(115, 'Pediasure', 'general', '1x1', 1, '400g'),
(116, 'Ensure Powder', 'general', '1x1', 1, '400g'),
(117, 'Glucerna Powder', 'general', '1x1', 1, '400g'),
(118, 'Meiji FMT', 'general', '1x1', 1, '900g'),
(119, 'Meiji FMT', 'general', '1x1', 1, '400g'),
(120, 'Meiji FU 2', 'general', '1x1', 1, '400g'),
(121, 'Meiji FU 2', 'general', '1x1', 1, '900g'),
(122, 'F-lac', 'general', '1x1', 1, '400g'),
(123, 'Lacteus 1', 'general', '1x1', 85, '400g'),
(124, 'Lacteus 2', 'general', '1x1', 85, '400g'),
(125, 'Lacteus 3', 'general', '1x1', 85, '400g'),
(126, 'Nan 1', 'general', '1x1', 1, '400g'),
(127, 'Nan 2', 'general', '1x1', 1, '400g'),
(128, 'Nan 3', 'general', '1x1', 1, '400g'),
(129, 'Nan pre', 'general', '1x1', 1, '400g'),
(130, 'Neolac 1', 'general', '1x1', 1, '400g'),
(131, 'Neolac 2', 'general', '1x1', 1, '400g'),
(132, 'Neolac 3', 'general', '1x1', 1, '400g'),
(133, 'Tissue R/P', 'general', '1x24', 1, 'pocket'),
(134, 'Tissue tux', 'general', '1x24', 1, 'Pocket'),
(135, 'Gluco meter', 'surgical', '1x1', 55, 'Easy gluco'),
(136, 'Gluco meter', 'surgical', '1x1', 108, 'Accu check'),
(137, 'BP Opratus', 'surgical', '1x1', 1, 'Yamasu'),
(138, 'BP opratus', 'surgical', '1x1', 45, 'Dr care'),
(139, 'pricker', 'surgical', '1x200', 45, 'Accu check'),
(140, 'Sthethoscope', 'surgical', '1x1', 45, 'Certeza'),
(141, 'BP bulb', 'surgical', '1x1', 45, 'Medicare'),
(142, 'BP bulb', 'surgical', '1x1', 45, 'Certeza'),
(143, 'BP bulb', 'surgical', '1x1', 45, 'Riester'),
(144, 'Dettol liquid', 'surgical', '1x1', 4, '1liter'),
(145, 'Golden pearl F/W men', 'cosmetics', '1x1', 29, '75ml'),
(146, 'Pantene', 'cosmetics', '1x1', 7, '200ml'),
(147, 'Sunsilk', 'cosmetics', '1x1', 4, '170ml'),
(148, 'meiji big', 'general', '1x1', 47, '400g'),
(149, 'meiji big', 'general', '1x1', 47, '900g'),
(150, 'Cimet', 'tablet', '1x10', 64, '10'),
(151, 'Cimet', 'syrup', '1x1', 64, '60ml'),
(152, 'Genesis', 'tablet', '1x30', 64, '1mg'),
(153, 'Carveda', 'tablet', '3x10', 64, '12.5mg'),
(154, 'carveda', 'tablet', '1x10', 64, '25mg'),
(155, 'Carveda', 'tablet', '3x10', 64, '6.25mg'),
(156, 'Carveta', 'tablet', '1x10', 64, '3.125mg'),
(157, 'Esomega', 'capsule', '2x7', 64, '40mg'),
(158, 'Esomega', 'capsule', '2x7', 64, '20mg'),
(159, 'Omega', 'capsule', '2x7', 64, '20mg'),
(160, 'Omega', 'capsule', '2x7', 64, '40mg'),
(161, 'Orlis', 'capsule', '3x10', 64, '120mg'),
(162, 'H2f', 'tablet', '1x10', 64, '40mg'),
(163, 'H2f', 'tablet', '1x10', 64, '20mg'),
(164, 'Atenorm', 'tablet', '7x2', 64, '50mg'),
(165, 'Atenorm', 'tablet', '2x10', 64, '100mg'),
(166, 'Helicure', 'tablet', '2x7', 64, '250/20/400mg'),
(167, 'Xavor', 'tablet', '1x10', 64, '50mg'),
(168, 'Xevor', 'tablet', '2x10', 64, '25mg'),
(169, 'Xavor DIU', 'tablet', '1x10', 64, '50/12.5mg'),
(170, 'Xavor DIU Fort', 'tablet', '1x10', 64, '100/25mg'),
(171, 'Acylex', 'tablet', '1x10', 64, '800mg'),
(172, 'Acylex', 'tablet', '5x10', 64, '200mg'),
(173, 'Acylex', 'tablet', '2x10', 64, '400mg'),
(174, 'Ventolin', 'liquid', '1x1', 65, '20ml'),
(175, 'Cicatrin', 'surgical', '1x1', 65, '20g'),
(176, 'Kemadrin', 'tablet', '1x100', 65, '5mg'),
(177, 'Rondec C', 'syrup', '1x1', 42, '120ml'),
(178, 'Cofcol Elixir', 'syrup', '1x1', 42, '120ml'),
(179, 'Cremaffin', 'syrup', '1x1', 42, '120ML'),
(180, 'Dijex Mp', 'syrup', '1x1', 42, '120ml'),
(181, 'Arinac', 'syrup', '1x1', 42, '120ml'),
(182, 'Duphalac', 'syrup', '1x1', 42, '120ml'),
(183, 'Mosegor', 'syrup', '1x1', 42, '60ml'),
(184, 'Brufen', 'syrup', '1x1', 42, '120ml'),
(185, 'Brufen DS', 'syrup', '1x1', 42, '90ml'),
(186, 'vidaylin L', 'syrup', '1x1', 42, '120ml'),
(187, 'Vidaylin M', 'syrup', '1x1', 42, '120ml'),
(188, 'Vidaylin', 'syrup', '1x1', 42, '120ml'),
(189, 'Silliver', 'syrup', '1x1', 42, '120ml'),
(190, 'Entamizole', 'syrup', '1x1', 42, '90ml'),
(191, 'Epival CR', 'tablet', '10x5', 42, '500mg'),
(192, 'Epival', 'tablet', '10x10', 42, '500mg'),
(193, 'Epival', 'tablet', '10x10', 42, '250mg'),
(194, 'Paedi care', 'liquid', '1x1', 67, '500ml'),
(195, 'Xavor', 'tablet', '2x10', 64, '25mg'),
(196, 'Lanoxin', 'tablet', '1x25', 65, '0.25mg'),
(197, 'Thyroxin', 'tablet', '1x100', 65, '50mcg'),
(198, 'Lamictal', 'tablet', '3x10', 65, '50mg'),
(199, 'Lamictal', 'tablet', '3x10', 65, '100mg'),
(200, 'Lamictal', 'tablet', '3x10', 65, '25mg'),
(201, 'Angised', 'tablet', '5x6', 65, '0.5mg'),
(202, 'Zyloric', 'tablet', '3x10', 65, '300mg'),
(203, 'Zyloric', 'tablet', '5x10', 65, '100mg'),
(204, 'Rifaxa', 'tablet', '1x10', 64, '550mg'),
(205, 'Ceporex', 'capsule', '2x6', 65, '250mg'),
(206, 'Ceporex', 'capsule', '2x6', 65, '500mg'),
(207, 'Sitagen-M', 'tablet', '3x10', 64, '50/500mg'),
(208, 'Sitagen-M', 'tablet', '3x10', 64, '50/850mg'),
(209, 'Sitagen', 'tablet', '3x10', 64, '50mg'),
(210, 'Sitagen', 'tablet', '3x10', 64, '100mg'),
(211, 'Zinacef', 'capsule', '2x7', 65, '500mg'),
(212, 'Zental', 'tablet', '1x2', 65, '200mg'),
(213, 'Betnesol', 'tablet', '4x5', 65, '0.5mg'),
(214, 'Seroxat', 'tablet', '1x10', 65, '20mg'),
(215, 'Seroxat CR', 'tablet', '3x10', 65, '25mg'),
(216, 'Seroxat CR', 'tablet', '3x10', 65, '12.5mg'),
(217, 'Zantac', 'tablet', '1x10', 65, '150mg'),
(218, 'Zantac', 'tablet', '1x10', 65, '300mg'),
(219, 'Fefolvit', 'capsule', '14x4', 65, 'M/Vit'),
(220, 'Fefol', 'capsule', '14x4', 65, 'm/vit'),
(221, 'Ventolin', 'tablet', '10x12', 65, '4mg'),
(222, 'Ventolin SR', 'tablet', '10x10', 65, '4mg'),
(223, 'Ventolin', 'tablet', '10x10', 65, '2mg'),
(224, 'Cipralex', 'tablet', '1x14', 65, '10mg'),
(225, 'Cipralex', 'tablet', '1x14', 65, '20mg'),
(226, 'Cipram', 'tablet', '1x14', 65, '20mg'),
(227, 'Motilium', 'syrup', '1x1', 66, '120ml'),
(228, 'Motilium', 'tablet', '10x5', 66, '10mg'),
(229, 'Motilium-V', 'tablet', '10x5', 66, '12.5mg'),
(230, 'Vermox', 'syrup', '1x1', 66, '30ml'),
(231, 'kapdex', 'capsule', '3x10', 66, '30mg'),
(232, 'Vermox', 'tablet', '6x10', 66, '100mg'),
(233, 'Vermox', 'tablet', '3x4', 66, '500mg'),
(234, 'Sporanox', 'capsule', '1x4', 66, '100mg'),
(235, 'Stugeron forte', 'capsule', '2x6', 66, '75mg'),
(236, 'Stugeron', 'tablet', '5x10', 66, '25mg'),
(237, 'Sibelium', 'capsule', '2x6', 66, '5mg'),
(238, 'chesty cough', 'syrup', '1x1', 67, '120ml'),
(239, 'Q-plagite', 'syrup', '1x1', 67, '120ml'),
(240, 'Qplex z', 'syrup', '1x1', 67, '120ml'),
(241, 'Qplex', 'syrup', '1x1', 67, '120ml'),
(242, 'Ampiclox', 'syrup', '1x1', 65, '90ml'),
(243, 'Amipclox', 'drop', '1x1', 65, '20ml'),
(244, 'Amoxil', 'drop', '1x1', 65, '20ml'),
(245, 'Amoxil forte', 'syrup', '1x1', 65, '90ml'),
(246, 'Amoxil', 'syrup', '1x1', 65, '90ml'),
(247, 'Bismol', 'syrup', '1x1', 68, '120ml'),
(248, 'Tempol 6+', 'syrup', '1x1', 67, '60ml'),
(249, 'Maxolon', 'syrup', '1x1', 65, '50ml'),
(250, 'Ceremin', 'syrup', '1x1', 69, '120ml'),
(251, 'Focin', 'syrup', '1x1', 70, '250mg/60ml'),
(252, 'Tempramine', 'syrup', '1x1', 67, '60ml'),
(253, 'Tempramine', 'syrup', '1x1', 67, '120ml'),
(254, 'Inventive', 'syrup', '1x1', 71, '60ml'),
(255, 'Ventolin', 'syrup', '1x1', 65, '120ml'),
(256, 'Ventolin Expec', 'syrup', '1x1', 65, '120ml'),
(257, 'Septran', 'syrup', '1x1', 65, '50ml'),
(258, 'Septran DS', 'syrup', '1x1', 65, '50ml'),
(259, 'Actidil', 'syrup', '1x1', 65, '60ml'),
(260, 'Calpol', 'syrup', '1x1', 65, '100ml'),
(261, 'Calpol 6+', 'syrup', '1x1', 65, '90ml'),
(262, 'Bronochol', 'syrup', '1x1', 64, '120ml'),
(263, 'Ceporex', 'syrup', '1x1', 65, '125mg/90ml'),
(264, 'Ceporex', 'syrup', '1x1', 65, '250mg/90ml'),
(265, 'Kolac', 'syrup', '1x1', 72, '120ml'),
(266, 'Acorvy', 'syrup', '1x1', 72, '120ml'),
(267, 'Hepa-merz', 'syrup', '1x1', 73, '120ml'),
(268, 'Coldrex', 'syrup', '1x1', 74, '120ml'),
(269, 'Ulcenil', 'syrup', '1x1', 75, '120ml'),
(270, 'Augmentin', 'syrup', '1x1', 65, '125mg/90ml'),
(271, 'Augmentin DS', 'syrup', '1x1', 65, '90ml'),
(272, 'Augmentin BD', 'syrup', '1x1', 65, '70ml'),
(273, 'Co-Diovan', 'tablet', '2x14', 76, '80/12.5mg'),
(274, 'Diovan', 'tablet', '2x14', 76, '80mg'),
(275, 'Exforge', 'tablet', '2x14', 76, '5/80mg'),
(276, 'Exforge', 'tablet', '2x14', 76, '5/160mg'),
(277, 'Exforge', 'tablet', '2x14', 76, '10/160mg'),
(278, 'Exforge', 'tablet', '2x14', 76, '10/160/25mg'),
(279, 'GalvusMet', 'tablet', '3x10', 76, '50/500mg'),
(280, 'GalvusMet', 'tablet', '3x10', 76, '50/850mg'),
(281, 'Janumet', 'tablet', '3x10', 77, '50/500mg'),
(282, 'Janumet', 'tablet', '3x10', 77, '50/1000mg'),
(283, 'Tegral', 'tablet', '5x10', 76, '200mg'),
(284, 'Mepressor', 'tablet', '3x10', 76, '100mg'),
(285, 'Mepressor SR', 'tablet', '3X10', 76, '200MG'),
(286, 'Caflam', 'tablet', '2x10', 76, '50mg'),
(287, 'Voltral', 'tablet', '2x10', 76, '50mg'),
(288, 'voltral', 'tablet', '2x10', 76, '25mg'),
(289, 'Voltral SR', 'tablet', '3x10', 76, '100mg'),
(290, 'Corbis', 'tablet', '2x10', 78, '5mg'),
(291, 'Corbis', 'tablet', '2x10', 78, '2.5mg'),
(292, 'Corbis', 'tablet', '2x10', 78, '10mg'),
(293, 'Cobris', 'tablet', '2x10', 78, '2.5mg'),
(294, 'Corbis-H', 'tablet', '2x10', 78, '5/6.25mg'),
(295, 'Novatec', 'tablet', '3x10', 79, '10mg'),
(296, 'novatec', 'tablet', '3x10', 79, '5mg'),
(297, 'noroxin', 'tablet', '2x7', 79, '400mg'),
(298, 'nodep', 'tablet', '2x7', 79, '10mg'),
(299, 'lamisil', 'tablet', '1x10', 76, '125mg'),
(300, 'Annuva', 'tablet', '2x10', 76, '50mg'),
(301, 'Gynaecosid', 'tablet', '1x2', 78, '5.0/0.3mg'),
(302, 'renitec', 'tablet', '2x10', 79, '5mg'),
(303, 'renitec', 'tablet', '2x10', 79, '10mg'),
(304, 'co-renitec', 'tablet', '2x10', 79, '10/25mg'),
(305, 'Daflon', 'tablet', '2x10', 80, '500mg'),
(306, 'Xovat', 'tablet', '1x10', 79, '20mg'),
(307, 'Xovat', 'tablet', '1x10', 79, '10mg'),
(308, 'Nergab', 'capsule', '2x7', 79, '50mg'),
(309, 'Nergab', 'capsule', '2x7', 79, '75mg'),
(310, 'Aldomet', 'tablet', '10x10', 79, '250mg'),
(311, 'Sinemet', 'tablet', '10x10', 79, '25/250mg'),
(312, 'Moduretic', 'tablet', '10x10', 79, '5/250mg'),
(313, 'Diamicron', 'tablet', '1x20', 80, '80mg'),
(314, 'Diamicron MR', 'tablet', '1x20', 80, '30mg'),
(315, 'diamicron MR', 'tablet', '2x10', 80, '60mg'),
(316, 'Vastram MR', 'tablet', '1x20', 80, '35mg'),
(317, 'Tramapar', 'tablet', '1x10', 78, '37/325mg'),
(318, 'Natrilix', 'tablet', '1x30', 80, '2.5mg'),
(319, 'Natrilix SR', 'tablet', '2X15', 80, '1.5MG'),
(320, 'Stablon', 'tablet', '1x30', 80, '12.5mg'),
(321, 'Coversam', 'tablet', '1x10', 80, '4/10mg'),
(322, 'Coversam', 'tablet', '1x10', 80, '8/10mg'),
(323, 'Coversam', 'tablet', '1x10', 80, '4/5mg'),
(324, 'Coversyl', 'tablet', '1x10', 80, '8mg'),
(325, 'Coversyl', 'tablet', '1x10', 80, '4mg'),
(326, 'Fosamax', 'tablet', '1x4', 77, '70mg'),
(327, 'klaricid', 'syrup', '1x1', 42, '125mg'),
(328, 'klaricid DS', 'syrup', '1X1', 42, '250mg'),
(329, 'klaricid drop', 'drop', '1x1', 42, '125mg/5ml'),
(330, 'Arcalion', 'tablet', '2x10', 80, '200mg'),
(331, 'Cecon', 'tablet', '1x40', 42, '500mg'),
(332, 'Abocal', 'tablet', '1x1', 42, '1000'),
(333, 'Cecon drop', 'drop', '1x1', 42, '10ml'),
(334, 'vidaylin', 'drop', '1x1', 42, '10ml'),
(335, 'Entamizole', 'tablet', '3x10', 42, '250/200mg'),
(336, 'Entamizole ds', 'tablet', '1x15', 42, '500/400mg'),
(337, 'Ganaton', 'tablet', '3x10', 42, '50mg'),
(338, 'Ganaton OD', 'tablet', '1X10', 42, '150MG'),
(339, 'Thyronorm', 'tablet', '1x30', 42, '25mg'),
(340, 'Thyronorm', 'tablet', '1x30', 42, '50mg'),
(341, 'Thyronorm', 'tablet', '1x1', 42, '50mg'),
(342, 'Thyronorm', 'tablet', '1x1', 42, '100mg'),
(343, 'Prothiaden', 'tablet', '3x10', 42, '75mg'),
(344, 'prothiaden', 'tablet', '10x10', 42, '25mg'),
(345, 'Froben', 'tablet', '3x10', 42, '50mg'),
(346, 'Froben', 'tablet', '3x10', 42, '100mg'),
(347, 'flexin', 'tablet', '2x10', 42, '250mg'),
(348, 'flexin', 'tablet', '2x10', 42, '500mg'),
(349, 'Bremax', 'tablet', '10x10', 42, '1mg'),
(350, 'Bremax', 'tablet', '10x10', 42, '2mg'),
(351, 'Hytrin', 'tablet', '3x10', 42, '1mg'),
(352, 'Hytrin', 'tablet', '3x10', 42, '2mg'),
(353, 'Tryptanol', 'tablet', '10x10', 79, '25mg'),
(354, 'Brufen plus', 'tablet', '2x10', 42, '20/200mg'),
(355, 'Brufen', 'tablet', '3x10', 42, '600mg'),
(356, 'Neophage', 'tablet', '5x10', 42, '500mg'),
(357, 'Neophage', 'tablet', '3x10', 42, '850mg'),
(358, 'Serc', 'tablet', '3x10', 42, '8mg'),
(359, 'Serc', 'tablet', '3x10', 42, '16mg'),
(360, 'Serc', 'tablet', '3x10', 42, '24mg'),
(361, 'Colofac', 'tablet', '3x10', 42, '135mg'),
(362, 'Econid', 'tablet', '2x20', 42, '1mg'),
(363, 'Econid', 'tablet', '2x10', 42, '2mg'),
(364, 'duphaston', 'tablet', '2x10', 42, '10mg'),
(365, 'Faverin', 'tablet', '1x10', 42, '100mg'),
(366, 'faverin', 'tablet', '6x10', 42, '50mg'),
(367, 'Artifen', 'tablet', '10x10', 42, '50mg'),
(368, 'Ezomol', 'capsule', '2x7', 42, '20mg'),
(369, 'EZOMOL', 'capsule', '2X7', 42, '40MG'),
(370, 'Ruvastat', 'tablet', '1x10', 42, '5mg'),
(371, 'Ruvastat', 'tablet', '1x10', 42, '10mg'),
(372, 'Cansaar', 'tablet', '1x14', 42, '8mg'),
(373, 'Enoxabid', 'tablet', '1x10', 42, '400mg'),
(374, 'Klaricid', 'tablet', '1x10', 42, '250mg'),
(375, 'Klaricid', 'tablet', '1x10', 42, '500mg'),
(376, 'Klaricid XL', 'tablet', '1X5', 42, '500MG'),
(377, 'Surbex', 'tablet', '1x30', 42, 'Z'),
(378, 'Surbex', 'tablet', '1x30', 42, 'T'),
(379, 'Silliver', 'tablet', '1x30', 42, '200mg'),
(380, 'vidaylin', 'tablet', '1x30', 42, 'T'),
(381, 'Dayalets', 'tablet', '1x30', 42, 'multivitamins'),
(382, 'Becefol', 'tablet', '1x25', 42, 'b-complex'),
(383, 'Bevidox', 'tablet', '1x30', 42, 'b-complex'),
(384, 'Optilets', 'tablet', '1x30', 42, 'M'),
(385, 'Pramet', 'tablet', '1x25', 42, 'FA'),
(386, 'Ibret Folic', 'tablet', '1x30', 42, '500'),
(387, 'Mucolator', 'sachet', '1x30', 42, '200mg'),
(388, 'Urixin', 'tablet', '10x10', 42, '400mg'),
(389, 'Abocran', 'sachet', '1x10', 42, 'cranberry'),
(390, 'Orslim', 'capsule', '3x10', 85, '120mg'),
(391, 'Arbi-D', 'tablet', '1x10', 85, '300/12.5mg'),
(392, 'Arbi-D', 'tablet', '1x10', 85, '150mg/12.5mg'),
(393, 'Fluact', 'tablet', '2x10', 86, 'M/S'),
(394, 'Galvecta plus', 'tablet', '2x7', 85, '50/1000mg'),
(395, 'Galvecta plus', 'tablet', '2x7', 85, '50/500mg'),
(396, 'Galvecta plus', 'tablet', '2x7', 85, '50/850mg'),
(397, 'NeoQ10', 'tablet', '2x10', 85, '50mg'),
(398, 'X-planded', 'tablet', '1x10', 85, '5mg'),
(399, 'X-plended', 'tablet', '1x10', 85, '10mg'),
(400, 'X-plended', 'tablet', '1x10', 85, '20mg'),
(401, 'Lowplat plus', 'tablet', '1x10', 85, '75mg'),
(402, 'Lowplate', 'tablet', '1x10', 85, '75mg'),
(403, 'Lowplate plus', 'tablet', '1x10', 85, '150mg'),
(404, 'Duzalta', 'capsule', '1x10', 85, '60mg'),
(405, 'Duzalta', 'capsule', '1x10', 85, '30mg'),
(406, 'Duzalta', 'capsule', '1x10', 85, '20mg'),
(407, 'Inosita', 'tablet', '1x10', 85, '50mg'),
(408, 'Inosita', 'tablet', '1x10', 85, '100mg'),
(409, 'Inosita plus', 'tablet', '2x7', 85, '50/500mg'),
(410, 'Inosita plus', 'tablet', '2x7', 85, '50/850mg'),
(411, 'Inosita plus', 'tablet', '2x7', 85, '50/1000mg'),
(412, 'Avsar', 'tablet', '2x7', 85, '10/160mg'),
(413, 'Avsar', 'tablet', '2x7', 85, '5/80mg'),
(414, 'Avsar', 'tablet', '2x7', 85, '5/160mg'),
(415, 'Estar', 'tablet', '2x7', 85, '10mg'),
(416, 'Estar', 'tablet', '2x7', 85, '20mg'),
(417, 'Onita', 'sachet', '1x7', 85, '2g'),
(418, 'Telsarta-A                                                                `', 'tablet', '`2x7', 85, '5/40mg'),
(419, 'Telsarta-D', 'tablet', '2x7', 85, '40/12.5mg'),
(420, 'Spedicam', 'tablet', '1x10', 85, '8mg'),
(421, 'Gouric', 'tablet', '2x10', 85, '80mg'),
(422, 'Gouric', 'tablet', '2x10', 85, '40mg'),
(423, 'Avsar plus', 'tablet', '4x7', 85, '160/10/12.5mg'),
(424, 'Avsar plus', 'tablet', '4x7', 85, '160/5/12.5mg'),
(425, 'Avsar plus', 'tablet', '4x7', 85, '160/10/25mg'),
(426, 'Avsar plus', 'tablet', '4x7', 85, '160/5/25mg'),
(427, 'Telsarta', 'tablet', '1x10', 85, '40mg'),
(428, 'Telsarta', 'tablet', '1x10', 85, '80mg'),
(429, 'Xilica', 'capsule', '2x7', 85, '75mg'),
(430, 'Xilica', 'capsule', '2x7', 85, '50mg'),
(431, 'Xcept.', 'tablet', '2x7', 85, '20mg'),
(432, 'Xcept', 'tablet', '2x7', 85, '15mg'),
(433, 'Xcept', 'tablet', '1x10', 85, '10mg'),
(434, 'Setspin', 'tablet', '3x10', 85, '24mg'),
(435, 'Setspin', 'tablet', '3x10', 85, '16mg'),
(436, 'Setspin', 'tablet', '3x10', 85, '8mg'),
(437, 'Diu-tansin', 'tablet', '1x10', 85, '50/12.5mg'),
(438, 'Tansin', 'tablet', '1x10', 85, '50mg'),
(439, 'Tretan-D', 'tablet', '2x14', 85, '16/12.5mg'),
(440, 'Tretan', 'tablet', '1x14', 85, '4mg'),
(441, 'Tretan', 'tablet', '1x14', 85, '8mg'),
(442, 'Tretan', 'tablet', '2x14', 85, '16mg'),
(443, 'Ramipace', 'tablet', '2x14', 85, '2.5mg'),
(444, 'Ramipace', 'tablet', '2x14', 85, '1.25mg'),
(445, 'Ramipace', 'tablet', '2x14', 85, '5mg'),
(446, 'Evopride', 'tablet', '3x10', 85, '3mg'),
(447, 'Evopride', 'tablet', '3x10', 85, '4mg'),
(448, 'Nise', 'tablet', '2x10', 85, '100mg'),
(449, 'Skilax', 'tablet', '6x10', 85, '5mg'),
(450, 'Ibandro', 'tablet', '1x1', 85, '150mg'),
(451, 'Actiflor', 'sachet', '1x10', 85, '250mg'),
(452, 'Opt-D', 'tablet', '1x1', 85, '200,000iu'),
(453, 'Adfolic', 'tablet', '3x10', 85, '300mcg'),
(454, 'Adfolic OD', 'tablet', '3x10', 85, '600mcg'),
(455, 'Kalsob', 'tablet', '1x30', 85, 'M/vit'),
(456, 'Orelox', 'syrup', '1x1', 81, '40mg/50ml'),
(457, 'Brysk', 'tablet', '2x10', 84, '20mg'),
(458, 'Glinext MR', 'tablet', '2x10', 82, '60mg'),
(459, 'Calzem SR', 'tablet', '1x20', 83, '60mg'),
(460, 'Calzem SR', 'tablet', '1x20', 83, '90mg'),
(461, 'Phytus', 'syrup', '1x1', 85, '120ml'),
(462, 'Evofix DS', 'syrup', '1x1', 85, '30ml'),
(463, 'Evofix', 'syrup', '1x1', 85, '100mg'),
(464, 'Skilax', 'drop', '1x1', 86, '15ml'),
(465, 'Xatral SR', 'tablet', '2x14', 16, '5mg'),
(466, 'Cordarone', 'tablet', '3x10', 16, '100mg'),
(467, 'Cordarone', 'tablet', '3x10', 16, '200mg'),
(468, 'Telfast', 'tablet', '1x10', 16, '120mg'),
(469, 'Telfast', 'tablet', '1x10', 16, '60mg'),
(470, 'Daonil', 'tablet', '2x30', 16, '5mg'),
(471, 'No-spa', 'tablet', '1x20', 16, '40mg'),
(472, 'No-spa forte', 'tablet', '2x10', 16, '80mg'),
(473, 'Lasoride', 'tablet', '3x10', 16, '40/5mg'),
(474, 'Rulid', 'tablet', '1x10', 16, '150mg'),
(475, 'Tritace', 'tablet', '2x14', 16, '5mg'),
(476, 'Tritace', 'tablet', '2x14', 16, '2.5mg'),
(477, 'Amaryl', 'tablet', '2x15', 16, '1mg'),
(478, 'Amaryl', 'tablet', '2x15', 16, '2mg'),
(479, 'Amaryl', 'tablet', '2x15', 16, '3mg'),
(480, 'Amaryl', 'tablet', '2x15', 16, '4mg'),
(481, 'Amaryl MSR', 'tablet', '3x10', 16, '1/500mg'),
(482, 'Amaryl MSR', 'tablet', '3x10', 16, '2/500mg'),
(483, 'Neodipar', 'tablet', '5x10', 16, '500mg'),
(484, 'Neodipar', 'tablet', '3x10', 16, '850mg'),
(485, 'Orelox', 'tablet', '1x10', 16, '100mg'),
(486, 'Aprovel', 'tablet', '2x14', 16, '150mg'),
(487, 'Coaproval', 'tablet', '2x14', 16, '150/12.5mg'),
(488, 'Xatral LP', 'tablet', '3x10', 16, '10mg'),
(489, 'Coaprovel', 'tablet', '2x14', 16, '300/12.5mg'),
(490, 'Coaprovel', 'tablet', '2x14', 16, '300/25mg'),
(491, 'Aprovel', 'tablet', '2x14', 16, '300mg'),
(492, 'Plavix', 'tablet', '2x14', 16, '75mg'),
(493, 'Coplavix', 'tablet', '1x10', 16, '75mg'),
(494, 'Stemetil', 'tablet', '6x50', 16, '5mg'),
(495, 'Avil', 'tablet', '5x50', 16, '25mg'),
(496, 'Enterogermina', 'capsule', '1x20', 16, '5ml'),
(497, 'Lasix', 'tablet', '2x50', 16, '40mg'),
(498, 'Lasix', 'tablet', '2x50', 16, '20mg'),
(499, 'Mosegar', 'tablet', '3x10', 76, '0.5mg'),
(500, 'Moksi', 'tablet', '1x5', 42, '400mg'),
(501, 'CAC', 'tablet', '1X10', 65, '1000'),
(502, 'CAC', 'tablet', '1X20', 65, '1000'),
(503, 'Qalsan', 'tablet', '1x30', 65, 'd'),
(504, 'Chewcal', 'tablet', '1x30', 65, 'cal/vid D'),
(505, 'Revitale', 'tablet', '1x45', 65, 'Multi'),
(506, 'De-calc', 'tablet', '3x10', 69, 'plus'),
(507, 'De-calc', 'tablet', '1x50', 69, 'plain'),
(508, 'lorin nsa', 'syrup', '1x1', 72, '30ml'),
(509, 'Amoxil', 'capsule', '10x10', 65, '500mg'),
(510, 'Amoxil', 'capsule', '10x10', 65, '250mg'),
(511, 'Ampiclox', 'capsule', '10x10', 65, '250mg'),
(512, 'Ampiclox', 'capsule', '10x10', 65, '500mg'),
(513, 'Evion', 'capsule', '10x10', 87, '400mg'),
(514, 'Evion', 'capsule', '10x10', 87, '600mg'),
(515, 'Evion', 'capsule', '10x10', 87, '200mg'),
(516, 'Voren sr', 'tablet', '3x10', 72, '100mg'),
(517, 'Voren', 'tablet', '10x10', 72, '50mg'),
(518, 'Voren', 'tablet', '10x10', 72, '25mg'),
(519, 'Voren', 'capsule', '10x10', 72, '50mg'),
(520, 'Zeest', 'tablet', '1x30', 70, 'vit,A C E'),
(521, 'Fefan', 'tablet', '10x10', 71, 'DS'),
(522, 'Cardiolite', 'tablet', '10x10', 72, '25mg'),
(523, 'Cardiolite', 'tablet', '10x10', 72, '50mg'),
(524, 'Cardiolite', 'tablet', '10x10', 72, '100mg'),
(525, 'Cardiolite', 'tablet', '3x10', 72, 'plus'),
(526, 'CMZ', 'tablet', '1X30', 88, '-3'),
(527, 'Doltee', 'drop', '1x1', 67, '10ml'),
(528, 'Cntimycin', 'capsule', '10x10', 72, '100mg'),
(529, 'Rosuvax', 'tablet', '1x10', 72, '10mg'),
(530, 'Rosuvax', 'tablet', '1x10', 72, '20mg'),
(531, 'Rosuvax', 'tablet', '1x10', 72, '5mg'),
(532, 'Zepres', 'tablet', '2x10', 17, '5mg'),
(533, 'Zepres', 'tablet', '2x10', 72, '10mg'),
(534, 'Zepres', 'tablet', '2x10', 72, 'plus'),
(535, 'Atiza', 'tablet', '3x10', 72, '5mg'),
(536, 'Cobolmin', 'tablet', '5x10', 72, '500mcg'),
(537, 'Conzyme', 'tablet', '2x10', 72, '5mg'),
(538, 'Asilax', 'tablet', '1x10', 72, '250mg'),
(539, 'Lorin nsa', 'tablet', '1X10', 72, '101MG'),
(540, 'Zolbi', 'capsule', '2x7', 72, '40mg'),
(541, 'Zolbi', 'capsule', '2x7', 72, '20mg'),
(542, 'Inflamitix', 'tablet', '3x10', 72, '100mg'),
(543, 'losanta', 'tablet', '2x10', 72, '25mg'),
(544, 'losanta', 'tablet', '2x10', 72, '50mg'),
(545, 'losanta', 'tablet', '2x10', 72, 'DIU'),
(546, 'Vadil', 'tablet', '3X10', 70, '3.125MG'),
(547, 'Vadil', 'tablet', '3x10', 70, '6.25mg'),
(548, 'Macrobac', 'tablet', '1x6', 72, '500mg'),
(549, 'Macrobac', 'capsule', '1x6', 72, '250mg'),
(550, 'Prostreat', 'tablet', '1x10', 72, '0.4mg'),
(551, 'Tio-veez', 'capsule', '2x10', 68, '18mcg'),
(552, 'Tavist', 'tablet', '1x10', 68, '20mg'),
(553, 'Tavist', 'tablet', '1x10', 68, '10mg'),
(554, 'Esante', 'capsule', '2x7', 68, '20mg'),
(555, 'Esante', 'capsule', '2x7', 68, '40mg'),
(556, 'Sante', 'capsule', '2x7', 68, '40mg'),
(557, 'Sante', 'capsule', '2x7', 68, '20mg'),
(558, 'Xonifast', 'tablet', '1x10', 68, '8mg'),
(559, 'Rast', 'tablet', '1x10', 70, '10mg'),
(560, 'GLIO-P', 'tablet', '2X7', 68, '2/30MG'),
(561, 'Glio-p', 'tablet', '2x7', 68, '4/30mg'),
(562, 'Plaquin-h', 'tablet', '3x10', 68, '200mg'),
(563, 'Silo', 'tablet', '1x14', 68, '50mg'),
(564, 'Venticort', 'capsule', '3x10', 68, '200+6mcg'),
(565, 'Atizox', 'tablet', '2x10', 68, '500mg'),
(566, 'Maxolon', 'tablet', '5x20', 65, '10mg'),
(567, 'FOCIN', 'tablet', '1X10', 70, '500mg'),
(568, 'Ceremin', 'tablet', '3x10', 69, '800mg'),
(569, 'Valtec', 'tablet', '2x14', 70, '40mg'),
(570, 'Valtec', 'tablet', '2x14', 70, '80mg'),
(571, 'Voltec AM', 'tablet', '2X14', 70, '5/80mg'),
(572, 'Voltec AM', 'tablet', '2X14', 70, '5/160MG'),
(573, 'Voltec AM', 'tablet', '2X14', 70, '10/160mg'),
(574, 'Co-valtec', 'tablet', '2x14', 70, '160/25mg'),
(575, 'Co-veltec', 'tablet', '2x14', 70, '160/12.5mg'),
(576, 'Co-valtec', 'tablet', '2x14', 70, '80/12.5mg'),
(577, 'Augmentin', 'tablet', '1x6', 65, '1000mg'),
(578, 'Augmentin', 'tablet', '1x6', 65, '625mg'),
(579, 'Augmentin', 'tablet', '1x6', 65, '375mg'),
(580, 'Fasteso', 'tablet', '2x7', 85, '20mg'),
(581, 'Fasteso', 'tablet', '2x7', 85, '40mg'),
(582, 'Coca-cola', 'beverage', '1x1', 89, '500ml'),
(583, 'Coca-cola', 'beverage', '1x1', 89, '1L'),
(584, 'Coca-cola', 'beverage', '1x1', 89, '250ml'),
(585, 'Coca-cola', 'beverage', '1x1', 89, '1.5L'),
(586, 'Coca-cola', 'beverage', '1x1', 89, '2.25L'),
(587, 'Dew', 'beverage', '1x1', 89, '250ml'),
(588, 'Dew', 'beverage', '1x1', 89, '500ml'),
(589, 'Dew', 'beverage', '1x1', 89, '1L'),
(590, 'Dew', 'beverage', '1x1', 89, '1.5L'),
(591, 'Dew', 'beverage', '1x1', 89, '2.25L'),
(592, 'Conitmycin', 'capsule', '10x10', 72, '100mg'),
(593, 'valtec AM', 'tablet', '2x14', 70, '5/80mg'),
(594, 'Valtec AM', 'tablet', '2x14', 70, '160/25mg'),
(595, 'Valtec AM', 'tablet', '2x14', 70, '5/160mg'),
(596, 'Valtec AM', 'tablet', '2x14', 70, '10/160mg'),
(597, 'Valtec', 'tablet', '2x14', 70, '160mg'),
(598, 'Maxamine', 'capsule', '3x10', 72, '500mcg'),
(599, 'Tarivid', 'tablet', '1x10', 16, '200mg'),
(600, 'Tarivid', 'tablet', '1x10', 16, '400mg'),
(601, 'Calcium-p', 'syrup', '1x1', 90, '120ml'),
(602, 'Eptiza', 'syrup', '1x1', 91, '120ml'),
(603, 'Appetiza', 'syrup', '1x1', 93, '120ml'),
(604, 'Pelton-C', 'syrup', '1x1', 94, '120ml'),
(605, 'Pelton-V', 'syrup', '1x1', 94, '120ml'),
(606, 'Disprol', 'syrup', '1x1', 94, '60ml'),
(607, 'Ulsanic', 'syrup', '1x1', 86, '60ml'),
(608, 'Sangobion', 'syrup', '1x1', 87, '120ml'),
(609, 'Multibionta', 'syrup', '1x1', 87, '120ml'),
(610, 'Malcifer-F', 'syrup', '1x1', 87, '120ml'),
(611, 'Polybion forte', 'syrup', '1x1', 87, '120ml'),
(612, 'Xival', 'syrup', '1x1', 32, '100mg/60ml'),
(613, 'kuf leaf', 'syrup', '1x1', 32, '120ml'),
(614, 'Citralka', 'syrup', '1x1', 95, '120ml'),
(615, 'Panadol', 'syrup', '1x1', 65, '120ml'),
(616, 'Panadol Forte', 'syrup', '1x1', 65, '120ml'),
(617, 'Panadol', 'drop', '1x1', 65, '35ml'),
(618, 'Gaviscon', 'syrup', '1x1', 19, '120ml'),
(619, 'Gaviscon Advanced', 'syrup', '1x1', 19, '120ml'),
(620, 'Pulmonal', 'syrup', '1x1', 96, '120ml'),
(621, 'Laxoberon', 'syrup', '1x1', 87, '120ml'),
(622, 'Adicos', 'syrup', '1x1', 97, '120ml'),
(623, 'Pacific Jack/jell', 'syrup', '1x1', 98, '120ml'),
(624, 'Pacific DM', 'syrup', '1x1', 98, '120ml'),
(625, 'Colenticon gel', 'syrup', '1x1', 98, '60ml'),
(626, 'Brufed', 'syrup', '1x1', 99, '60ml'),
(627, 'Ibo-Z', 'syrup', '1x1', 99, '60ml'),
(628, 'Venax', 'syrup', '1x1', 100, '120ml'),
(629, 'Siroline', 'syrup', '1x1', 101, '120ml'),
(630, 'Histamol-D', 'syrup', '1x1', 102, '120ml'),
(631, 'Cestonil Plus', 'syrup', '1x1', 103, '120ml'),
(632, 'Cestonil', 'syrup', '1x1', 103, '120ml'),
(633, 'Sucfate', 'syrup', '1x1', 104, '60ml'),
(634, 'Zatofen', 'syrup', '1x1', 76, '60ml'),
(635, 'Atarax', 'tablet', '2x25', 65, '10mg'),
(636, 'Atarax', 'tablet', '2x25', 65, '25mg'),
(637, 'Esocue', 'capsule', '2x7', 105, '20mg'),
(638, 'Esocue', 'capsule', '2x7', 105, '40mg'),
(639, 'Amoxi-clav', 'tablet', '2x3', 105, '625mg'),
(640, 'Amoxi-clav', 'capsule', '2x3', 105, '1000mg'),
(641, 'Amoxi-clav', 'capsule', '2x3', 105, '375mg'),
(642, 'T-day', 'tablet', '3x10', 65, '5mg'),
(643, 'Quvasc', 'tablet', '2x10', 105, '10mg'),
(644, 'Azomax', 'capsule', '2x6', 105, '250mg'),
(645, 'Axcin', 'tablet', '1x10', 105, '500mg'),
(646, 'Axcin', 'tablet', '1x10', 105, '250mg'),
(647, 'Librax', 'tablet', '3x10', 87, '5+2.5mg'),
(648, 'Zatofen', 'tablet', '3x10', 76, '1mg'),
(649, 'Quvasc', 'tablet', '2x10', 105, '2.5mg'),
(650, 'Azomax', 'tablet', '2x3', 105, '500mg'),
(651, 'Nocid', 'tablet', '2x10', 16, '20mg'),
(652, 'Nocid', 'tablet', '2x10', 105, '40mg'),
(653, 'laxoberon', 'tablet', '10x10', 87, '5mg'),
(654, 'Neurobion', 'tablet', '10x10', 87, 'b1/b2/b3'),
(655, 'Neuro Bedoxine', 'tablet', '10x10x', 69, 'plus'),
(656, 'Neuromet', 'tablet', '10x10', 87, '500mcg'),
(657, 'Dilatrend', 'tablet', '1x10', 87, '12.5mg'),
(658, 'Clomfranil', 'tablet', '10x10', 76, '25mg'),
(659, 'Safepram', 'tablet', '1x10', 87, '10mg'),
(660, 'Prelin', 'capsule', '2x7', 87, '50mg'),
(661, 'Prelin', 'capsule', '2x7', 87, '75mg'),
(662, 'Sangobion', 'capsule', '3x10', 87, 'iron+bcomp'),
(663, 'Multibionta', 'capsule', '2x10', 87, 'multi vitamins'),
(664, 'Synflex', 'tablet', '2x10', 87, '550mg'),
(665, 'Proxen', 'tablet', '2x10', 87, '500mg'),
(666, 'Proxen', 'tablet', '2x10', 87, '250mg'),
(667, 'Polybion', 'capsule', '2x10', 87, 'Z'),
(668, 'Glucovance', 'tablet', '2x15', 87, '500/5mg'),
(669, 'Glucovance', 'tablet', '2x15', 87, '250/12.5mg'),
(670, 'Glucovance', 'tablet', '2x15', 87, '500/2.5mg'),
(671, 'Glucophage', 'tablet', '5x10', 87, '500mg'),
(672, 'Glucophage', 'tablet', '5x10', 87, '250mg'),
(673, 'Glucophage', 'tablet', '5x10', 87, '1g'),
(674, 'Glucophage', 'tablet', '3x10', 87, '850mg'),
(675, 'Glucophage XR', 'tablet', '3x10', 87, '750mg'),
(676, 'Canrec', 'tablet', '2x7', 87, '16mg'),
(677, 'Neoprox', 'tablet', '3x10', 87, '250mg'),
(678, 'Tizorel', 'tablet', '1x10', 87, '2mg'),
(679, 'Glipotim', 'tablet', '2x10', 87, '2mg'),
(680, 'Glioptim', 'tablet', '2x10', 87, '4mg'),
(681, 'Levomerc', 'tablet', '1x10', 87, '250mg'),
(682, 'Infexin', 'capsule', '2x6', 87, '500mg'),
(683, 'Neoprox', 'tablet', '2x10', 87, '500mg'),
(684, 'Levomerc', 'tablet', '1x10', 87, '500mg'),
(685, 'Depex', 'capsule', '1x10', 87, '20mg'),
(686, 'Pcam', 'tablet', '2x10', 87, '20mg'),
(687, 'Concor', 'tablet', '1x14', 87, '10mg'),
(688, 'Concor', 'tablet', '1x14', 87, '5mg'),
(689, 'Concor', 'tablet', '1x14', 87, '2.5mg'),
(690, 'Co-diovan', 'tablet', '2x14', 76, '160/25mg'),
(691, 'Epival', 'syrup', '1x1', 42, '120ml'),
(692, 'Protium', 'tablet', '1x14', 42, '40mg'),
(693, 'Prelin', 'capsule', '2x7', 87, '100mg'),
(694, 'VIMAX', 'capsule', '3X10', 106, '50/150/225MG'),
(695, 'Galza-Met', 'tablet', '2x7', 96, '50/850mg'),
(696, 'Galza-Met', 'tablet', '2x7', 96, '50/1000mg'),
(697, 'Once A day', 'tablet', '2x10', 96, 'Men'),
(698, 'Once A Day', 'tablet', '2x10', 96, 'women'),
(699, 'PioMet', 'tablet', '2x7', 96, '15mg/850mg'),
(700, 'PioMet', 'tablet', '2x7', 96, '15/500mg');

-- --------------------------------------------------------

--
-- Table structure for table `migrations`
--

CREATE TABLE `migrations` (
  `id` int(10) UNSIGNED NOT NULL,
  `migration` varchar(191) COLLATE utf8mb4_unicode_ci NOT NULL,
  `batch` int(11) NOT NULL
) ENGINE=InnoDB DEFAULT CHARSET=utf8mb4 COLLATE=utf8mb4_unicode_ci;

-- --------------------------------------------------------

--
-- Table structure for table `notifications`
--

CREATE TABLE `notifications` (
  `id` int(36) NOT NULL,
  `type` varchar(191) COLLATE utf8mb4_unicode_ci NOT NULL,
  `notifiable_type` varchar(191) COLLATE utf8mb4_unicode_ci NOT NULL,
  `notifiable_id` bigint(20) UNSIGNED NOT NULL,
  `data` text COLLATE utf8mb4_unicode_ci NOT NULL,
  `read_at` timestamp NULL DEFAULT NULL,
  `created_at` timestamp NULL DEFAULT NULL,
  `updated_at` timestamp NULL DEFAULT NULL
) ENGINE=InnoDB DEFAULT CHARSET=utf8mb4 COLLATE=utf8mb4_unicode_ci;

-- --------------------------------------------------------

--
-- Table structure for table `password_resets`
--

CREATE TABLE `password_resets` (
  `email` varchar(191) COLLATE utf8mb4_unicode_ci NOT NULL,
  `token` varchar(191) COLLATE utf8mb4_unicode_ci NOT NULL,
  `created_at` timestamp NULL DEFAULT NULL
) ENGINE=InnoDB DEFAULT CHARSET=utf8mb4 COLLATE=utf8mb4_unicode_ci;

-- --------------------------------------------------------

--
-- Table structure for table `payment_cheque_receipt_imgs`
--

CREATE TABLE `payment_cheque_receipt_imgs` (
  `id` int(10) UNSIGNED NOT NULL,
  `img` varchar(191) COLLATE utf8mb4_unicode_ci NOT NULL,
  `fk_payment_id` int(10) UNSIGNED NOT NULL
) ENGINE=InnoDB DEFAULT CHARSET=utf8mb4 COLLATE=utf8mb4_unicode_ci;

-- --------------------------------------------------------

--
-- Table structure for table `purchased_qty`
--

CREATE TABLE `purchased_qty` (
  `id` int(10) UNSIGNED NOT NULL,
  `qty` decimal(10,2) NOT NULL,
  `fk_purchase_price_id` int(10) UNSIGNED NOT NULL,
  `fk_sale_item_id` int(10) UNSIGNED NOT NULL
) ENGINE=InnoDB DEFAULT CHARSET=utf8mb4 COLLATE=utf8mb4_unicode_ci;

--
-- Dumping data for table `purchased_qty`
--

INSERT INTO `purchased_qty` (`id`, `qty`, `fk_purchase_price_id`, `fk_sale_item_id`) VALUES
(1, '1.00', 477, 1),
(2, '1.00', 497, 2),
(3, '8.00', 566, 3),
(4, '30.00', 537, 4),
(5, '1.00', 468, 5),
(6, '1.00', 52, 6),
(7, '1.00', 579, 7),
(8, '1.00', 464, 8),
(9, '10.00', 549, 9),
(10, '10.00', 633, 10),
(11, '14.00', 637, 11),
(12, '1.00', 579, 12),
(13, '2.00', 576, 13),
(14, '1.00', 572, 14),
(15, '1.00', 496, 15),
(16, '1.00', 486, 16),
(17, '10.00', 698, 17),
(18, '1.00', 573, 18),
(19, '10.00', 660, 19),
(20, '1.00', 687, 20),
(21, '1.00', 815, 21),
(22, '10.00', 724, 22),
(23, '5.00', 716, 23),
(24, '1.00', 3, 24),
(25, '28.00', 843, 25),
(26, '6.00', 840, 26),
(27, '20.00', 851, 27),
(28, '10.00', 744, 28),
(29, '10.00', 700, 29),
(30, '10.00', 884, 30),
(31, '10.00', 825, 31),
(32, '10.00', 695, 32),
(33, '10.00', 698, 33),
(34, '10.00', 732, 34),
(35, '1.00', 624, 35),
(36, '1.00', 984, 36),
(37, '28.00', 857, 37),
(38, '1.00', 594, 38),
(39, '1.00', 461, 39);

-- --------------------------------------------------------

--
-- Table structure for table `purchase_price_history`
--

CREATE TABLE `purchase_price_history` (
  `id` int(10) UNSIGNED NOT NULL,
  `price` decimal(10,2) NOT NULL,
  `date` date NOT NULL,
  `fk_inventory_id` int(10) UNSIGNED NOT NULL
) ENGINE=InnoDB DEFAULT CHARSET=utf8mb4 COLLATE=utf8mb4_unicode_ci;

--
-- Dumping data for table `purchase_price_history`
--

INSERT INTO `purchase_price_history` (`id`, `price`, `date`, `fk_inventory_id`) VALUES
(1, '120.00', '2018-10-29', 1),
(2, '250.00', '2018-10-29', 67),
(3, '80.00', '2018-10-29', 63),
(4, '150.00', '2018-10-29', 65),
(5, '100.00', '2018-10-29', 64),
(6, '190.00', '2018-10-29', 62),
(7, '60.00', '2018-10-29', 35),
(8, '60.00', '2018-10-29', 34),
(9, '40.00', '2018-10-29', 25),
(10, '300.00', '2018-10-29', 74),
(11, '75.00', '2018-10-29', 46),
(12, '80.00', '2018-10-29', 49),
(13, '100.00', '2018-10-29', 145),
(14, '190.00', '2018-10-29', 69),
(15, '210.00', '2018-10-29', 70),
(16, '200.00', '2018-10-29', 75),
(17, '200.00', '2018-10-29', 3),
(18, '280.00', '2018-10-29', 4),
(19, '360.00', '2018-10-29', 5),
(20, '200.00', '2018-10-29', 6),
(21, '150.00', '2018-10-29', 7),
(22, '160.00', '2018-10-29', 146),
(23, '140.00', '2018-10-29', 147),
(24, '200.00', '2018-10-29', 9),
(25, '320.00', '2018-10-29', 8),
(26, '200.00', '2018-10-29', 10),
(27, '350.00', '2018-10-29', 11),
(28, '170.00', '2018-10-29', 12),
(29, '190.00', '2018-10-29', 13),
(30, '100.00', '2018-10-29', 14),
(31, '160.00', '2018-10-29', 15),
(32, '200.00', '2018-10-29', 17),
(33, '150.00', '2018-10-29', 18),
(34, '100.00', '2018-10-29', 19),
(35, '150.00', '2018-10-29', 20),
(36, '70.00', '2018-10-29', 21),
(37, '50.00', '2018-10-29', 23),
(38, '130.00', '2018-10-29', 22),
(39, '200.00', '2018-10-29', 24),
(40, '50.00', '2018-10-29', 27),
(41, '120.00', '2018-10-29', 30),
(42, '100.00', '2018-10-29', 36),
(43, '100.00', '2018-10-29', 37),
(44, '200.00', '2018-10-29', 38),
(45, '300.00', '2018-10-29', 39),
(47, '250.00', '2018-10-29', 40),
(50, '350.00', '2018-10-29', 41),
(52, '200.00', '2018-10-29', 42),
(54, '300.00', '2018-10-29', 44),
(57, '170.00', '2018-10-29', 45),
(59, '300.00', '2018-10-29', 47),
(61, '270.00', '2018-10-29', 48),
(64, '80.00', '2018-10-29', 50),
(66, '250.00', '2018-10-29', 51),
(68, '160.00', '2018-10-29', 52),
(71, '75.00', '2018-10-29', 53),
(72, '200.00', '2018-10-29', 17),
(73, '60.00', '2018-10-29', 54),
(75, '200.00', '2018-10-29', 56),
(78, '30.00', '2018-10-29', 57),
(80, '40.00', '2018-10-29', 58),
(82, '50.00', '2018-10-29', 60),
(85, '90.00', '2018-10-29', 59),
(87, '130.00', '2018-10-29', 61),
(89, '90.00', '2018-10-29', 26),
(92, '530.00', '2018-10-29', 144),
(93, '200.00', '2018-10-29', 38),
(94, '200.00', '2018-10-29', 28),
(97, '190.00', '2018-10-29', 29),
(101, '150.00', '2018-10-29', 31),
(104, '100.00', '2018-10-29', 32),
(108, '100.00', '2018-10-29', 33),
(238, '200.00', '2018-10-29', 38),
(266, '200.00', '2018-10-29', 38),
(269, '200.00', '2018-10-29', 38),
(270, '200.00', '2018-10-29', 38),
(277, '170.00', '2018-10-29', 45),
(286, '200.00', '2018-10-29', 38),
(407, '200.00', '2018-10-29', 38),
(449, '280.00', '2018-10-29', 76),
(450, '280.00', '2018-10-29', 77),
(451, '280.00', '2018-10-29', 78),
(452, '190.00', '2018-10-29', 79),
(453, '160.00', '2018-10-29', 80),
(454, '240.00', '2018-10-29', 81),
(455, '200.00', '2018-10-29', 83),
(456, '240.00', '2018-10-29', 82),
(457, '190.00', '2018-10-29', 84),
(458, '190.00', '2018-10-29', 87),
(459, '220.00', '2018-10-29', 86),
(460, '190.00', '2018-10-29', 85),
(461, '280.00', '2018-10-29', 2),
(462, '218.00', '2018-10-29', 88),
(463, '208.00', '2018-10-29', 89),
(464, '168.00', '2018-10-29', 91),
(465, '168.00', '2018-10-29', 92),
(466, '178.00', '2018-10-29', 90),
(467, '168.00', '2018-10-29', 92),
(468, '355.00', '2018-10-29', 93),
(469, '355.00', '2018-10-29', 93),
(470, '900.00', '2018-10-29', 99),
(471, '427.00', '2018-10-29', 97),
(472, '427.00', '2018-10-29', 98),
(473, '254.00', '2018-10-29', 100),
(474, '245.00', '2018-10-29', 101),
(475, '236.00', '2018-10-29', 102),
(476, '236.00', '2018-10-29', 102),
(477, '236.00', '2018-10-29', 103),
(478, '462.00', '2018-10-29', 107),
(479, '462.00', '2018-10-29', 106),
(480, '462.00', '2018-10-29', 105),
(481, '727.00', '2018-10-29', 126),
(482, '727.00', '2018-10-29', 127),
(483, '427.00', '2018-10-29', 97),
(484, '418.00', '2018-10-29', 96),
(485, '1679.00', '2018-10-29', 108),
(486, '1679.00', '2018-10-29', 108),
(487, '1679.00', '2018-10-29', 109),
(488, '772.00', '2018-10-29', 112),
(489, '772.00', '2018-10-29', 113),
(490, '846.00', '2018-10-29', 114),
(491, '920.00', '2018-10-29', 115),
(492, '1037.00', '2018-10-29', 116),
(493, '850.00', '2018-10-29', 123),
(494, '850.00', '2018-10-29', 124),
(495, '850.00', '2018-10-29', 125),
(496, '1726.00', '2018-10-30', 118),
(497, '800.00', '2018-10-30', 119),
(498, '800.00', '2018-10-30', 120),
(499, '1726.00', '2018-10-30', 121),
(500, '800.00', '2018-10-30', 148),
(501, '770.00', '2018-10-30', 132),
(502, '770.00', '2018-10-30', 131),
(503, '1302.00', '2018-10-30', 117),
(504, '4.00', '2018-10-30', 150),
(505, '30.00', '2018-10-30', 151),
(506, '6.72', '2018-10-30', 152),
(507, '9.18', '2018-10-30', 153),
(508, '17.00', '2018-10-30', 154),
(509, '4.73', '2018-10-30', 155),
(510, '7.14', '2018-10-30', 156),
(511, '14.26', '2018-10-30', 157),
(512, '7.31', '2018-10-30', 158),
(513, '11.82', '2018-10-30', 159),
(514, '15.42', '2018-10-30', 160),
(515, '38.68', '2018-10-30', 161),
(516, '11.90', '2018-10-30', 162),
(517, '5.95', '2018-10-30', 163),
(518, '2.04', '2018-10-30', 164),
(519, '3.66', '2018-10-30', 165),
(520, '498.95', '2018-10-30', 166),
(521, '17.68', '2018-10-30', 170),
(522, '4.76', '2018-10-30', 195),
(523, '31.88', '2018-10-30', 171),
(524, '5.27', '2018-10-30', 172),
(525, '5.27', '2018-10-30', 172),
(526, '13.77', '2018-10-30', 167),
(527, '31.45', '2018-10-30', 174),
(528, '39.95', '2018-10-30', 175),
(529, '90.95', '2018-10-30', 176),
(530, '53.55', '2018-10-30', 196),
(531, '90.95', '2018-10-30', 197),
(532, '15.98', '2018-10-30', 209),
(533, '18.87', '2018-10-30', 200),
(534, '53.72', '2018-10-30', 199),
(535, '31.58', '2018-10-30', 198),
(536, '15.98', '2018-10-30', 207),
(537, '0.77', '2018-10-30', 201),
(538, '4.02', '2018-10-30', 202),
(539, '1.43', '2018-10-30', 203),
(540, '42.25', '2018-10-30', 204),
(541, '7.48', '2018-10-30', 205),
(542, '14.66', '2018-10-30', 206),
(543, '40.25', '2018-10-30', 211),
(544, '17.00', '2018-10-30', 212),
(545, '1.11', '2018-10-30', 213),
(546, '36.72', '2018-10-30', 214),
(547, '38.25', '2018-10-30', 215),
(548, '28.31', '2018-10-30', 216),
(549, '7.48', '2018-10-30', 217),
(550, '15.05', '2018-10-30', 218),
(551, '2.76', '2018-10-30', 219),
(552, '1.70', '2018-10-30', 220),
(553, '1.00', '2018-10-30', 221),
(554, '1.36', '2018-10-30', 222),
(555, '0.85', '2018-10-30', 223),
(556, '42.67', '2018-10-30', 224),
(557, '48.88', '2018-10-30', 226),
(558, '61.01', '2018-10-30', 225),
(559, '62.22', '2018-10-30', 225),
(560, '73.95', '2018-10-30', 227),
(561, '34.85', '2018-10-30', 230),
(562, '12.75', '2018-10-30', 231),
(563, '3.83', '2018-10-30', 232),
(564, '18.70', '2018-10-30', 233),
(565, '4.59', '2018-10-30', 229),
(566, '3.74', '2018-10-30', 228),
(567, '85.00', '2018-10-30', 234),
(568, '10.03', '2018-10-30', 235),
(569, '1.38', '2018-10-30', 236),
(570, '1.39', '2018-10-30', 236),
(571, '10.84', '2018-10-30', 237),
(572, '72.25', '2018-10-31', 177),
(573, '59.50', '2018-10-31', 178),
(574, '30.96', '2018-10-31', 179),
(575, '30.96', '2018-10-31', 180),
(576, '55.61', '2018-10-31', 181),
(577, '145.35', '2018-10-31', 182),
(578, '53.55', '2018-10-31', 183),
(579, '43.71', '2018-10-31', 184),
(580, '52.81', '2018-10-31', 185),
(581, '92.77', '2018-10-31', 186),
(582, '51.85', '2018-10-31', 334),
(583, '70.85', '2018-10-31', 187),
(584, '65.89', '2018-10-31', 189),
(585, '47.36', '2018-10-31', 190),
(586, '68.00', '2018-10-31', 194),
(587, '123.25', '2018-10-31', 238),
(588, '97.75', '2018-10-31', 239),
(589, '97.75', '2018-10-31', 240),
(590, '97.75', '2018-10-31', 241),
(591, '63.75', '2018-10-31', 243),
(592, '71.40', '2018-10-31', 242),
(593, '44.91', '2018-10-31', 244),
(594, '72.85', '2018-10-31', 245),
(595, '55.88', '2018-10-31', 246),
(596, '43.72', '2018-10-31', 247),
(597, '29.75', '2018-10-31', 248),
(598, '24.65', '2018-10-31', 249),
(599, '24.65', '2018-10-31', 249),
(600, '260.10', '2018-10-31', 250),
(601, '260.10', '2018-10-31', 250),
(602, '85.00', '2018-10-31', 251),
(603, '34.00', '2018-10-31', 252),
(604, '254.15', '2018-10-31', 254),
(605, '44.83', '2018-10-31', 255),
(606, '44.83', '2018-10-31', 255),
(607, '33.92', '2018-10-31', 256),
(608, '33.92', '2018-10-31', 256),
(609, '25.68', '2018-10-31', 257),
(610, '33.84', '2018-10-31', 258),
(611, '15.14', '2018-10-31', 259),
(612, '15.14', '2018-10-31', 259),
(613, '15.14', '2018-10-31', 259),
(614, '41.89', '2018-10-31', 260),
(615, '55.25', '2018-10-31', 262),
(616, '55.25', '2018-10-31', 262),
(617, '55.25', '2018-10-31', 262),
(618, '78.33', '2018-10-31', 263),
(619, '76.73', '2018-10-31', 263),
(620, '134.66', '2018-10-31', 264),
(621, '125.80', '2018-10-31', 265),
(622, '140.25', '2018-10-31', 266),
(623, '128.31', '2018-10-31', 267),
(624, '59.29', '2018-10-31', 268),
(625, '68.00', '2018-10-31', 269),
(626, '442.85', '2018-10-31', 191),
(627, '290.70', '2018-10-31', 192),
(628, '175.53', '2018-10-31', 193),
(629, '5.44', '2018-10-31', 290),
(630, '5.44', '2018-10-31', 290),
(631, '1.79', '2018-10-31', 291),
(632, '9.61', '2018-10-31', 289),
(633, '4.93', '2018-10-31', 287),
(634, '6.80', '2018-10-31', 286),
(635, '10.48', '2018-10-31', 295),
(636, '5.35', '2018-10-31', 296),
(637, '16.08', '2018-10-31', 298),
(638, '14.03', '2018-10-31', 297),
(639, '14.03', '2018-10-31', 297),
(640, '4.17', '2018-10-31', 283),
(641, '4.17', '2018-10-31', 283),
(642, '11.79', '2018-10-31', 285),
(643, '6.97', '2018-10-31', 284),
(644, '6.97', '2018-10-31', 284),
(645, '44.92', '2018-10-31', 282),
(646, '44.92', '2018-10-31', 282),
(647, '44.92', '2018-10-31', 281),
(648, '44.92', '2018-10-31', 281),
(649, '44.65', '2018-10-31', 279),
(650, '44.65', '2018-10-31', 279),
(651, '44.65', '2018-10-31', 280),
(652, '34.64', '2018-10-31', 273),
(653, '40.19', '2018-10-31', 274),
(654, '39.10', '2018-10-31', 275),
(655, '65.45', '2018-10-31', 276),
(656, '70.36', '2018-10-31', 277),
(657, '59.50', '2018-10-31', 299),
(658, '4.28', '2018-10-31', 300),
(659, '4.28', '2018-10-31', 300),
(660, '5.14', '2018-10-31', 302),
(661, '9.32', '2018-10-31', 303),
(662, '10.38', '2018-10-31', 304),
(663, '34.00', '2018-10-31', 306),
(664, '17.24', '2018-10-31', 307),
(665, '17.24', '2018-10-31', 307),
(666, '11.83', '2018-10-31', 308),
(667, '15.78', '2018-10-31', 309),
(668, '3.06', '2018-10-31', 288),
(669, '29.75', '2018-10-31', 301),
(670, '1.08', '2018-10-31', 353),
(671, '14.48', '2018-10-31', 315),
(672, '9.54', '2018-10-31', 314),
(673, '9.82', '2018-10-31', 314),
(674, '4.25', '2018-10-31', 499),
(675, '8.76', '2018-10-31', 317),
(676, '145.35', '2018-10-31', 182),
(677, '8.76', '2018-10-31', 388),
(678, '10.48', '2018-10-31', 387),
(679, '23.38', '2018-10-31', 389),
(680, '49.30', '2018-10-31', 384),
(681, '175.95', '2018-10-31', 379),
(682, '63.75', '2018-10-31', 382),
(683, '101.15', '2018-10-31', 386),
(684, '85.85', '2018-10-31', 383),
(685, '75.65', '2018-10-31', 381),
(686, '135.15', '2018-10-31', 385),
(687, '148.75', '2018-10-31', 377),
(688, '81.60', '2018-10-31', 380),
(689, '17.17', '2018-10-31', 371),
(690, '34.72', '2018-10-31', 373),
(691, '12.99', '2018-10-31', 372),
(692, '57.04', '2018-10-31', 375),
(693, '85.00', '2018-10-31', 500),
(694, '29.41', '2018-10-31', 338),
(695, '31.54', '2018-10-31', 374),
(696, '7.46', '2018-10-31', 368),
(697, '12.41', '2018-10-31', 369),
(698, '3.40', '2018-10-31', 367),
(699, '36.98', '2018-10-31', 365),
(700, '22.95', '2018-10-31', 364),
(701, '4.12', '2018-10-31', 362),
(702, '8.29', '2018-10-31', 363),
(703, '6.68', '2018-10-31', 361),
(704, '14.42', '2018-10-31', 359),
(705, '13.40', '2018-10-31', 360),
(706, '8.27', '2018-10-31', 358),
(707, '2.60', '2018-10-31', 357),
(708, '2.60', '2018-10-31', 357),
(709, '1.44', '2018-10-31', 356),
(710, '2.45', '2018-10-31', 350),
(711, '1.29', '2018-10-31', 349),
(712, '3.17', '2018-10-31', 355),
(713, '3.95', '2018-10-31', 354),
(714, '9.69', '2018-10-31', 348),
(715, '5.40', '2018-10-31', 347),
(716, '4.62', '2018-10-31', 345),
(717, '7.14', '2018-10-31', 351),
(718, '7.14', '2018-10-31', 351),
(719, '30.60', '2018-10-31', 340),
(720, '43.35', '2018-10-31', 342),
(721, '26.35', '2018-10-31', 339),
(722, '1.19', '2018-10-31', 344),
(723, '2.80', '2018-10-31', 343),
(724, '18.62', '2018-10-31', 337),
(725, '4.36', '2018-10-31', 336),
(726, '2.21', '2018-10-31', 335),
(727, '35.36', '2018-10-31', 334),
(728, '31.96', '2018-10-31', 333),
(729, '108.80', '2018-10-31', 332),
(730, '82.45', '2018-10-31', 331),
(731, '11.94', '2018-10-31', 316),
(732, '14.49', '2018-10-31', 305),
(733, '5.49', '2018-10-31', 318),
(734, '7.25', '2018-10-31', 319),
(735, '12.42', '2018-10-31', 311),
(736, '2.28', '2018-10-31', 312),
(737, '5.42', '2018-10-31', 310),
(738, '7.06', '2018-10-31', 319),
(739, '7.06', '2018-10-31', 320),
(740, '7.06', '2018-10-31', 330),
(741, '19.81', '2018-10-31', 323),
(742, '22.02', '2018-10-31', 321),
(743, '25.67', '2018-10-31', 322),
(744, '17.43', '2018-10-31', 325),
(745, '20.99', '2018-10-31', 324),
(746, '403.75', '2018-10-31', 326),
(747, '135.15', '2018-10-31', 329),
(748, '452.20', '2018-10-31', 328),
(749, '460.70', '2018-10-31', 328),
(750, '34.00', '2018-11-01', 400),
(751, '12.92', '2018-11-01', 401),
(752, '13.34', '2018-11-01', 403),
(753, '20.83', '2018-11-01', 405),
(754, '15.30', '2018-11-01', 406),
(755, '31.45', '2018-11-01', 404),
(756, '20.40', '2018-11-01', 411),
(757, '12.50', '2018-11-01', 402),
(758, '10.68', '2018-11-01', 580),
(759, '15.30', '2018-11-01', 581),
(760, '93.50', '2018-11-01', 417),
(761, '18.70', '2018-11-01', 407),
(762, '15.13', '2018-11-01', 418),
(763, '18.79', '2018-11-01', 419),
(764, '11.05', '2018-11-01', 420),
(765, '11.05', '2018-11-01', 420),
(766, '26.14', '2018-11-01', 421),
(767, '15.30', '2018-11-01', 422),
(768, '22.28', '2018-11-01', 396),
(769, '22.28', '2018-11-01', 396),
(770, '21.88', '2018-11-01', 394),
(771, '23.80', '2018-11-01', 397),
(772, '25.50', '2018-11-01', 390),
(773, '8.50', '2018-11-01', 393),
(774, '31.03', '2018-11-01', 391),
(775, '20.49', '2018-11-01', 392),
(776, '11.73', '2018-11-01', 398),
(777, '19.55', '2018-11-01', 399),
(778, '5.53', '2018-11-01', 423),
(779, '5.53', '2018-11-01', 424),
(780, '5.61', '2018-11-01', 425),
(781, '18.19', '2018-11-01', 427),
(782, '17.85', '2018-11-01', 428),
(783, '14.20', '2018-11-01', 429),
(784, '12.33', '2018-11-01', 430),
(785, '42.50', '2018-11-01', 431),
(786, '34.00', '2018-11-01', 432),
(787, '25.50', '2018-11-01', 433),
(788, '13.34', '2018-11-01', 434),
(789, '8.58', '2018-11-01', 435),
(790, '12.07', '2018-11-01', 441),
(791, '16.24', '2018-11-01', 442),
(792, '9.35', '2018-11-01', 440),
(793, '13.77', '2018-11-01', 437),
(794, '13.77', '2018-11-01', 438),
(795, '18.19', '2018-11-01', 439),
(796, '9.56', '2018-11-01', 443),
(797, '10.34', '2018-11-01', 443),
(798, '6.28', '2018-11-01', 444),
(799, '13.51', '2018-11-01', 445),
(800, '13.51', '2018-11-01', 445),
(801, '9.69', '2018-11-01', 446),
(802, '14.45', '2018-11-01', 447),
(803, '14.45', '2018-11-01', 447),
(804, '24.40', '2018-11-01', 451),
(805, '4.89', '2018-11-01', 448),
(806, '1.74', '2018-11-01', 449),
(807, '376.34', '2018-11-01', 450),
(808, '170.00', '2018-11-01', 452),
(809, '7.93', '2018-11-01', 453),
(810, '12.75', '2018-11-01', 454),
(811, '459.00', '2018-11-01', 455),
(812, '113.05', '2018-11-01', 501),
(813, '215.05', '2018-11-01', 502),
(814, '87.55', '2018-11-01', 503),
(815, '154.70', '2018-11-01', 505),
(816, '80.75', '2018-11-01', 504),
(817, '2.47', '2018-11-01', 506),
(818, '56.10', '2018-11-01', 507),
(819, '34.00', '2018-11-01', 508),
(820, '7.48', '2018-11-01', 509),
(821, '5.10', '2018-11-01', 512),
(822, '3.06', '2018-11-01', 510),
(823, '3.06', '2018-11-01', 511),
(824, '3.91', '2018-11-01', 513),
(825, '5.35', '2018-11-01', 514),
(826, '2.27', '2018-11-01', 515),
(827, '123.25', '2018-11-01', 520),
(828, '731.00', '2018-11-01', 526),
(829, '5.61', '2018-11-01', 516),
(830, '21.25', '2018-11-01', 527),
(831, '4.25', '2018-11-01', 525),
(832, '5.10', '2018-11-01', 521),
(833, '5.44', '2018-11-01', 524),
(834, '4.25', '2018-11-01', 523),
(835, '2.64', '2018-11-01', 522),
(836, '3.03', '2018-11-01', 518),
(837, '4.73', '2018-11-01', 517),
(838, '6.01', '2018-11-01', 519),
(839, '85.00', '2018-11-01', 579),
(840, '18.70', '2018-11-01', 578),
(841, '26.35', '2018-11-01', 577),
(842, '14.45', '2018-11-01', 574),
(843, '13.60', '2018-11-01', 575),
(844, '10.20', '2018-11-01', 576),
(845, '12.29', '2018-11-01', 593),
(846, '12.75', '2018-11-01', 597),
(847, '16.69', '2018-11-01', 595),
(848, '18.19', '2018-11-01', 596),
(849, '5.44', '2018-11-01', 592),
(850, '34.00', '2018-11-01', 496),
(851, '1.46', '2018-11-01', 495),
(852, '1.61', '2018-11-01', 497),
(853, '1.61', '2018-11-01', 497),
(854, '0.96', '2018-11-01', 498),
(855, '0.96', '2018-11-01', 498),
(856, '41.57', '2018-11-01', 485),
(857, '21.25', '2018-11-01', 492),
(858, '1.05', '2018-11-01', 494),
(859, '28.73', '2018-11-01', 487),
(860, '32.21', '2018-11-01', 487),
(861, '49.57', '2018-11-01', 490),
(862, '48.28', '2018-11-01', 491),
(863, '44.29', '2018-11-01', 488),
(864, '1.36', '2018-11-01', 483),
(865, '1.41', '2018-11-01', 483),
(866, '1.70', '2018-11-01', 484),
(867, '1.70', '2018-11-01', 484),
(868, '15.30', '2018-11-01', 482),
(869, '26.35', '2018-11-01', 480),
(870, '26.35', '2018-11-01', 480),
(871, '6.66', '2018-11-01', 477),
(872, '19.83', '2018-11-01', 479),
(873, '13.18', '2018-11-01', 478),
(874, '15.73', '2018-11-01', 475),
(875, '15.73', '2018-11-01', 475),
(876, '13.52', '2018-11-01', 476),
(877, '12.24', '2018-11-01', 476),
(878, '3.23', '2018-11-01', 473),
(879, '3.23', '2018-11-01', 473),
(880, '3.23', '2018-11-01', 473),
(881, '24.99', '2018-11-01', 474),
(882, '24.99', '2018-11-01', 474),
(883, '11.77', '2018-11-01', 472),
(884, '11.77', '2018-11-01', 472),
(885, '6.12', '2018-11-01', 471),
(886, '6.12', '2018-11-01', 471),
(887, '18.19', '2018-11-01', 469),
(888, '18.19', '2018-11-01', 469),
(889, '33.41', '2018-11-01', 468),
(890, '1.43', '2018-11-01', 470),
(891, '1.43', '2018-11-01', 470),
(892, '15.05', '2018-11-01', 467),
(893, '15.05', '2018-11-01', 467),
(894, '23.04', '2018-11-01', 465),
(895, '30.60', '2018-11-01', 464),
(896, '110.50', '2018-11-01', 463),
(897, '153.48', '2018-11-01', 462),
(898, '165.75', '2018-11-01', 461),
(899, '8.50', '2018-11-01', 460),
(900, '6.59', '2018-11-01', 459),
(901, '9.09', '2018-11-01', 457),
(902, '11.05', '2018-11-01', 458),
(903, '468.96', '2018-11-01', 456),
(904, '18.70', '2018-11-01', 561),
(905, '7.79', '2018-11-01', 562),
(906, '2.65', '2018-11-01', 558),
(907, '15.36', '2018-11-01', 556),
(908, '11.53', '2018-11-01', 557),
(909, '7.77', '2018-11-01', 554),
(910, '12.44', '2018-11-01', 555),
(911, '12.44', '2018-11-01', 555),
(912, '13.05', '2018-11-01', 551),
(913, '5.02', '2018-11-01', 553),
(914, '6.80', '2018-11-01', 569),
(915, '9.35', '2018-11-01', 570),
(916, '3.26', '2018-11-01', 598),
(917, '11.05', '2018-11-01', 567),
(918, '8.67', '2018-11-01', 568),
(919, '16.69', '2018-11-01', 563),
(920, '13.81', '2018-11-01', 565),
(921, '7.96', '2018-11-01', 564),
(922, '16.15', '2018-11-01', 559),
(923, '11.90', '2018-11-01', 560),
(924, '15.30', '2018-11-01', 561),
(925, '25.16', '2018-11-01', 599),
(926, '8.93', '2018-11-01', 552),
(927, '28.81', '2018-11-01', 550),
(928, '28.31', '2018-11-01', 549),
(929, '38.93', '2018-11-01', 548),
(930, '4.17', '2018-11-01', 546),
(931, '5.81', '2018-11-01', 547),
(932, '4.68', '2018-11-01', 543),
(933, '8.50', '2018-11-01', 544),
(934, '8.50', '2018-11-01', 544),
(935, '12.75', '2018-11-01', 545),
(936, '5.78', '2018-11-01', 542),
(937, '8.74', '2018-11-01', 541),
(938, '15.17', '2018-11-01', 540),
(939, '8.50', '2018-11-01', 539),
(940, '4.68', '2018-11-01', 537),
(941, '6.85', '2018-11-01', 536),
(942, '10.20', '2018-11-01', 538),
(943, '4.25', '2018-11-01', 535),
(944, '7.65', '2018-11-01', 534),
(945, '7.65', '2018-11-01', 534),
(946, '3.57', '2018-11-01', 533),
(947, '2.72', '2018-11-01', 532),
(948, '25.50', '2018-11-01', 530),
(949, '9.78', '2018-11-01', 531),
(950, '16.15', '2018-11-01', 529),
(951, '45.90', '2018-11-01', 601),
(952, '212.50', '2018-11-01', 602),
(953, '238.00', '2018-11-01', 603),
(954, '74.80', '2018-11-01', 604),
(955, '27.11', '2018-11-01', 606),
(956, '103.70', '2018-11-01', 607),
(957, '112.20', '2018-11-01', 607),
(958, '38.25', '2018-11-01', 608),
(959, '45.90', '2018-11-01', 609),
(960, '102.00', '2018-11-01', 610),
(961, '34.00', '2018-11-01', 611),
(962, '143.65', '2018-11-01', 612),
(963, '187.00', '2018-11-01', 613),
(964, '34.00', '2018-11-01', 614),
(965, '187.00', '2018-11-01', 613),
(966, '46.75', '2018-11-01', 615),
(967, '30.60', '2018-11-01', 617),
(968, '46.75', '2018-11-01', 616),
(969, '107.95', '2018-11-01', 619),
(970, '68.00', '2018-11-01', 620),
(971, '63.75', '2018-11-01', 621),
(972, '31.45', '2018-11-01', 622),
(973, '65.45', '2018-11-01', 618),
(974, '69.70', '2018-11-01', 623),
(975, '29.75', '2018-11-01', 626),
(976, '30.60', '2018-11-01', 627),
(977, '43.35', '2018-11-01', 628),
(978, '55.25', '2018-11-01', 629),
(979, '68.00', '2018-11-01', 630),
(980, '79.05', '2018-11-01', 631),
(981, '51.00', '2018-11-01', 632),
(982, '56.95', '2018-11-01', 633),
(983, '141.95', '2018-11-01', 271),
(984, '144.50', '2018-11-01', 272),
(985, '142.80', '2018-11-01', 270),
(986, '6.80', '2018-11-01', 286),
(987, '118.15', '2018-11-02', 691),
(988, '22.95', '2018-11-02', 364),
(989, '18.58', '2018-11-02', 366),
(990, '18.64', '2018-11-02', 337),
(991, '58.25', '2018-11-02', 690),
(992, '55.06', '2018-11-02', 692),
(993, '17.30', '2018-11-02', 676),
(994, '4.53', '2018-11-02', 677),
(995, '6.94', '2018-11-02', 678),
(996, '59.50', '2018-11-02', 683),
(997, '7.86', '2018-11-02', 686),
(998, '7.86', '2018-11-02', 685),
(999, '14.96', '2018-11-02', 682),
(1000, '10.37', '2018-11-02', 681),
(1001, '19.38', '2018-11-02', 684),
(1002, '9.48', '2018-11-02', 680),
(1003, '4.25', '2018-11-02', 679),
(1004, '17.85', '2018-11-02', 687),
(1005, '9.59', '2018-11-02', 688),
(1006, '3.64', '2018-11-02', 689),
(1007, '76.74', '2018-11-02', 634),
(1008, '0.56', '2018-11-02', 635),
(1009, '1.13', '2018-11-02', 636),
(1010, '11.73', '2018-11-02', 641),
(1011, '17.99', '2018-11-02', 639),
(1012, '23.21', '2018-11-02', 640),
(1013, '9.18', '2018-11-02', 637),
(1014, '4.85', '2018-11-02', 642),
(1015, '13.34', '2018-11-02', 643),
(1016, '28.73', '2018-11-02', 644),
(1017, '11.05', '2018-11-02', 646),
(1018, '21.25', '2018-11-02', 645),
(1019, '11.05', '2018-11-02', 646),
(1020, '7.99', '2018-11-02', 648),
(1021, '39.61', '2018-11-02', 650),
(1022, '39.61', '2018-11-02', 650),
(1023, '3.61', '2018-11-02', 649),
(1024, '9.78', '2018-11-02', 651),
(1025, '28.73', '2018-11-02', 644),
(1026, '3.40', '2018-11-02', 647),
(1027, '1.95', '2018-11-02', 653),
(1028, '4.55', '2018-11-02', 654),
(1029, '2.14', '2018-11-02', 655),
(1030, '4.01', '2018-11-02', 658),
(1031, '16.49', '2018-11-02', 657),
(1032, '16.49', '2018-11-02', 657),
(1033, '9.20', '2018-11-02', 656),
(1034, '39.44', '2018-11-02', 650),
(1035, '13.94', '2018-11-02', 659),
(1036, '11.26', '2018-11-02', 664),
(1037, '2.35', '2018-11-02', 663),
(1038, '10.97', '2018-11-02', 665),
(1039, '15.73', '2018-11-02', 661),
(1040, '11.53', '2018-11-02', 660),
(1041, '11.53', '2018-11-02', 660),
(1042, '2.89', '2018-11-02', 662),
(1043, '4.76', '2018-11-02', 667),
(1044, '2.58', '2018-11-02', 668),
(1045, '1.22', '2018-11-02', 669),
(1046, '2.18', '2018-11-02', 670),
(1047, '1.36', '2018-11-02', 671),
(1048, '0.78', '2018-11-02', 672),
(1049, '2.14', '2018-11-02', 673),
(1050, '5.78', '2018-11-02', 675),
(1051, '1.81', '2018-11-02', 674),
(1052, '20.03', '2018-11-02', 693),
(1053, '83.00', '2018-11-02', 694);

-- --------------------------------------------------------

--
-- Table structure for table `quantity_history`
--

CREATE TABLE `quantity_history` (
  `id` int(10) UNSIGNED NOT NULL,
  `qty` decimal(10,2) NOT NULL,
  `expiry` date NOT NULL,
  `fk_purchase_price_id` int(10) UNSIGNED NOT NULL,
  `fk_inventory_id` int(10) UNSIGNED NOT NULL
) ENGINE=InnoDB DEFAULT CHARSET=utf8mb4 COLLATE=utf8mb4_unicode_ci;

--
-- Dumping data for table `quantity_history`
--

INSERT INTO `quantity_history` (`id`, `qty`, `expiry`, `fk_purchase_price_id`, `fk_inventory_id`) VALUES
(1, '6.00', '2021-03-31', 1, 1),
(2, '3.00', '2021-01-31', 2, 67),
(3, '1.00', '2021-06-01', 3, 63),
(4, '2.00', '2021-07-31', 4, 65),
(5, '2.00', '2021-03-01', 5, 64),
(6, '4.00', '2019-04-30', 6, 62),
(7, '4.00', '2021-02-28', 7, 35),
(8, '3.00', '2021-03-31', 8, 34),
(9, '2.00', '2020-01-31', 9, 25),
(10, '1.00', '2018-12-31', 10, 74),
(11, '2.00', '2019-12-31', 11, 46),
(12, '5.00', '2021-02-28', 12, 49),
(13, '2.00', '2021-02-28', 13, 145),
(14, '1.00', '2019-09-30', 14, 69),
(15, '4.00', '2020-07-31', 15, 70),
(16, '14.00', '2020-12-31', 16, 75),
(17, '2.00', '2021-01-31', 17, 3),
(18, '5.00', '2020-12-31', 18, 4),
(19, '6.00', '2021-07-31', 19, 5),
(20, '7.00', '2021-03-31', 20, 6),
(21, '5.00', '2020-06-30', 21, 7),
(22, '9.00', '2021-06-30', 22, 146),
(23, '6.00', '2020-01-31', 23, 147),
(24, '4.00', '2021-01-31', 24, 9),
(25, '1.00', '2020-03-31', 25, 8),
(26, '6.00', '2020-01-31', 26, 10),
(27, '9.00', '2020-02-29', 27, 11),
(28, '2.00', '2019-11-30', 28, 12),
(29, '3.00', '2019-11-30', 29, 13),
(30, '5.00', '2020-06-30', 30, 14),
(31, '6.00', '2020-06-27', 31, 15),
(32, '9.00', '2020-04-30', 32, 17),
(33, '1.00', '2021-03-31', 33, 18),
(34, '2.00', '2021-03-31', 34, 19),
(35, '4.00', '2021-10-31', 35, 20),
(36, '1.00', '2021-10-30', 36, 21),
(37, '1.00', '2021-06-30', 37, 23),
(38, '1.00', '2020-12-31', 38, 22),
(39, '1.00', '2020-01-31', 39, 24),
(40, '1.00', '2019-10-31', 40, 27),
(41, '1.00', '2020-03-31', 41, 30),
(42, '13.00', '2020-09-30', 42, 36),
(43, '9.00', '2020-12-31', 43, 37),
(44, '1.00', '2020-02-29', 44, 38),
(45, '1.00', '2020-02-29', 45, 39),
(47, '3.00', '2020-02-29', 47, 40),
(50, '1.00', '2020-12-31', 50, 41),
(52, '2.00', '2019-04-30', 52, 42),
(54, '2.00', '2020-12-31', 54, 44),
(57, '2.00', '2021-03-31', 57, 45),
(59, '2.00', '2021-12-31', 59, 47),
(61, '2.00', '2020-12-31', 61, 48),
(64, '12.00', '2019-12-31', 64, 50),
(66, '1.00', '2019-05-31', 66, 51),
(68, '2.00', '2019-06-30', 68, 52),
(71, '5.00', '2019-07-31', 71, 53),
(73, '8.00', '2020-12-31', 73, 54),
(75, '2.00', '2020-12-31', 75, 56),
(78, '10.00', '2022-12-31', 78, 57),
(80, '9.00', '2023-12-30', 80, 58),
(82, '9.00', '2020-05-30', 82, 60),
(85, '6.00', '2021-02-28', 85, 59),
(87, '5.00', '2020-05-30', 87, 61),
(89, '1.00', '2023-02-28', 89, 26),
(92, '1.00', '2023-02-28', 92, 144),
(93, '1.00', '2020-02-29', 93, 38),
(94, '6.00', '2022-08-31', 94, 28),
(97, '2.00', '2023-02-28', 97, 29),
(101, '12.00', '2023-03-31', 101, 31),
(104, '3.00', '2021-02-28', 104, 32),
(108, '1.00', '2020-01-31', 108, 33),
(238, '1.00', '2020-02-29', 238, 38),
(266, '1.00', '2020-02-29', 266, 38),
(268, '1.00', '2020-02-29', 269, 38),
(269, '1.00', '2020-02-29', 270, 38),
(277, '2.00', '2021-03-31', 277, 45),
(287, '1.00', '2020-02-29', 286, 38),
(407, '1.00', '2020-02-29', 407, 38),
(449, '1.00', '2020-06-30', 449, 76),
(450, '6.00', '2019-09-30', 450, 77),
(451, '2.00', '2019-02-28', 451, 78),
(452, '1.00', '2020-04-30', 452, 79),
(453, '1.00', '2022-06-30', 453, 80),
(454, '3.00', '2020-08-31', 454, 81),
(455, '1.00', '2021-08-31', 455, 83),
(456, '1.00', '2019-08-31', 456, 82),
(457, '1.00', '2022-04-30', 457, 84),
(458, '1.00', '2020-08-31', 458, 87),
(459, '1.00', '2019-12-31', 459, 86),
(460, '1.00', '2019-10-31', 460, 85),
(461, '8.00', '2020-12-31', 461, 2),
(462, '2.00', '2020-01-31', 462, 88),
(463, '2.00', '2019-11-30', 463, 89),
(464, '2.00', '2019-12-31', 464, 91),
(465, '1.00', '2019-06-30', 465, 92),
(466, '1.00', '2019-12-31', 466, 90),
(467, '2.00', '2019-12-31', 467, 92),
(468, '1.00', '2020-01-31', 468, 93),
(469, '2.00', '2019-11-30', 469, 93),
(470, '1.00', '2019-06-30', 470, 99),
(471, '1.00', '2019-07-31', 471, 97),
(472, '2.00', '2019-09-30', 472, 98),
(473, '1.00', '2019-04-30', 473, 100),
(474, '3.00', '2019-09-30', 474, 101),
(475, '1.00', '2019-10-31', 475, 102),
(476, '3.00', '2019-09-30', 476, 102),
(477, '2.00', '2019-09-30', 477, 103),
(478, '1.00', '2019-07-31', 478, 107),
(479, '2.00', '2019-08-31', 479, 106),
(480, '2.00', '2019-08-31', 480, 105),
(481, '1.00', '2020-05-31', 481, 126),
(482, '1.00', '2019-04-30', 482, 127),
(483, '1.00', '2018-12-31', 483, 97),
(484, '3.00', '2020-01-31', 484, 96),
(485, '1.00', '2020-03-31', 485, 108),
(486, '1.00', '2020-06-30', 486, 108),
(487, '2.00', '2019-12-31', 487, 109),
(488, '3.00', '2020-05-31', 488, 112),
(489, '4.00', '2020-05-31', 489, 113),
(490, '2.00', '2020-04-30', 490, 114),
(491, '1.00', '2020-05-31', 491, 115),
(492, '1.00', '2020-05-31', 492, 116),
(493, '1.00', '2019-12-31', 493, 123),
(494, '1.00', '2019-12-31', 494, 124),
(495, '1.00', '2019-12-31', 495, 125),
(496, '0.00', '2019-12-30', 496, 118),
(497, '1.00', '2020-04-30', 497, 119),
(498, '2.00', '2020-04-30', 498, 120),
(499, '1.00', '2020-03-30', 499, 121),
(500, '2.00', '2020-03-30', 500, 148),
(501, '1.00', '2019-11-30', 501, 132),
(502, '1.00', '2019-11-30', 502, 131),
(503, '1.00', '2020-05-05', 503, 117),
(504, '10.00', '2019-03-31', 504, 150),
(505, '1.00', '2019-07-31', 505, 151),
(506, '60.00', '2019-07-31', 506, 152),
(507, '90.00', '2020-02-29', 507, 153),
(508, '30.00', '2020-11-30', 508, 154),
(509, '20.00', '2022-04-30', 509, 155),
(510, '40.00', '2020-09-30', 510, 156),
(511, '18.00', '2020-08-31', 511, 157),
(512, '28.00', '2019-01-31', 512, 158),
(513, '14.00', '2019-11-30', 513, 159),
(514, '7.00', '2019-07-31', 514, 160),
(515, '30.00', '2019-02-28', 515, 161),
(516, '50.00', '2020-04-30', 516, 162),
(517, '30.00', '2019-05-31', 517, 163),
(518, '56.00', '2023-03-31', 518, 164),
(519, '20.00', '2022-02-28', 519, 165),
(520, '1.00', '2020-05-31', 520, 166),
(521, '10.00', '2019-03-31', 521, 170),
(522, '40.00', '2020-02-29', 522, 195),
(523, '10.00', '2021-12-31', 523, 171),
(524, '50.00', '2021-08-31', 524, 172),
(525, '30.00', '2020-05-31', 525, 172),
(526, '60.00', '2020-07-31', 526, 167),
(527, '4.00', '2020-05-31', 527, 174),
(528, '3.00', '2020-05-31', 528, 175),
(529, '5.00', '2023-07-31', 529, 176),
(530, '3.00', '2022-12-31', 530, 196),
(531, '2.00', '2019-05-31', 531, 197),
(532, '20.00', '2020-03-31', 532, 209),
(533, '10.00', '2020-10-31', 533, 200),
(534, '30.00', '2019-01-31', 534, 199),
(535, '20.00', '2019-04-30', 535, 198),
(536, '30.00', '2020-08-31', 536, 207),
(537, '78.00', '2020-03-31', 537, 201),
(538, '80.00', '2023-04-30', 538, 202),
(539, '170.00', '2023-07-31', 539, 203),
(540, '10.00', '2019-06-30', 540, 204),
(541, '18.00', '2020-03-31', 541, 205),
(542, '24.00', '2020-04-30', 542, 206),
(543, '14.00', '2020-07-31', 543, 211),
(544, '2.00', '2021-01-31', 544, 212),
(545, '80.00', '2019-12-31', 545, 213),
(546, '10.00', '2021-01-31', 546, 214),
(547, '30.00', '2020-03-31', 547, 215),
(548, '30.00', '2020-05-31', 548, 216),
(549, '10.00', '2021-07-31', 549, 217),
(550, '16.00', '2020-12-31', 550, 218),
(551, '28.00', '2019-02-28', 551, 219),
(552, '56.00', '2020-03-31', 552, 220),
(553, '120.00', '2020-01-31', 553, 221),
(554, '20.00', '2020-02-29', 554, 222),
(555, '76.00', '2020-02-29', 555, 223),
(556, '35.00', '2021-02-28', 556, 224),
(557, '14.00', '2021-03-31', 557, 226),
(558, '14.00', '2019-04-30', 558, 225),
(559, '14.00', '2019-10-31', 559, 225),
(560, '3.00', '2021-06-30', 560, 227),
(561, '5.00', '2023-07-31', 561, 230),
(562, '30.00', '2020-05-31', 562, 231),
(563, '84.00', '2021-04-30', 563, 232),
(564, '18.00', '2020-06-30', 564, 233),
(565, '50.00', '2020-06-30', 565, 229),
(566, '54.00', '2023-06-30', 566, 228),
(567, '4.00', '2020-01-31', 567, 234),
(568, '30.00', '2023-06-30', 568, 235),
(569, '50.00', '2019-03-31', 569, 236),
(570, '50.00', '2020-06-30', 570, 236),
(571, '12.00', '2020-05-31', 571, 237),
(572, '5.00', '2019-12-31', 572, 177),
(573, '3.00', '2019-06-30', 573, 178),
(574, '4.00', '2021-09-30', 574, 179),
(575, '4.00', '2020-07-31', 575, 180),
(576, '4.00', '2020-07-31', 576, 181),
(577, '2.00', '2021-03-31', 577, 182),
(578, '4.00', '2021-05-31', 578, 183),
(579, '36.00', '2021-08-31', 579, 184),
(580, '3.00', '2020-08-31', 580, 185),
(581, '4.00', '2019-05-31', 581, 186),
(582, '4.00', '2019-07-31', 582, 334),
(583, '5.00', '2019-02-28', 583, 187),
(584, '1.00', '2019-01-31', 584, 189),
(585, '3.00', '2020-07-31', 585, 190),
(586, '10.00', '2020-07-31', 586, 194),
(587, '3.00', '2020-02-29', 587, 238),
(588, '1.00', '2020-04-30', 588, 239),
(589, '1.00', '2021-05-31', 589, 240),
(590, '10.00', '2021-05-31', 590, 241),
(591, '2.00', '2019-09-30', 591, 243),
(592, '3.00', '2020-09-30', 592, 242),
(593, '3.00', '2020-03-31', 593, 244),
(594, '3.00', '2021-06-30', 594, 245),
(595, '5.00', '2021-04-30', 595, 246),
(596, '1.00', '2019-09-30', 596, 247),
(597, '4.00', '2019-01-31', 597, 248),
(598, '1.00', '2020-04-30', 598, 249),
(599, '2.00', '2021-04-30', 599, 249),
(600, '1.00', '2019-06-30', 600, 250),
(601, '2.00', '2019-12-31', 601, 250),
(602, '1.00', '2019-05-31', 602, 251),
(603, '1.00', '2020-06-30', 603, 252),
(604, '2.00', '2020-08-31', 604, 254),
(605, '2.00', '2019-03-31', 605, 255),
(606, '1.00', '2019-07-31', 606, 255),
(607, '1.00', '2019-05-31', 607, 256),
(608, '1.00', '2019-11-30', 608, 256),
(609, '6.00', '2022-08-31', 609, 257),
(610, '3.00', '2022-03-31', 610, 258),
(611, '2.00', '2020-08-31', 611, 259),
(612, '1.00', '2020-02-29', 612, 259),
(613, '1.00', '2020-03-31', 613, 259),
(614, '2.00', '2020-08-31', 614, 260),
(615, '1.00', '2020-11-30', 615, 262),
(616, '4.00', '2020-09-30', 616, 262),
(617, '1.00', '2021-03-31', 617, 262),
(618, '3.00', '2020-04-30', 618, 263),
(619, '1.00', '2020-01-31', 619, 263),
(620, '2.00', '2020-04-30', 620, 264),
(621, '1.00', '2019-11-30', 621, 265),
(622, '2.00', '2020-03-31', 622, 266),
(623, '2.00', '2020-06-30', 623, 267),
(624, '4.00', '2020-08-31', 624, 268),
(625, '9.00', '2020-01-31', 625, 269),
(626, '36.00', '2020-01-31', 626, 191),
(627, '39.00', '2020-06-30', 627, 192),
(628, '40.00', '2020-06-30', 628, 193),
(629, '20.00', '2019-12-31', 629, 290),
(630, '20.00', '2020-02-29', 630, 290),
(631, '20.00', '2020-04-30', 631, 291),
(632, '50.00', '2023-04-30', 632, 289),
(633, '18.00', '2022-10-31', 633, 287),
(634, '58.00', '2023-03-31', 634, 286),
(635, '60.00', '2020-01-31', 635, 295),
(636, '30.00', '2020-04-30', 636, 296),
(637, '0.00', '2019-03-30', 637, 298),
(638, '6.00', '2019-04-30', 638, 297),
(639, '14.00', '2019-06-30', 639, 297),
(640, '350.00', '2021-07-31', 640, 283),
(641, '10.00', '2023-07-31', 641, 283),
(642, '30.00', '2019-06-30', 642, 285),
(643, '30.00', '2023-01-31', 643, 284),
(644, '30.00', '2022-11-30', 644, 284),
(645, '14.00', '2019-08-31', 645, 282),
(646, '14.00', '2020-02-29', 646, 282),
(647, '28.00', '2019-07-31', 647, 281),
(648, '14.00', '2019-10-31', 648, 281),
(649, '10.00', '2019-02-28', 649, 279),
(650, '30.00', '2019-06-30', 650, 279),
(651, '30.00', '2019-07-31', 651, 280),
(652, '14.00', '2020-01-31', 652, 273),
(653, '28.00', '2021-03-31', 653, 274),
(654, '28.00', '2019-01-31', 654, 275),
(655, '28.00', '2019-04-30', 655, 276),
(656, '28.00', '2019-06-30', 656, 277),
(657, '10.00', '2019-02-28', 657, 299),
(658, '20.00', '2020-05-31', 658, 300),
(659, '10.00', '2020-03-31', 659, 300),
(660, '10.00', '2020-06-30', 660, 302),
(661, '20.00', '2020-06-30', 661, 303),
(662, '20.00', '2021-06-30', 662, 304),
(663, '20.00', '2020-05-31', 663, 306),
(664, '10.00', '2020-01-31', 664, 307),
(665, '10.00', '2020-04-30', 665, 307),
(666, '14.00', '2019-11-30', 666, 308),
(667, '14.00', '2019-09-30', 667, 309),
(668, '10.00', '2019-11-30', 668, 288),
(669, '1.00', '2023-02-28', 669, 301),
(670, '180.00', '2021-07-20', 670, 353),
(671, '90.00', '2020-09-30', 671, 315),
(672, '40.00', '2021-01-31', 672, 314),
(673, '20.00', '2021-06-30', 673, 314),
(674, '60.00', '2021-03-31', 674, 499),
(675, '5.00', '2020-02-29', 675, 317),
(676, '3.00', '2021-03-31', 676, 182),
(677, '60.00', '2020-07-31', 677, 388),
(678, '16.00', '2019-07-31', 678, 387),
(679, '30.00', '2020-02-29', 679, 389),
(680, '7.00', '2019-11-30', 680, 384),
(681, '1.00', '2019-11-30', 681, 379),
(682, '1.00', '2019-11-30', 682, 382),
(683, '1.00', '2019-04-30', 683, 386),
(684, '1.00', '2019-10-31', 684, 383),
(685, '2.00', '2019-09-30', 685, 381),
(686, '2.00', '2019-10-31', 686, 385),
(687, '4.00', '2019-10-31', 687, 377),
(688, '3.00', '2018-12-31', 688, 380),
(689, '20.00', '2019-10-31', 689, 371),
(690, '20.00', '2020-07-31', 690, 373),
(691, '14.00', '2019-07-31', 691, 372),
(692, '15.00', '2021-06-30', 692, 375),
(693, '5.00', '2020-07-31', 693, 500),
(694, '10.00', '2019-12-31', 694, 338),
(695, '0.00', '2021-06-30', 695, 374),
(696, '14.00', '2020-02-29', 696, 368),
(697, '14.00', '2020-02-29', 697, 369),
(698, '100.00', '2020-06-30', 698, 367),
(699, '10.00', '2020-11-30', 699, 365),
(700, '0.00', '2021-03-31', 700, 364),
(701, '20.00', '2020-10-31', 701, 362),
(702, '20.00', '2020-10-31', 702, 363),
(703, '30.00', '2023-08-31', 703, 361),
(704, '70.00', '2023-09-30', 704, 359),
(705, '20.00', '2019-02-28', 705, 360),
(706, '30.00', '2023-09-30', 706, 358),
(707, '30.00', '2020-05-31', 707, 357),
(708, '30.00', '2019-09-30', 708, 357),
(709, '150.00', '2020-12-31', 709, 356),
(710, '80.00', '2019-01-31', 710, 350),
(711, '40.00', '2020-09-30', 711, 349),
(712, '40.00', '2020-07-31', 712, 355),
(713, '78.00', '2020-02-29', 713, 354),
(714, '10.00', '2020-05-31', 714, 348),
(715, '10.00', '2020-10-31', 715, 347),
(716, '145.00', '2020-07-31', 716, 345),
(717, '20.00', '2019-02-28', 717, 351),
(718, '30.00', '2019-06-30', 718, 351),
(719, '2.00', '2020-01-31', 719, 340),
(720, '1.00', '2020-02-29', 720, 342),
(721, '1.00', '2019-07-31', 721, 339),
(722, '200.00', '2020-07-31', 722, 344),
(723, '40.00', '2020-08-31', 723, 343),
(724, '20.00', '2020-08-31', 724, 337),
(725, '41.00', '2021-07-31', 725, 336),
(726, '90.00', '2021-07-31', 726, 335),
(727, '2.00', '2019-09-30', 727, 334),
(728, '2.00', '2019-07-31', 728, 333),
(729, '2.00', '2019-07-31', 729, 332),
(730, '2.00', '2019-07-31', 730, 331),
(731, '46.00', '2021-08-31', 731, 316),
(732, '30.00', '2021-05-31', 732, 305),
(733, '30.00', '2021-01-31', 733, 318),
(734, '30.00', '2020-07-31', 734, 319),
(735, '80.00', '2020-11-30', 735, 311),
(736, '100.00', '2021-04-30', 736, 312),
(737, '40.00', '2021-04-30', 737, 310),
(738, '45.00', '2019-12-31', 738, 319),
(739, '30.00', '2019-11-30', 739, 320),
(740, '30.00', '2021-08-31', 740, 330),
(741, '30.00', '2019-11-30', 741, 323),
(742, '30.00', '2019-10-31', 742, 321),
(743, '20.00', '2020-05-31', 743, 322),
(744, '20.00', '2020-05-31', 744, 325),
(745, '20.00', '2020-05-31', 745, 324),
(746, '4.00', '2020-01-31', 746, 326),
(747, '1.00', '2019-09-30', 747, 329),
(748, '1.00', '2019-12-31', 748, 328),
(749, '1.00', '2020-07-31', 749, 328),
(750, '203.00', '2020-07-31', 750, 400),
(751, '60.00', '2020-07-31', 751, 401),
(752, '10.00', '2020-05-30', 752, 403),
(753, '14.00', '2020-02-26', 753, 405),
(754, '14.00', '2019-12-28', 754, 406),
(755, '10.00', '2019-11-28', 755, 404),
(756, '42.00', '2020-07-30', 756, 411),
(757, '60.00', '2021-07-29', 757, 402),
(758, '28.00', '2022-05-31', 758, 580),
(759, '14.00', '2022-05-31', 759, 581),
(760, '7.00', '2020-01-31', 760, 417),
(761, '28.00', '2020-05-31', 761, 407),
(762, '14.00', '2020-03-31', 762, 418),
(763, '14.00', '2020-05-31', 763, 419),
(764, '10.00', '2018-12-31', 764, 420),
(765, '10.00', '2020-05-31', 765, 420),
(766, '20.00', '2019-02-28', 766, 421),
(767, '20.00', '2020-07-31', 767, 422),
(768, '14.00', '2020-05-31', 768, 396),
(769, '7.00', '2019-11-30', 769, 396),
(770, '14.00', '2020-03-31', 770, 394),
(771, '20.00', '2019-02-28', 771, 397),
(772, '30.00', '2020-03-31', 772, 390),
(773, '40.00', '2019-08-31', 773, 393),
(774, '10.00', '2020-04-30', 774, 391),
(775, '10.00', '2020-02-29', 775, 392),
(776, '20.00', '2020-05-31', 776, 398),
(777, '49.00', '2020-05-31', 777, 399),
(778, '56.00', '2020-08-31', 778, 423),
(779, '28.00', '2020-06-30', 779, 424),
(780, '28.00', '2020-08-31', 780, 425),
(781, '20.00', '2020-07-31', 781, 427),
(782, '10.00', '2020-03-31', 782, 428),
(783, '14.00', '2020-03-31', 783, 429),
(784, '14.00', '2019-01-31', 784, 430),
(785, '28.00', '2020-07-31', 785, 431),
(786, '28.00', '2019-08-31', 786, 432),
(787, '10.00', '2020-02-29', 787, 433),
(788, '30.00', '2019-08-31', 788, 434),
(789, '30.00', '2020-03-31', 789, 435),
(790, '14.00', '2020-06-30', 790, 441),
(791, '28.00', '2019-12-31', 791, 442),
(792, '14.00', '2020-06-30', 792, 440),
(793, '20.00', '2020-01-31', 793, 437),
(794, '20.00', '2020-01-31', 794, 438),
(795, '28.00', '2019-04-30', 795, 439),
(796, '56.00', '2021-07-31', 796, 443),
(797, '28.00', '2020-04-30', 797, 443),
(798, '56.00', '2021-07-31', 798, 444),
(799, '14.00', '2021-02-28', 799, 445),
(800, '28.00', '2021-07-31', 800, 445),
(801, '30.00', '2019-06-30', 801, 446),
(802, '30.00', '2019-03-31', 802, 447),
(803, '30.00', '2019-08-31', 803, 447),
(804, '10.00', '2019-07-31', 804, 451),
(805, '60.00', '2020-05-31', 805, 448),
(806, '12.00', '2021-06-30', 806, 449),
(807, '1.00', '2020-05-31', 807, 450),
(808, '3.00', '2020-05-31', 808, 452),
(809, '40.00', '2020-02-29', 809, 453),
(810, '30.00', '2019-10-31', 810, 454),
(811, '1.00', '2020-05-31', 811, 455),
(812, '8.00', '2020-08-31', 812, 501),
(813, '6.00', '2020-08-31', 813, 502),
(814, '6.00', '2019-12-31', 814, 503),
(815, '2.00', '2020-02-29', 815, 505),
(816, '4.00', '2020-03-31', 816, 504),
(817, '140.00', '2020-03-31', 817, 506),
(818, '3.00', '2021-05-26', 818, 507),
(819, '4.00', '2019-09-30', 819, 508),
(820, '115.00', '2020-08-31', 820, 509),
(821, '27.00', '2020-07-31', 821, 512),
(822, '133.00', '2020-06-29', 822, 510),
(823, '33.00', '2019-04-30', 823, 511),
(824, '94.00', '2020-08-31', 824, 513),
(825, '100.00', '2020-08-31', 825, 514),
(826, '140.00', '2019-05-31', 826, 515),
(827, '1.00', '2020-03-31', 827, 520),
(828, '1.00', '2019-10-31', 828, 526),
(829, '50.00', '2020-03-31', 829, 516),
(830, '5.00', '2022-04-30', 830, 527),
(831, '30.00', '2020-03-31', 831, 525),
(832, '20.00', '2019-07-31', 832, 521),
(833, '70.00', '2020-02-29', 833, 524),
(834, '17.00', '2019-06-30', 834, 523),
(835, '40.00', '2019-12-31', 835, 522),
(836, '190.00', '2022-08-31', 836, 518),
(837, '130.00', '2023-04-30', 837, 517),
(838, '140.00', '2020-03-31', 838, 519),
(839, '4.00', '2020-07-31', 839, 579),
(840, '27.00', '2020-06-30', 840, 578),
(841, '30.00', '2020-05-31', 841, 577),
(842, '56.00', '2020-08-31', 842, 574),
(843, '28.00', '2020-08-31', 843, 575),
(844, '28.00', '2020-08-31', 844, 576),
(845, '56.00', '2020-08-31', 845, 593),
(846, '56.00', '2020-06-30', 846, 597),
(847, '28.00', '2020-08-31', 847, 595),
(848, '56.00', '2020-08-31', 848, 596),
(849, '100.00', '2020-03-31', 849, 592),
(850, '12.00', '2020-05-31', 850, 496),
(851, '206.00', '2021-06-30', 851, 495),
(852, '111.00', '2020-11-30', 852, 497),
(853, '100.00', '2021-04-30', 853, 497),
(854, '60.00', '2021-03-31', 854, 498),
(855, '80.00', '2020-09-30', 855, 498),
(856, '10.00', '2020-12-31', 856, 485),
(857, '0.00', '2021-02-28', 857, 492),
(858, '400.00', '2021-07-31', 858, 494),
(859, '14.00', '2020-04-30', 859, 487),
(860, '28.00', '2020-10-31', 860, 487),
(861, '28.00', '2020-01-31', 861, 490),
(862, '28.00', '2020-01-31', 862, 491),
(863, '30.00', '2019-10-31', 863, 488),
(864, '40.00', '2021-06-30', 864, 483),
(865, '100.00', '2021-07-31', 865, 483),
(866, '10.00', '2020-02-29', 866, 484),
(867, '30.00', '2020-09-30', 867, 484),
(868, '60.00', '2018-12-31', 868, 482),
(869, '15.00', '2020-11-30', 869, 480),
(870, '30.00', '2020-12-31', 870, 480),
(871, '30.00', '2020-08-31', 871, 477),
(872, '60.00', '2021-01-31', 872, 479),
(873, '45.00', '2020-10-31', 873, 478),
(874, '14.00', '2020-08-31', 874, 475),
(875, '56.00', '2020-10-31', 875, 475),
(876, '28.00', '2020-06-30', 876, 476),
(877, '28.00', '2019-08-31', 877, 476),
(878, '9.00', '2020-10-30', 878, 473),
(879, '20.00', '2021-01-31', 879, 473),
(880, '30.00', '2021-07-31', 880, 473),
(881, '10.00', '2019-05-31', 881, 474),
(882, '10.00', '2021-01-30', 882, 474),
(883, '5.00', '2019-10-31', 883, 472),
(884, '30.00', '2020-05-31', 884, 472),
(885, '32.00', '2020-05-31', 885, 471),
(886, '60.00', '2020-07-31', 886, 471),
(887, '10.00', '2019-08-28', 887, 469),
(888, '20.00', '2020-12-31', 888, 469),
(889, '10.00', '2021-06-30', 889, 468),
(890, '60.00', '2020-05-31', 890, 470),
(891, '180.00', '2021-04-30', 891, 470),
(892, '60.00', '2021-02-27', 892, 467),
(893, '30.00', '2020-05-31', 893, 467),
(894, '42.00', '2020-02-29', 894, 465),
(895, '5.00', '2021-08-31', 895, 464),
(896, '1.00', '2019-07-31', 896, 463),
(897, '1.00', '2019-07-31', 897, 462),
(898, '3.00', '2019-09-30', 898, 461),
(899, '80.00', '2019-02-28', 899, 460),
(900, '40.00', '2020-09-30', 900, 459),
(901, '60.00', '2020-08-31', 901, 457),
(902, '20.00', '2019-04-30', 902, 458),
(903, '1.00', '2020-05-31', 903, 456),
(904, '28.00', '2022-08-31', 904, 561),
(905, '30.00', '2019-07-31', 905, 562),
(906, '10.00', '2020-03-26', 906, 558),
(907, '21.00', '2019-06-30', 907, 556),
(908, '14.00', '2019-10-31', 908, 557),
(909, '28.00', '2020-07-31', 909, 554),
(910, '28.00', '2019-05-31', 910, 555),
(911, '28.00', '2020-02-29', 911, 555),
(912, '40.00', '2020-03-31', 912, 551),
(913, '30.00', '2020-10-31', 913, 553),
(914, '28.00', '2020-08-31', 914, 569),
(915, '28.00', '2020-05-31', 915, 570),
(916, '26.00', '2019-12-31', 916, 598),
(917, '10.00', '2020-03-31', 917, 567),
(918, '30.00', '2019-09-30', 918, 568),
(919, '42.00', '2019-11-30', 919, 563),
(920, '20.00', '2019-08-31', 920, 565),
(921, '60.00', '2020-03-31', 921, 564),
(922, '20.00', '2020-07-31', 922, 559),
(923, '14.00', '2019-12-31', 923, 560),
(924, '7.00', '2020-01-31', 924, 561),
(925, '10.00', '2021-06-30', 925, 599),
(926, '10.00', '2021-06-30', 926, 552),
(927, '30.00', '2020-08-31', 927, 550),
(928, '12.00', '2021-04-30', 928, 549),
(929, '12.00', '2021-04-30', 929, 548),
(930, '30.00', '2021-02-27', 930, 546),
(931, '30.00', '2021-04-30', 931, 547),
(932, '100.00', '2020-05-31', 932, 543),
(933, '10.00', '2019-07-31', 933, 544),
(934, '40.00', '2019-10-31', 934, 544),
(935, '20.00', '2020-07-31', 935, 545),
(936, '50.00', '2021-04-30', 936, 542),
(937, '28.00', '2020-07-31', 937, 541),
(938, '28.00', '2020-08-31', 938, 540),
(939, '40.00', '2021-04-30', 939, 539),
(940, '20.00', '2020-05-31', 940, 537),
(941, '60.00', '2020-07-31', 941, 536),
(942, '50.00', '2019-10-31', 942, 538),
(943, '20.00', '2019-05-31', 943, 535),
(944, '39.00', '2019-09-30', 944, 534),
(945, '20.00', '2020-06-30', 945, 534),
(946, '60.00', '2020-06-30', 946, 533),
(947, '60.00', '2020-08-31', 947, 532),
(948, '20.00', '2019-08-31', 948, 530),
(949, '20.00', '2020-03-31', 949, 531),
(950, '20.00', '2019-06-30', 950, 529),
(951, '1.00', '2020-05-31', 951, 601),
(952, '11.00', '2020-03-31', 952, 602),
(953, '4.00', '2021-06-30', 953, 603),
(954, '2.00', '2020-04-30', 954, 604),
(955, '10.00', '2020-12-31', 955, 606),
(956, '2.00', '2020-12-31', 956, 607),
(957, '5.00', '2021-04-30', 957, 607),
(958, '4.00', '2020-08-31', 958, 608),
(959, '4.00', '2019-10-31', 959, 609),
(960, '2.00', '2021-09-30', 960, 610),
(961, '4.00', '2019-12-31', 961, 611),
(962, '6.00', '2019-09-30', 962, 612),
(963, '1.00', '2019-09-30', 963, 613),
(964, '22.00', '2021-07-31', 964, 614),
(965, '1.00', '2020-11-30', 965, 613),
(966, '9.00', '2020-06-30', 966, 615),
(967, '5.00', '2020-06-30', 967, 617),
(968, '3.00', '2020-01-31', 968, 616),
(969, '9.00', '2020-03-31', 969, 619),
(970, '5.00', '2019-12-31', 970, 620),
(971, '4.00', '2021-09-30', 971, 621),
(972, '2.00', '2023-04-30', 972, 622),
(973, '5.00', '2020-07-31', 973, 618),
(974, '1.00', '2019-08-31', 974, 623),
(975, '4.00', '2020-02-29', 975, 626),
(976, '1.00', '2020-01-29', 976, 627),
(977, '2.00', '2019-09-30', 977, 628),
(978, '7.00', '2021-06-30', 978, 629),
(979, '3.00', '2020-05-31', 979, 630),
(980, '11.00', '2020-08-31', 980, 631),
(981, '6.00', '2020-07-31', 981, 632),
(982, '11.00', '2021-06-30', 982, 633),
(983, '6.00', '2020-07-31', 983, 271),
(984, '5.00', '2019-10-31', 984, 272),
(985, '8.00', '2020-03-31', 985, 270),
(986, '8.00', '2023-03-31', 986, 286),
(987, '4.00', '2020-01-09', 987, 691),
(988, '20.00', '2020-07-31', 988, 364),
(989, '50.00', '2021-11-26', 989, 366),
(990, '30.00', '2020-10-01', 990, 337),
(991, '28.00', '2020-04-03', 991, 690),
(992, '14.00', '2020-03-03', 992, 692),
(993, '14.00', '2019-11-22', 993, 676),
(994, '60.00', '2021-02-02', 994, 677),
(995, '30.00', '2019-07-04', 995, 678),
(996, '70.00', '2021-04-01', 996, 683),
(997, '50.00', '2020-02-03', 997, 686),
(998, '50.00', '2020-02-04', 998, 685),
(999, '24.00', '2021-02-02', 999, 682),
(1000, '10.00', '2020-04-04', 1000, 681),
(1001, '10.00', '2020-04-03', 1001, 684),
(1002, '20.00', '2019-08-09', 1002, 680),
(1003, '10.00', '2019-10-08', 1003, 679),
(1004, '14.00', '2020-12-11', 1004, 687),
(1005, '96.00', '2020-01-06', 1005, 688),
(1006, '98.00', '2021-07-08', 1006, 689),
(1007, '4.00', '2020-02-04', 1007, 634),
(1008, '100.00', '2020-03-04', 1008, 635),
(1009, '400.00', '2020-06-02', 1009, 636),
(1010, '12.00', '2019-12-14', 1010, 641),
(1011, '12.00', '2020-05-05', 1011, 639),
(1012, '18.00', '2020-02-04', 1012, 640),
(1013, '28.00', '2019-05-06', 1013, 637),
(1014, '40.00', '2021-04-15', 1014, 642),
(1015, '40.00', '2019-05-06', 1015, 643),
(1016, '12.00', '2020-03-03', 1016, 644),
(1017, '10.00', '2020-10-13', 1017, 646),
(1018, '10.00', '2019-02-05', 1018, 645),
(1019, '8.00', '2020-09-07', 1019, 646),
(1020, '70.00', '2019-07-04', 1020, 648),
(1021, '6.00', '2020-04-03', 1021, 650),
(1022, '6.00', '2020-03-05', 1022, 650),
(1023, '20.00', '2019-02-05', 1023, 649),
(1024, '60.00', '2019-10-08', 1024, 651),
(1025, '12.00', '2020-02-04', 1025, 644),
(1026, '170.00', '2021-07-08', 1026, 647),
(1027, '183.00', '2020-02-04', 1027, 653),
(1028, '120.00', '2020-02-04', 1028, 654),
(1029, '40.00', '2020-05-04', 1029, 655),
(1030, '100.00', '2023-04-01', 1030, 658),
(1031, '10.00', '2019-03-03', 1031, 657),
(1032, '20.00', '2019-10-09', 1032, 657),
(1033, '80.00', '2021-02-02', 1033, 656),
(1034, '6.00', '2020-04-02', 1034, 650),
(1035, '10.00', '2019-06-04', 1035, 659),
(1036, '47.00', '2021-07-08', 1036, 664),
(1037, '20.00', '2019-11-14', 1037, 663),
(1038, '20.00', '2020-11-12', 1038, 665),
(1039, '14.00', '2020-03-03', 1039, 661),
(1040, '14.00', '2020-02-03', 1040, 660),
(1041, '7.00', '2019-09-04', 1041, 660),
(1042, '160.00', '2020-07-08', 1042, 662),
(1043, '50.00', '2020-01-05', 1043, 667),
(1044, '150.00', '2021-05-03', 1044, 668),
(1045, '30.00', '2019-03-01', 1045, 669),
(1046, '30.00', '2020-11-12', 1046, 670),
(1047, '506.00', '2021-07-07', 1047, 671),
(1048, '210.00', '2020-07-09', 1048, 672),
(1049, '200.00', '2021-04-09', 1049, 673),
(1050, '20.00', '2020-01-05', 1050, 675),
(1051, '80.00', '2021-06-01', 1051, 674),
(1052, '14.00', '2020-01-07', 1052, 693),
(1053, '180.00', '2020-03-01', 1053, 694);

-- --------------------------------------------------------

--
-- Table structure for table `returned_items`
--

CREATE TABLE `returned_items` (
  `id` int(10) UNSIGNED NOT NULL,
  `timestamp` timestamp NOT NULL DEFAULT CURRENT_TIMESTAMP ON UPDATE CURRENT_TIMESTAMP,
  `total` decimal(10,2) NOT NULL,
  `qty` decimal(10,2) NOT NULL,
  `fk_inventory_id` int(10) UNSIGNED NOT NULL,
  `fk_user_id` int(10) UNSIGNED NOT NULL,
  `fk_sale_id` int(10) UNSIGNED NOT NULL
) ENGINE=InnoDB DEFAULT CHARSET=utf8mb4 COLLATE=utf8mb4_unicode_ci;

-- --------------------------------------------------------

--
-- Table structure for table `returned_qty`
--

CREATE TABLE `returned_qty` (
  `id` int(10) UNSIGNED NOT NULL,
  `qty` decimal(10,2) NOT NULL,
  `fk_returned_item_id` int(10) UNSIGNED NOT NULL,
  `fk_purchase_price_id` int(10) UNSIGNED NOT NULL
) ENGINE=InnoDB DEFAULT CHARSET=utf8mb4 COLLATE=utf8mb4_unicode_ci;

-- --------------------------------------------------------

--
-- Table structure for table `sale`
--

CREATE TABLE `sale` (
  `id` int(10) UNSIGNED NOT NULL,
  `total` decimal(10,2) NOT NULL,
  `discount` decimal(10,2) NOT NULL,
  `grand_total` decimal(10,2) NOT NULL,
  `payment` enum('cash','credit') COLLATE utf8mb4_unicode_ci NOT NULL,
  `timestamp` timestamp NOT NULL DEFAULT CURRENT_TIMESTAMP ON UPDATE CURRENT_TIMESTAMP,
  `fk_user_id` int(10) UNSIGNED NOT NULL
) ENGINE=InnoDB DEFAULT CHARSET=utf8mb4 COLLATE=utf8mb4_unicode_ci;

--
-- Dumping data for table `sale`
--

INSERT INTO `sale` (`id`, `total`, `discount`, `grand_total`, `payment`, `timestamp`, `fk_user_id`) VALUES
(1, '260.00', '0.00', '260.00', 'cash', '2018-10-31 04:16:27', 2),
(2, '855.00', '0.00', '855.00', 'cash', '2018-10-31 04:21:53', 2),
(3, '35.20', '0.00', '35.20', 'cash', '2018-10-31 04:40:59', 2),
(4, '27.00', '0.00', '27.00', 'cash', '2018-10-31 08:43:53', 2),
(5, '380.00', '0.00', '380.00', 'cash', '2018-10-31 09:12:54', 2),
(6, '260.00', '20.00', '240.00', 'cash', '2018-10-31 14:36:10', 2),
(7, '51.42', '0.00', '51.42', 'cash', '2018-10-31 14:58:17', 2),
(8, '190.00', '0.00', '190.00', 'cash', '2018-10-31 18:08:20', 1),
(9, '88.00', '0.00', '88.00', 'cash', '2018-10-31 18:11:34', 1),
(10, '58.00', '0.00', '58.00', 'cash', '2018-11-01 05:16:25', 2),
(11, '264.88', '0.00', '264.88', 'cash', '2018-11-01 05:58:17', 2),
(12, '51.42', '0.00', '51.42', 'cash', '2018-11-01 06:29:42', 2),
(13, '130.84', '0.00', '130.84', 'cash', '2018-11-01 06:32:58', 2),
(14, '85.00', '0.00', '85.00', 'cash', '2018-11-01 09:06:30', 2),
(15, '1845.00', '25.00', '1820.00', 'cash', '2018-11-01 09:15:35', 2),
(16, '1845.00', '0.00', '1845.00', 'cash', '2018-11-01 09:34:31', 2),
(17, '40.00', '0.00', '40.00', 'cash', '2018-11-01 11:28:03', 2),
(18, '70.00', '0.00', '70.00', 'cash', '2018-11-01 12:12:24', 1),
(19, '60.50', '0.00', '60.50', 'cash', '2018-11-01 13:05:27', 1),
(20, '576.00', '0.00', '576.00', 'cash', '2018-11-01 14:01:28', 1),
(21, '27.15', '0.00', '27.15', 'cash', '2018-11-01 14:48:53', 1),
(22, '538.00', '8.00', '530.00', 'cash', '2018-11-01 15:19:39', 1),
(23, '132.00', '0.00', '132.00', 'cash', '2018-11-01 15:35:07', 1),
(24, '11.60', '1.60', '10.00', 'cash', '2018-11-01 15:37:02', 1),
(25, '205.00', '5.00', '200.00', 'cash', '2018-11-01 17:19:09', 1),
(26, '270.00', '10.00', '260.00', 'cash', '2018-11-01 17:41:46', 1),
(27, '201.50', '0.00', '201.50', 'cash', '2018-11-02 04:37:55', 2),
(28, '371.00', '21.00', '350.00', 'cash', '2018-11-02 04:44:23', 2),
(29, '210.50', '0.00', '210.50', 'cash', '2018-11-02 06:58:25', 2),
(30, '239.75', '0.00', '239.75', 'cash', '2018-11-02 07:21:10', 2),
(31, '700.00', '40.00', '660.00', 'cash', '2018-11-02 08:23:53', 2),
(32, '85.70', '0.00', '85.70', 'cash', '2018-11-02 09:57:57', 2),
(33, '380.00', '0.00', '380.00', 'cash', '2018-11-02 10:00:56', 2);

-- --------------------------------------------------------

--
-- Table structure for table `sale_items`
--

CREATE TABLE `sale_items` (
  `id` int(10) UNSIGNED NOT NULL,
  `total` decimal(10,2) NOT NULL,
  `fk_inventory_id` int(10) UNSIGNED NOT NULL,
  `fk_sale_price_id` int(10) UNSIGNED NOT NULL,
  `fk_sale_id` int(10) UNSIGNED NOT NULL
) ENGINE=InnoDB DEFAULT CHARSET=utf8mb4 COLLATE=utf8mb4_unicode_ci;

--
-- Dumping data for table `sale_items`
--

INSERT INTO `sale_items` (`id`, `total`, `fk_inventory_id`, `fk_sale_price_id`, `fk_sale_id`) VALUES
(1, '260.00', 103, 96, 1),
(2, '855.00', 119, 114, 2),
(3, '35.20', 228, 182, 3),
(4, '27.00', 201, 153, 4),
(5, '380.00', 93, 89, 5),
(6, '260.00', 42, 48, 6),
(7, '51.42', 184, 195, 7),
(8, '190.00', 91, 86, 8),
(9, '88.00', 217, 165, 9),
(10, '58.00', 287, 243, 10),
(11, '264.88', 298, 247, 11),
(12, '51.42', 184, 195, 12),
(13, '130.84', 181, 192, 13),
(14, '85.00', 177, 188, 14),
(15, '1845.00', 118, 113, 15),
(16, '1845.00', 108, 103, 16),
(17, '40.00', 367, 299, 17),
(18, '70.00', 178, 189, 18),
(19, '60.50', 302, 263, 19),
(20, '175.00', 377, 288, 20),
(21, '182.00', 505, 410, 20),
(22, '219.00', 337, 323, 20),
(23, '27.15', 345, 316, 21),
(24, '90.00', 63, 3, 22),
(25, '448.00', 575, 438, 22),
(26, '132.00', 578, 435, 23),
(27, '11.60', 495, 506, 24),
(28, '205.00', 325, 343, 25),
(29, '270.00', 364, 301, 26),
(30, '138.50', 472, 470, 27),
(31, '63.00', 514, 420, 27),
(32, '371.00', 374, 296, 28),
(33, '40.00', 367, 299, 29),
(34, '170.50', 305, 331, 29),
(35, '69.75', 268, 232, 30),
(36, '170.00', 272, 563, 30),
(37, '700.00', 492, 450, 31),
(38, '85.70', 245, 210, 32),
(39, '380.00', 2, 83, 33);

-- --------------------------------------------------------

--
-- Table structure for table `sale_price_history`
--

CREATE TABLE `sale_price_history` (
  `id` int(10) UNSIGNED NOT NULL,
  `price` decimal(10,2) NOT NULL,
  `start_timestamp` timestamp NOT NULL DEFAULT CURRENT_TIMESTAMP ON UPDATE CURRENT_TIMESTAMP,
  `end_timestamp` datetime DEFAULT NULL,
  `fk_inventory_id` int(10) UNSIGNED NOT NULL
) ENGINE=InnoDB DEFAULT CHARSET=utf8mb4 COLLATE=utf8mb4_unicode_ci;

--
-- Dumping data for table `sale_price_history`
--

INSERT INTO `sale_price_history` (`id`, `price`, `start_timestamp`, `end_timestamp`, `fk_inventory_id`) VALUES
(1, '150.00', '2018-10-29 13:29:02', NULL, 1),
(2, '300.00', '2018-10-29 14:30:17', NULL, 67),
(3, '90.00', '2018-10-29 14:30:17', NULL, 63),
(4, '170.00', '2018-10-29 14:30:18', NULL, 65),
(5, '120.00', '2018-10-29 14:30:18', NULL, 64),
(6, '220.00', '2018-10-29 14:30:18', NULL, 62),
(7, '75.00', '2018-10-29 14:30:18', NULL, 35),
(8, '75.00', '2018-10-29 14:30:18', NULL, 34),
(9, '50.00', '2018-10-29 14:30:18', NULL, 25),
(10, '325.00', '2018-10-29 14:30:18', NULL, 74),
(11, '100.00', '2018-10-29 14:30:18', NULL, 46),
(12, '90.00', '2018-10-29 14:30:18', NULL, 49),
(13, '110.00', '2018-10-29 14:30:18', NULL, 145),
(14, '220.00', '2018-10-29 14:30:18', NULL, 69),
(15, '250.00', '2018-10-29 14:30:18', NULL, 70),
(16, '250.00', '2018-10-29 14:30:18', NULL, 75),
(17, '250.00', '2018-10-29 16:19:58', NULL, 3),
(18, '350.00', '2018-10-29 16:19:58', NULL, 4),
(20, '250.00', '2018-10-29 16:19:58', NULL, 6),
(21, '160.00', '2018-10-29 16:19:58', NULL, 7),
(22, '200.00', '2018-10-29 16:19:58', NULL, 146),
(23, '200.00', '2018-10-29 16:19:58', NULL, 147),
(24, '250.00', '2018-10-29 16:19:58', NULL, 9),
(25, '400.00', '2018-10-29 16:19:58', NULL, 8),
(26, '250.00', '2018-10-29 16:19:58', NULL, 10),
(27, '400.00', '2018-10-29 16:19:58', NULL, 11),
(28, '200.00', '2018-10-29 16:19:59', NULL, 12),
(29, '230.00', '2018-10-29 16:19:59', NULL, 13),
(30, '135.00', '2018-10-29 16:19:59', NULL, 14),
(31, '205.00', '2018-10-29 16:19:59', NULL, 15),
(32, '240.00', '2018-10-29 16:19:59', NULL, 17),
(33, '200.00', '2018-10-29 16:19:59', NULL, 18),
(34, '120.00', '2018-10-29 16:19:59', NULL, 19),
(35, '180.00', '2018-10-29 16:19:59', NULL, 20),
(36, '90.00', '2018-10-29 16:19:59', NULL, 21),
(37, '65.00', '2018-10-29 16:19:59', NULL, 23),
(38, '150.00', '2018-10-29 16:19:59', NULL, 22),
(39, '230.00', '2018-10-29 16:19:59', NULL, 24),
(40, '60.00', '2018-10-29 16:19:59', NULL, 27),
(41, '150.00', '2018-10-29 16:19:59', NULL, 30),
(42, '130.00', '2018-10-29 16:19:59', NULL, 36),
(43, '140.00', '2018-10-29 16:20:00', NULL, 37),
(44, '230.00', '2018-10-29 16:20:00', NULL, 38),
(45, '360.00', '2018-10-29 16:20:00', NULL, 39),
(46, '300.00', '2018-10-29 16:20:00', NULL, 40),
(47, '400.00', '2018-10-29 16:20:00', NULL, 41),
(48, '260.00', '2018-10-29 16:20:01', NULL, 42),
(49, '380.00', '2018-10-29 16:20:01', NULL, 44),
(50, '230.00', '2018-10-29 16:20:01', NULL, 45),
(51, '350.00', '2018-10-29 16:20:01', NULL, 47),
(52, '320.00', '2018-10-29 16:20:01', NULL, 48),
(53, '99.00', '2018-10-29 16:20:01', NULL, 50),
(54, '350.00', '2018-10-29 16:20:01', NULL, 51),
(55, '220.00', '2018-10-29 16:20:01', NULL, 52),
(56, '160.00', '2018-10-29 16:20:02', NULL, 53),
(57, '75.00', '2018-10-29 16:20:02', NULL, 54),
(58, '290.00', '2018-10-29 16:20:02', NULL, 56),
(59, '40.00', '2018-10-29 16:20:02', NULL, 57),
(60, '50.00', '2018-10-29 16:20:02', NULL, 58),
(61, '65.00', '2018-10-29 16:20:02', NULL, 60),
(62, '115.00', '2018-10-29 16:20:02', NULL, 59),
(63, '160.00', '2018-10-29 16:20:03', NULL, 61),
(64, '100.00', '2018-10-29 16:20:03', NULL, 26),
(65, '600.00', '2018-10-29 16:20:03', NULL, 144),
(66, '250.00', '2018-10-29 16:20:03', NULL, 28),
(67, '220.00', '2018-10-29 16:20:03', NULL, 29),
(68, '190.00', '2018-10-29 16:20:03', NULL, 31),
(69, '190.00', '2018-10-29 16:20:03', NULL, 32),
(70, '190.00', '2018-10-29 16:20:04', NULL, 33),
(71, '600.00', '2018-10-29 17:00:16', NULL, 76),
(72, '350.00', '2018-10-29 17:00:16', NULL, 77),
(73, '350.00', '2018-10-29 17:00:17', NULL, 78),
(74, '250.00', '2018-10-29 17:00:17', NULL, 79),
(75, '190.00', '2018-10-29 17:00:17', NULL, 80),
(76, '300.00', '2018-10-29 17:00:17', NULL, 81),
(77, '250.00', '2018-10-29 17:00:17', NULL, 83),
(78, '280.00', '2018-10-29 17:00:17', NULL, 82),
(79, '250.00', '2018-10-29 17:00:17', NULL, 84),
(80, '250.00', '2018-10-29 17:00:17', NULL, 87),
(81, '270.00', '2018-10-29 17:00:17', NULL, 86),
(82, '250.00', '2018-10-29 17:00:17', NULL, 85),
(83, '380.00', '2018-10-29 17:00:17', NULL, 2),
(84, '240.00', '2018-10-29 17:22:06', NULL, 88),
(85, '230.00', '2018-10-29 17:22:06', NULL, 89),
(86, '190.00', '2018-10-29 17:22:06', NULL, 91),
(87, '190.00', '2018-10-29 17:22:07', NULL, 92),
(88, '200.00', '2018-10-29 17:22:07', NULL, 90),
(89, '380.00', '2018-10-29 17:22:07', NULL, 93),
(90, '1000.00', '2018-10-29 17:22:07', NULL, 99),
(91, '470.00', '2018-10-29 17:22:07', NULL, 97),
(92, '470.00', '2018-10-29 17:22:07', NULL, 98),
(93, '280.00', '2018-10-29 17:22:07', NULL, 100),
(94, '270.00', '2018-10-29 17:22:07', NULL, 101),
(95, '260.00', '2018-10-29 17:22:07', NULL, 102),
(96, '260.00', '2018-10-29 17:22:07', NULL, 103),
(97, '510.00', '2018-10-29 17:22:08', NULL, 107),
(98, '510.00', '2018-10-29 17:22:08', NULL, 106),
(99, '510.00', '2018-10-29 17:22:08', NULL, 105),
(100, '800.00', '2018-10-29 17:22:08', NULL, 126),
(101, '800.00', '2018-10-29 17:22:08', NULL, 127),
(102, '460.00', '2018-10-29 17:29:01', NULL, 96),
(103, '1845.00', '2018-10-29 17:29:01', NULL, 108),
(104, '1845.00', '2018-10-29 17:29:02', NULL, 109),
(105, '850.00', '2018-10-29 17:29:02', NULL, 112),
(106, '850.00', '2018-10-29 17:29:02', NULL, 113),
(107, '930.00', '2018-10-29 17:29:02', NULL, 114),
(108, '990.00', '2018-10-29 17:33:30', NULL, 115),
(109, '1120.00', '2018-10-29 17:33:30', NULL, 116),
(110, '910.00', '2018-10-29 17:36:22', NULL, 123),
(111, '910.00', '2018-10-29 17:36:22', NULL, 124),
(112, '910.00', '2018-10-29 17:36:22', NULL, 125),
(113, '1845.00', '2018-10-30 07:06:30', NULL, 118),
(114, '855.00', '2018-10-30 07:57:22', NULL, 119),
(115, '855.00', '2018-10-30 07:57:23', NULL, 120),
(116, '1845.00', '2018-10-30 07:57:23', NULL, 121),
(117, '855.00', '2018-10-30 07:57:23', NULL, 148),
(118, '850.00', '2018-10-30 07:57:23', NULL, 132),
(119, '850.00', '2018-10-30 07:57:23', NULL, 131),
(120, '1390.00', '2018-10-30 07:59:42', NULL, 117),
(121, '4.80', '2018-10-30 14:51:36', NULL, 150),
(122, '36.00', '2018-10-30 14:51:36', NULL, 151),
(123, '7.90', '2018-10-30 15:58:41', NULL, 152),
(124, '10.80', '2018-10-30 15:58:41', NULL, 153),
(125, '20.00', '2018-10-30 15:58:42', NULL, 154),
(126, '5.56', '2018-10-30 15:58:42', NULL, 155),
(127, '8.40', '2018-10-30 15:58:42', NULL, 156),
(128, '16.78', '2018-10-30 15:58:42', NULL, 157),
(129, '8.60', '2018-10-30 15:58:42', NULL, 158),
(130, '13.90', '2018-10-30 15:58:42', NULL, 159),
(131, '18.14', '2018-10-30 15:58:42', NULL, 160),
(132, '45.50', '2018-10-30 15:58:42', NULL, 161),
(133, '14.00', '2018-10-30 15:58:42', NULL, 162),
(134, '7.00', '2018-10-30 15:58:42', NULL, 163),
(135, '2.40', '2018-10-30 15:58:42', NULL, 164),
(136, '4.30', '2018-10-30 15:58:43', NULL, 165),
(137, '587.00', '2018-10-30 15:58:43', NULL, 166),
(138, '20.80', '2018-10-30 15:58:43', NULL, 170),
(139, '5.60', '2018-10-30 15:58:43', NULL, 195),
(140, '37.50', '2018-10-30 15:58:43', NULL, 171),
(141, '6.20', '2018-10-30 15:58:43', NULL, 172),
(142, '16.20', '2018-10-30 15:58:43', NULL, 167),
(143, '37.00', '2018-10-30 15:58:43', NULL, 174),
(144, '47.00', '2018-10-30 15:58:43', NULL, 175),
(145, '107.00', '2018-10-30 15:58:44', NULL, 176),
(146, '63.00', '2018-10-30 17:11:36', NULL, 196),
(147, '107.00', '2018-10-30 17:11:36', NULL, 197),
(148, '18.80', '2018-10-30 17:11:36', NULL, 209),
(149, '22.20', '2018-10-30 17:11:36', NULL, 200),
(150, '63.20', '2018-10-30 17:11:36', NULL, 199),
(151, '37.15', '2018-10-30 17:11:36', NULL, 198),
(152, '18.80', '2018-10-30 17:11:37', NULL, 207),
(153, '0.90', '2018-10-30 17:11:37', NULL, 201),
(154, '4.73', '2018-10-30 17:11:37', NULL, 202),
(155, '1.68', '2018-10-30 17:11:37', NULL, 203),
(156, '49.70', '2018-10-30 17:11:37', NULL, 204),
(157, '8.80', '2018-10-30 17:11:37', NULL, 205),
(158, '17.25', '2018-10-30 17:11:37', NULL, 206),
(159, '47.35', '2018-10-30 17:11:37', NULL, 211),
(160, '20.00', '2018-10-30 17:11:37', NULL, 212),
(161, '1.30', '2018-10-30 17:11:37', NULL, 213),
(162, '43.20', '2018-10-30 17:11:37', NULL, 214),
(163, '45.00', '2018-10-30 17:11:38', NULL, 215),
(164, '33.30', '2018-10-30 17:11:38', NULL, 216),
(165, '8.80', '2018-10-30 17:11:38', NULL, 217),
(166, '17.70', '2018-10-30 17:11:38', NULL, 218),
(167, '3.25', '2018-10-30 17:11:38', NULL, 219),
(168, '2.00', '2018-10-30 17:11:38', NULL, 220),
(169, '1.18', '2018-10-30 17:11:38', NULL, 221),
(170, '1.60', '2018-10-30 17:11:38', NULL, 222),
(171, '1.00', '2018-10-30 17:11:38', NULL, 223),
(172, '50.20', '2018-10-30 17:11:38', NULL, 224),
(173, '57.50', '2018-10-30 17:11:38', NULL, 226),
(174, '71.78', '2018-10-30 17:11:39', '2018-10-30 17:11:39', 225),
(175, '73.20', '2018-10-30 17:11:39', NULL, 225),
(176, '87.00', '2018-10-30 17:11:39', NULL, 227),
(177, '41.00', '2018-10-30 17:11:39', NULL, 230),
(178, '15.00', '2018-10-30 17:11:39', NULL, 231),
(179, '4.50', '2018-10-30 17:11:39', NULL, 232),
(180, '22.00', '2018-10-30 17:11:40', NULL, 233),
(181, '5.40', '2018-10-30 17:11:40', NULL, 229),
(182, '4.40', '2018-10-30 17:11:40', NULL, 228),
(183, '100.00', '2018-10-30 17:11:40', NULL, 234),
(184, '11.80', '2018-10-30 17:11:40', NULL, 235),
(185, '1.62', '2018-10-30 17:11:40', '2018-10-30 17:11:40', 236),
(186, '1.63', '2018-10-30 17:11:40', NULL, 236),
(187, '12.75', '2018-10-30 17:11:40', NULL, 237),
(188, '85.00', '2018-10-31 14:30:29', NULL, 177),
(189, '70.00', '2018-10-31 14:30:29', NULL, 178),
(190, '36.42', '2018-10-31 14:30:29', NULL, 179),
(191, '36.42', '2018-10-31 14:30:29', NULL, 180),
(192, '65.42', '2018-10-31 14:30:29', NULL, 181),
(193, '171.00', '2018-10-31 14:30:29', NULL, 182),
(194, '63.00', '2018-10-31 14:30:29', NULL, 183),
(195, '51.42', '2018-10-31 14:30:30', NULL, 184),
(196, '62.13', '2018-10-31 14:30:30', NULL, 185),
(197, '109.14', '2018-10-31 14:30:30', NULL, 186),
(198, '61.00', '2018-10-31 17:55:44', '2018-10-31 17:55:44', 334),
(199, '83.35', '2018-10-31 14:30:30', NULL, 187),
(200, '77.52', '2018-10-31 14:30:30', NULL, 189),
(201, '55.72', '2018-10-31 14:30:30', NULL, 190),
(202, '80.00', '2018-10-31 14:30:30', NULL, 194),
(203, '145.00', '2018-10-31 14:30:30', NULL, 238),
(204, '115.00', '2018-10-31 14:30:30', NULL, 239),
(205, '115.00', '2018-10-31 14:30:30', NULL, 240),
(206, '115.00', '2018-10-31 14:30:30', NULL, 241),
(207, '75.00', '2018-10-31 14:30:31', NULL, 243),
(208, '84.00', '2018-10-31 14:30:31', NULL, 242),
(209, '52.83', '2018-10-31 14:30:31', NULL, 244),
(210, '85.70', '2018-10-31 14:30:31', NULL, 245),
(211, '65.74', '2018-10-31 14:30:31', NULL, 246),
(212, '51.43', '2018-10-31 14:30:31', NULL, 247),
(213, '35.00', '2018-10-31 14:30:31', NULL, 248),
(214, '29.00', '2018-10-31 14:30:31', NULL, 249),
(215, '306.00', '2018-10-31 14:30:31', NULL, 250),
(216, '100.00', '2018-10-31 14:30:32', NULL, 251),
(217, '40.00', '2018-10-31 14:30:32', NULL, 252),
(218, '299.00', '2018-10-31 14:30:32', NULL, 254),
(219, '52.74', '2018-10-31 14:30:32', NULL, 255),
(220, '39.90', '2018-10-31 14:30:32', NULL, 256),
(221, '30.21', '2018-10-31 14:30:32', NULL, 257),
(222, '39.81', '2018-10-31 14:30:32', NULL, 258),
(223, '17.81', '2018-10-31 14:30:32', NULL, 259),
(224, '49.28', '2018-10-31 14:30:33', NULL, 260),
(225, '65.00', '2018-10-31 14:30:33', NULL, 262),
(226, '92.15', '2018-10-31 14:30:33', '2018-10-31 14:30:33', 263),
(227, '90.27', '2018-10-31 14:30:33', NULL, 263),
(228, '158.42', '2018-10-31 14:30:33', NULL, 264),
(229, '148.00', '2018-10-31 14:30:33', NULL, 265),
(230, '165.00', '2018-10-31 14:30:34', NULL, 266),
(231, '150.95', '2018-10-31 14:30:34', NULL, 267),
(232, '69.75', '2018-10-31 14:30:34', NULL, 268),
(233, '80.00', '2018-10-31 14:30:34', NULL, 269),
(234, '521.00', '2018-10-31 15:55:18', '2018-10-31 20:55:18', 191),
(235, '342.00', '2018-10-31 15:55:42', '2018-10-31 20:55:42', 192),
(236, '206.50', '2018-10-31 15:55:55', '2018-10-31 20:55:55', 193),
(237, '14.48', '2018-10-31 15:55:18', NULL, 191),
(238, '8.70', '2018-10-31 15:55:42', NULL, 192),
(239, '5.10', '2018-10-31 15:55:55', NULL, 193),
(240, '6.40', '2018-10-31 17:15:23', NULL, 290),
(241, '2.10', '2018-10-31 17:15:23', NULL, 291),
(242, '11.30', '2018-10-31 17:15:23', NULL, 289),
(243, '5.80', '2018-10-31 17:15:23', NULL, 287),
(244, '8.00', '2018-10-31 17:15:23', NULL, 286),
(245, '12.33', '2018-10-31 17:15:23', NULL, 295),
(246, '6.30', '2018-10-31 17:15:23', NULL, 296),
(247, '18.92', '2018-10-31 17:15:23', NULL, 298),
(248, '16.50', '2018-10-31 17:15:23', NULL, 297),
(249, '4.90', '2018-10-31 17:15:24', NULL, 283),
(250, '13.87', '2018-10-31 17:15:24', NULL, 285),
(251, '8.20', '2018-10-31 17:15:24', NULL, 284),
(252, '52.85', '2018-10-31 17:15:24', NULL, 282),
(253, '52.85', '2018-10-31 17:15:24', NULL, 281),
(254, '52.53', '2018-10-31 17:15:24', NULL, 279),
(255, '52.53', '2018-10-31 17:15:24', NULL, 280),
(256, '40.75', '2018-10-31 17:15:25', NULL, 273),
(257, '47.28', '2018-10-31 17:15:25', NULL, 274),
(258, '46.00', '2018-10-31 17:15:25', NULL, 275),
(259, '77.00', '2018-10-31 17:15:25', NULL, 276),
(260, '82.78', '2018-10-31 17:15:25', NULL, 277),
(261, '70.00', '2018-10-31 17:15:25', NULL, 299),
(262, '5.04', '2018-10-31 17:15:26', NULL, 300),
(263, '6.05', '2018-10-31 17:15:26', NULL, 302),
(264, '10.97', '2018-10-31 17:15:26', NULL, 303),
(265, '12.21', '2018-10-31 17:15:26', NULL, 304),
(266, '40.00', '2018-10-31 17:15:26', NULL, 306),
(267, '20.28', '2018-10-31 17:15:27', NULL, 307),
(268, '13.92', '2018-10-31 17:15:27', NULL, 308),
(269, '18.57', '2018-10-31 17:15:27', NULL, 309),
(270, '3.60', '2018-10-31 17:15:27', NULL, 288),
(271, '35.00', '2018-10-31 17:15:27', NULL, 301),
(272, '1.27', '2018-10-31 17:15:27', NULL, 353),
(273, '17.04', '2018-10-31 17:15:27', NULL, 315),
(274, '11.22', '2018-10-31 17:15:27', '2018-10-31 17:15:27', 314),
(275, '11.55', '2018-10-31 17:15:27', NULL, 314),
(276, '5.00', '2018-10-31 17:15:27', NULL, 499),
(277, '10.30', '2018-10-31 17:15:28', NULL, 317),
(278, '10.30', '2018-10-31 17:29:31', NULL, 388),
(279, '12.33', '2018-10-31 17:29:31', NULL, 387),
(280, '27.50', '2018-10-31 17:29:32', NULL, 389),
(281, '58.00', '2018-10-31 17:29:32', NULL, 384),
(282, '207.00', '2018-10-31 17:29:32', NULL, 379),
(283, '75.00', '2018-10-31 17:29:32', NULL, 382),
(284, '119.00', '2018-10-31 17:29:32', NULL, 386),
(285, '101.00', '2018-10-31 17:29:32', NULL, 383),
(286, '89.00', '2018-10-31 17:29:32', NULL, 381),
(287, '159.00', '2018-10-31 17:29:32', NULL, 385),
(288, '175.00', '2018-10-31 17:29:32', NULL, 377),
(289, '96.00', '2018-10-31 17:29:32', NULL, 380),
(290, '20.20', '2018-10-31 17:29:32', NULL, 371),
(291, '40.85', '2018-10-31 17:29:33', NULL, 373),
(292, '15.28', '2018-10-31 17:29:33', NULL, 372),
(293, '67.10', '2018-10-31 17:37:13', NULL, 375),
(294, '100.00', '2018-10-31 17:37:13', NULL, 500),
(295, '34.60', '2018-10-31 17:37:13', NULL, 338),
(296, '37.10', '2018-10-31 17:37:13', NULL, 374),
(297, '8.78', '2018-10-31 17:37:13', NULL, 368),
(298, '14.60', '2018-10-31 17:37:13', NULL, 369),
(299, '4.00', '2018-10-31 17:37:13', NULL, 367),
(300, '43.50', '2018-10-31 17:37:13', NULL, 365),
(301, '27.00', '2018-10-31 17:37:13', NULL, 364),
(302, '4.85', '2018-10-31 17:37:13', NULL, 362),
(303, '9.75', '2018-10-31 17:37:13', NULL, 363),
(304, '7.86', '2018-10-31 17:37:13', NULL, 361),
(305, '16.96', '2018-10-31 17:37:14', NULL, 359),
(306, '15.76', '2018-10-31 17:37:14', NULL, 360),
(307, '9.73', '2018-10-31 17:37:14', NULL, 358),
(308, '3.06', '2018-10-31 17:47:05', NULL, 357),
(309, '1.70', '2018-10-31 17:47:05', NULL, 356),
(310, '2.88', '2018-10-31 17:47:05', NULL, 350),
(311, '1.52', '2018-10-31 17:47:05', NULL, 349),
(312, '3.73', '2018-10-31 17:47:05', NULL, 355),
(313, '4.65', '2018-10-31 17:47:05', NULL, 354),
(314, '11.40', '2018-10-31 17:47:06', NULL, 348),
(315, '6.35', '2018-10-31 17:47:06', NULL, 347),
(316, '5.43', '2018-10-31 17:47:06', NULL, 345),
(317, '8.40', '2018-10-31 17:47:06', NULL, 351),
(318, '36.00', '2018-10-31 17:47:06', NULL, 340),
(319, '51.00', '2018-10-31 17:55:43', NULL, 342),
(320, '31.00', '2018-10-31 17:55:43', NULL, 339),
(321, '1.40', '2018-10-31 17:55:43', NULL, 344),
(322, '3.30', '2018-10-31 17:55:44', NULL, 343),
(323, '21.90', '2018-11-02 06:22:40', '2018-11-02 06:22:40', 337),
(324, '5.13', '2018-10-31 17:55:44', NULL, 336),
(325, '2.60', '2018-10-31 17:55:44', NULL, 335),
(326, '41.60', '2018-10-31 17:55:44', NULL, 334),
(327, '37.60', '2018-10-31 17:55:44', NULL, 333),
(328, '128.00', '2018-10-31 17:55:44', NULL, 332),
(329, '97.00', '2018-10-31 17:55:44', NULL, 331),
(330, '14.05', '2018-10-31 18:06:49', NULL, 316),
(331, '17.05', '2018-10-31 18:06:49', NULL, 305),
(332, '6.46', '2018-10-31 18:06:49', NULL, 318),
(333, '8.53', '2018-10-31 18:06:49', '2018-10-31 18:06:49', 319),
(334, '14.61', '2018-10-31 18:06:49', NULL, 311),
(335, '2.68', '2018-10-31 18:06:49', NULL, 312),
(336, '6.38', '2018-10-31 18:06:49', NULL, 310),
(337, '8.30', '2018-10-31 18:06:49', NULL, 319),
(338, '8.30', '2018-10-31 18:06:50', NULL, 320),
(339, '8.30', '2018-10-31 18:06:50', NULL, 330),
(340, '23.30', '2018-10-31 18:06:50', NULL, 323),
(341, '25.90', '2018-10-31 18:06:50', NULL, 321),
(342, '30.20', '2018-10-31 18:06:50', NULL, 322),
(343, '20.50', '2018-10-31 18:06:50', NULL, 325),
(344, '24.70', '2018-10-31 18:06:50', NULL, 324),
(345, '475.00', '2018-10-31 18:06:50', NULL, 326),
(346, '159.00', '2018-10-31 18:06:50', NULL, 329),
(347, '532.00', '2018-10-31 18:06:50', '2018-10-31 18:06:50', 328),
(348, '542.00', '2018-10-31 18:06:50', NULL, 328),
(349, '40.00', '2018-11-01 09:46:17', NULL, 400),
(350, '15.20', '2018-11-01 09:46:17', NULL, 401),
(351, '15.70', '2018-11-01 09:46:17', NULL, 403),
(352, '24.50', '2018-11-01 09:46:17', NULL, 405),
(353, '18.00', '2018-11-01 09:46:18', NULL, 406),
(354, '37.00', '2018-11-01 09:46:18', NULL, 404),
(355, '24.00', '2018-11-01 09:46:18', NULL, 411),
(356, '14.70', '2018-11-01 10:42:04', NULL, 402),
(357, '12.57', '2018-11-01 10:42:04', NULL, 580),
(358, '18.00', '2018-11-01 10:42:04', NULL, 581),
(359, '110.00', '2018-11-01 10:42:04', NULL, 417),
(360, '22.00', '2018-11-01 10:42:04', NULL, 407),
(361, '17.80', '2018-11-01 10:42:04', NULL, 418),
(362, '22.10', '2018-11-01 10:42:04', NULL, 419),
(363, '13.00', '2018-11-01 10:42:04', NULL, 420),
(364, '30.75', '2018-11-01 10:42:04', NULL, 421),
(365, '18.00', '2018-11-01 10:42:05', NULL, 422),
(366, '26.21', '2018-11-01 10:42:05', NULL, 396),
(367, '25.74', '2018-11-01 10:42:05', NULL, 394),
(368, '28.00', '2018-11-01 10:42:05', NULL, 397),
(369, '30.00', '2018-11-01 10:42:05', NULL, 390),
(370, '10.00', '2018-11-01 10:42:05', NULL, 393),
(371, '36.50', '2018-11-01 10:42:05', NULL, 391),
(372, '24.10', '2018-11-01 10:42:05', NULL, 392),
(373, '13.80', '2018-11-01 10:42:05', NULL, 398),
(374, '23.00', '2018-11-01 10:42:05', NULL, 399),
(375, '6.50', '2018-11-01 12:00:51', NULL, 423),
(376, '6.50', '2018-11-01 12:00:51', NULL, 424),
(377, '6.60', '2018-11-01 12:00:51', NULL, 425),
(378, '21.40', '2018-11-01 12:00:51', NULL, 427),
(379, '21.00', '2018-11-01 12:00:51', NULL, 428),
(380, '16.70', '2018-11-01 12:00:51', NULL, 429),
(381, '14.50', '2018-11-01 12:00:51', NULL, 430),
(382, '50.00', '2018-11-01 12:00:51', NULL, 431),
(383, '40.00', '2018-11-01 12:00:51', NULL, 432),
(384, '30.00', '2018-11-01 12:00:51', NULL, 433),
(385, '15.70', '2018-11-01 12:00:51', NULL, 434),
(386, '10.10', '2018-11-01 12:00:51', NULL, 435),
(387, '14.20', '2018-11-01 12:00:52', NULL, 441),
(388, '19.10', '2018-11-01 12:00:52', NULL, 442),
(389, '11.00', '2018-11-01 12:00:52', NULL, 440),
(390, '16.20', '2018-11-01 12:00:52', NULL, 437),
(391, '16.20', '2018-11-01 12:09:49', NULL, 438),
(392, '21.40', '2018-11-01 12:09:49', NULL, 439),
(393, '11.25', '2018-11-01 12:09:49', '2018-11-01 12:09:49', 443),
(394, '12.17', '2018-11-01 12:09:49', NULL, 443),
(395, '7.39', '2018-11-01 12:09:49', NULL, 444),
(396, '15.89', '2018-11-01 12:09:49', NULL, 445),
(397, '11.40', '2018-11-01 12:09:49', NULL, 446),
(398, '17.00', '2018-11-01 12:09:49', NULL, 447),
(399, '28.70', '2018-11-01 12:09:49', NULL, 451),
(400, '5.75', '2018-11-01 12:09:50', NULL, 448),
(401, '2.05', '2018-11-01 12:09:50', NULL, 449),
(402, '442.75', '2018-11-01 12:09:50', NULL, 450),
(403, '200.00', '2018-11-01 12:09:50', NULL, 452),
(404, '9.33', '2018-11-01 12:09:50', NULL, 453),
(405, '15.00', '2018-11-01 12:09:50', NULL, 454),
(406, '540.00', '2018-11-01 12:09:50', NULL, 455),
(407, '133.00', '2018-11-01 12:44:02', NULL, 501),
(408, '253.00', '2018-11-01 12:44:03', NULL, 502),
(409, '103.00', '2018-11-01 12:44:03', NULL, 503),
(410, '182.00', '2018-11-01 12:44:03', NULL, 505),
(411, '95.00', '2018-11-01 12:44:03', NULL, 504),
(412, '2.90', '2018-11-01 12:44:03', NULL, 506),
(413, '66.00', '2018-11-01 12:44:03', NULL, 507),
(414, '40.00', '2018-11-01 12:44:03', NULL, 508),
(415, '8.80', '2018-11-01 12:44:03', NULL, 509),
(416, '6.00', '2018-11-01 12:44:03', NULL, 512),
(417, '3.60', '2018-11-01 12:44:03', NULL, 510),
(418, '3.60', '2018-11-01 12:44:04', NULL, 511),
(419, '4.60', '2018-11-01 12:44:04', NULL, 513),
(420, '6.30', '2018-11-01 12:44:04', NULL, 514),
(421, '2.67', '2018-11-01 12:44:04', NULL, 515),
(422, '145.00', '2018-11-01 12:44:04', NULL, 520),
(423, '860.00', '2018-11-01 12:44:04', NULL, 526),
(424, '6.60', '2018-11-01 12:44:04', NULL, 516),
(425, '25.00', '2018-11-01 12:44:04', NULL, 527),
(426, '5.00', '2018-11-01 12:44:04', NULL, 525),
(427, '6.00', '2018-11-01 12:44:04', NULL, 521),
(428, '6.40', '2018-11-01 12:44:04', NULL, 524),
(429, '5.00', '2018-11-01 12:44:04', NULL, 523),
(430, '3.10', '2018-11-01 12:44:04', NULL, 522),
(431, '3.57', '2018-11-01 12:44:04', NULL, 518),
(432, '5.56', '2018-11-01 12:44:05', NULL, 517),
(433, '7.07', '2018-11-01 12:44:05', NULL, 519),
(434, '100.00', '2018-11-01 12:44:05', NULL, 579),
(435, '22.00', '2018-11-01 12:44:05', NULL, 578),
(436, '31.00', '2018-11-01 12:44:05', NULL, 577),
(437, '17.00', '2018-11-01 12:44:05', NULL, 574),
(438, '16.00', '2018-11-01 12:44:05', NULL, 575),
(439, '12.00', '2018-11-01 12:44:05', NULL, 576),
(440, '14.46', '2018-11-01 12:44:05', NULL, 593),
(441, '15.00', '2018-11-01 12:44:05', NULL, 597),
(442, '19.64', '2018-11-01 12:44:06', NULL, 595),
(443, '21.40', '2018-11-01 12:44:06', NULL, 596),
(444, '6.40', '2018-11-01 12:44:06', NULL, 592),
(445, '40.00', '2018-11-01 13:10:35', NULL, 496),
(446, '1.72', '2018-11-01 15:36:33', '2018-11-01 20:36:33', 495),
(447, '1.89', '2018-11-01 13:10:36', NULL, 497),
(448, '1.13', '2018-11-01 13:10:36', NULL, 498),
(449, '48.90', '2018-11-01 13:10:36', NULL, 485),
(450, '25.00', '2018-11-01 13:10:36', NULL, 492),
(451, '1.24', '2018-11-01 13:10:36', NULL, 494),
(452, '33.80', '2018-11-01 13:10:36', '2018-11-01 13:10:36', 487),
(453, '37.90', '2018-11-01 13:10:36', NULL, 487),
(454, '58.32', '2018-11-01 13:10:36', NULL, 490),
(455, '56.80', '2018-11-01 13:10:36', NULL, 491),
(456, '52.10', '2018-11-01 13:10:36', NULL, 488),
(457, '1.60', '2018-11-01 13:10:37', '2018-11-01 13:10:37', 483),
(458, '1.66', '2018-11-01 13:10:37', NULL, 483),
(459, '2.00', '2018-11-01 13:10:37', NULL, 484),
(460, '18.00', '2018-11-01 13:10:37', NULL, 482),
(461, '31.00', '2018-11-01 13:10:37', NULL, 480),
(462, '7.83', '2018-11-01 13:10:37', NULL, 477),
(463, '23.33', '2018-11-01 13:10:38', NULL, 479),
(464, '15.50', '2018-11-01 13:10:38', NULL, 478),
(465, '18.50', '2018-11-01 13:10:38', NULL, 475),
(466, '15.90', '2018-11-01 13:10:38', '2018-11-01 13:10:38', 476),
(467, '14.40', '2018-11-01 13:10:38', NULL, 476),
(468, '3.80', '2018-11-01 13:40:28', NULL, 473),
(469, '29.40', '2018-11-01 13:40:28', NULL, 474),
(470, '13.85', '2018-11-01 13:40:29', NULL, 472),
(471, '7.20', '2018-11-01 13:40:29', NULL, 471),
(472, '21.40', '2018-11-01 13:40:29', NULL, 469),
(473, '39.30', '2018-11-01 13:40:29', NULL, 468),
(474, '1.68', '2018-11-01 13:40:29', NULL, 470),
(475, '17.70', '2018-11-01 13:47:34', NULL, 467),
(476, '27.10', '2018-11-01 13:47:34', NULL, 465),
(477, '36.00', '2018-11-01 13:47:34', NULL, 464),
(478, '130.00', '2018-11-01 13:47:34', NULL, 463),
(479, '180.57', '2018-11-01 13:47:34', NULL, 462),
(480, '195.00', '2018-11-01 13:47:34', NULL, 461),
(481, '10.00', '2018-11-01 13:47:34', NULL, 460),
(482, '7.75', '2018-11-01 13:47:34', NULL, 459),
(483, '10.70', '2018-11-01 13:47:34', NULL, 457),
(484, '13.00', '2018-11-01 13:47:34', NULL, 458),
(485, '551.72', '2018-11-01 13:47:34', NULL, 456),
(486, '22.00', '2018-11-01 15:31:48', '2018-11-01 15:31:48', 561),
(487, '9.16', '2018-11-01 15:31:47', NULL, 562),
(488, '3.12', '2018-11-01 15:31:47', NULL, 558),
(489, '18.07', '2018-11-01 15:31:47', NULL, 556),
(490, '13.57', '2018-11-01 15:31:47', NULL, 557),
(491, '9.14', '2018-11-01 15:31:47', NULL, 554),
(492, '14.64', '2018-11-01 15:31:47', NULL, 555),
(493, '15.35', '2018-11-01 15:31:48', NULL, 551),
(494, '5.90', '2018-11-01 15:31:48', NULL, 553),
(495, '8.00', '2018-11-01 15:31:48', NULL, 569),
(496, '11.00', '2018-11-01 15:31:48', NULL, 570),
(497, '3.83', '2018-11-01 15:31:48', NULL, 598),
(498, '13.00', '2018-11-01 15:31:48', NULL, 567),
(499, '10.20', '2018-11-01 15:31:48', NULL, 568),
(500, '19.64', '2018-11-01 15:31:48', NULL, 563),
(501, '16.25', '2018-11-01 15:31:48', NULL, 565),
(502, '9.36', '2018-11-01 15:31:48', NULL, 564),
(503, '19.00', '2018-11-01 15:31:48', NULL, 559),
(504, '14.00', '2018-11-01 15:31:48', NULL, 560),
(505, '18.00', '2018-11-01 15:31:48', NULL, 561),
(506, '0.58', '2018-11-01 15:36:33', NULL, 495),
(507, '29.60', '2018-11-01 15:38:12', NULL, 599),
(508, '10.50', '2018-11-01 15:50:04', NULL, 552),
(509, '33.90', '2018-11-01 15:50:04', NULL, 550),
(510, '33.30', '2018-11-01 15:50:04', NULL, 549),
(511, '45.80', '2018-11-01 15:50:04', NULL, 548),
(512, '4.90', '2018-11-01 15:50:04', NULL, 546),
(513, '6.83', '2018-11-01 15:50:05', NULL, 547),
(514, '5.50', '2018-11-01 15:50:05', NULL, 543),
(515, '10.00', '2018-11-01 15:50:05', NULL, 544),
(516, '15.00', '2018-11-01 15:50:05', NULL, 545),
(517, '6.80', '2018-11-01 15:50:05', NULL, 542),
(518, '10.28', '2018-11-01 15:50:05', NULL, 541),
(519, '17.85', '2018-11-01 15:50:05', NULL, 540),
(520, '10.00', '2018-11-01 15:50:05', NULL, 539),
(521, '5.50', '2018-11-01 15:50:05', NULL, 537),
(522, '8.06', '2018-11-01 15:50:05', NULL, 536),
(523, '12.00', '2018-11-01 15:50:05', NULL, 538),
(524, '5.00', '2018-11-01 15:50:05', NULL, 535),
(525, '9.00', '2018-11-01 15:50:06', NULL, 534),
(526, '4.20', '2018-11-01 15:50:06', NULL, 533),
(527, '3.20', '2018-11-01 15:50:06', NULL, 532),
(528, '30.00', '2018-11-01 15:51:23', NULL, 530),
(529, '11.50', '2018-11-01 15:51:23', NULL, 531),
(530, '19.00', '2018-11-01 15:51:23', NULL, 529),
(531, '54.00', '2018-11-01 17:24:02', NULL, 601),
(532, '250.00', '2018-11-01 17:24:02', NULL, 602),
(533, '280.00', '2018-11-01 17:24:02', NULL, 603),
(534, '88.00', '2018-11-01 17:24:02', NULL, 604),
(535, '31.89', '2018-11-01 17:24:02', NULL, 606),
(536, '122.00', '2018-11-01 17:24:02', '2018-11-01 17:24:02', 607),
(537, '132.00', '2018-11-01 17:24:02', NULL, 607),
(538, '45.00', '2018-11-01 17:24:02', NULL, 608),
(539, '54.00', '2018-11-01 17:24:02', NULL, 609),
(540, '120.00', '2018-11-01 17:24:02', NULL, 610),
(541, '40.00', '2018-11-01 17:24:02', NULL, 611),
(542, '169.00', '2018-11-01 17:24:03', NULL, 612),
(543, '220.00', '2018-11-01 17:24:03', NULL, 613),
(544, '40.00', '2018-11-01 17:24:03', NULL, 614),
(545, '55.00', '2018-11-01 17:24:03', NULL, 615),
(546, '36.00', '2018-11-01 17:24:03', NULL, 617),
(547, '55.00', '2018-11-01 17:24:03', NULL, 616),
(548, '127.00', '2018-11-01 17:24:03', NULL, 619),
(549, '80.00', '2018-11-01 17:24:03', NULL, 620),
(550, '75.00', '2018-11-01 17:24:03', NULL, 621),
(551, '37.00', '2018-11-01 17:24:03', NULL, 622),
(552, '77.00', '2018-11-01 17:24:03', NULL, 618),
(553, '82.00', '2018-11-01 17:24:03', NULL, 623),
(554, '35.00', '2018-11-01 17:24:03', NULL, 626),
(555, '36.00', '2018-11-01 17:27:35', NULL, 627),
(556, '51.00', '2018-11-01 17:27:35', NULL, 628),
(557, '65.00', '2018-11-01 17:27:35', NULL, 629),
(558, '80.00', '2018-11-01 17:27:35', NULL, 630),
(559, '93.00', '2018-11-01 17:27:35', NULL, 631),
(560, '60.00', '2018-11-01 17:27:36', NULL, 632),
(561, '67.00', '2018-11-01 17:27:36', NULL, 633),
(562, '167.00', '2018-11-01 17:27:36', NULL, 271),
(563, '170.00', '2018-11-01 17:27:36', NULL, 272),
(564, '168.00', '2018-11-01 17:27:36', NULL, 270),
(565, '139.00', '2018-11-02 06:22:40', NULL, 691),
(566, '21.86', '2018-11-02 06:22:40', NULL, 366),
(567, '21.93', '2018-11-02 06:22:40', NULL, 337),
(568, '68.53', '2018-11-02 06:22:40', NULL, 690),
(569, '64.78', '2018-11-02 06:22:40', NULL, 692),
(570, '20.35', '2018-11-02 08:43:55', NULL, 676),
(571, '5.33', '2018-11-02 08:43:55', NULL, 677),
(572, '8.16', '2018-11-02 08:43:55', NULL, 678),
(573, '70.00', '2018-11-02 08:43:55', NULL, 683),
(574, '9.25', '2018-11-02 08:43:55', NULL, 686),
(575, '9.25', '2018-11-02 08:43:55', NULL, 685),
(576, '17.60', '2018-11-02 08:43:55', NULL, 682),
(577, '12.20', '2018-11-02 08:43:55', NULL, 681),
(578, '22.80', '2018-11-02 08:43:55', NULL, 684),
(579, '11.15', '2018-11-02 08:43:55', NULL, 680),
(580, '5.00', '2018-11-02 08:43:55', NULL, 679),
(581, '21.00', '2018-11-02 08:43:55', NULL, 687),
(582, '11.28', '2018-11-02 08:43:56', NULL, 688),
(583, '4.28', '2018-11-02 08:43:56', NULL, 689),
(584, '90.28', '2018-11-02 09:02:26', NULL, 634),
(585, '0.66', '2018-11-02 09:02:26', NULL, 635),
(586, '1.33', '2018-11-02 09:02:26', NULL, 636),
(587, '13.80', '2018-11-02 09:02:26', NULL, 641),
(588, '21.16', '2018-11-02 09:02:26', NULL, 639),
(589, '27.30', '2018-11-02 09:02:27', NULL, 640),
(590, '10.80', '2018-11-02 09:02:27', NULL, 637),
(591, '5.70', '2018-11-02 09:02:27', NULL, 642),
(592, '15.70', '2018-11-02 09:02:27', NULL, 643),
(593, '33.80', '2018-11-02 09:02:27', NULL, 644),
(594, '13.00', '2018-11-02 09:02:27', NULL, 646),
(595, '25.00', '2018-11-02 09:02:27', NULL, 645),
(596, '9.40', '2018-11-02 09:02:27', NULL, 648),
(597, '46.60', '2018-11-02 09:02:28', '2018-11-02 09:02:28', 650),
(598, '4.25', '2018-11-02 09:02:27', NULL, 649),
(599, '11.50', '2018-11-02 09:02:27', NULL, 651),
(600, '4.00', '2018-11-02 09:02:28', NULL, 647),
(601, '2.30', '2018-11-02 09:02:28', NULL, 653),
(602, '5.35', '2018-11-02 09:02:28', NULL, 654),
(603, '2.52', '2018-11-02 09:02:28', NULL, 655),
(604, '4.72', '2018-11-02 09:02:28', NULL, 658),
(605, '19.40', '2018-11-02 09:02:28', NULL, 657),
(606, '10.82', '2018-11-02 09:02:28', NULL, 656),
(607, '46.40', '2018-11-02 09:02:28', NULL, 650),
(608, '16.40', '2018-11-02 09:13:48', NULL, 659),
(609, '13.25', '2018-11-02 09:13:48', NULL, 664),
(610, '2.77', '2018-11-02 09:13:48', NULL, 663),
(611, '12.90', '2018-11-02 09:13:48', NULL, 665),
(612, '18.50', '2018-11-02 09:13:48', NULL, 661),
(613, '13.57', '2018-11-02 09:13:48', NULL, 660),
(614, '3.40', '2018-11-02 09:13:48', NULL, 662),
(615, '5.60', '2018-11-02 09:13:48', NULL, 667),
(616, '3.03', '2018-11-02 09:13:48', NULL, 668),
(617, '1.43', '2018-11-02 09:13:49', NULL, 669),
(618, '2.56', '2018-11-02 09:13:49', NULL, 670),
(619, '1.60', '2018-11-02 09:13:49', NULL, 671),
(620, '0.92', '2018-11-02 09:13:49', NULL, 672),
(621, '2.52', '2018-11-02 09:13:49', NULL, 673),
(622, '6.80', '2018-11-02 09:13:49', NULL, 675),
(623, '2.13', '2018-11-02 09:13:49', NULL, 674),
(624, '23.57', '2018-11-02 09:15:28', NULL, 693),
(625, '116.66', '2018-11-02 09:37:49', NULL, 694);

-- --------------------------------------------------------

--
-- Table structure for table `stock_history`
--

CREATE TABLE `stock_history` (
  `id` int(10) UNSIGNED NOT NULL,
  `date` timestamp NOT NULL DEFAULT CURRENT_TIMESTAMP ON UPDATE CURRENT_TIMESTAMP,
  `fk_user_id` int(10) UNSIGNED NOT NULL,
  `invoice` varchar(191) COLLATE utf8mb4_unicode_ci NOT NULL
) ENGINE=InnoDB DEFAULT CHARSET=utf8mb4 COLLATE=utf8mb4_unicode_ci;

--
-- Dumping data for table `stock_history`
--

INSERT INTO `stock_history` (`id`, `date`, `fk_user_id`, `invoice`) VALUES
(1, '2018-10-29 13:29:02', 1, '1'),
(2, '2018-10-29 14:30:17', 1, '2'),
(3, '2018-10-29 16:19:58', 1, '3'),
(11, '2018-10-29 17:00:16', 1, '4'),
(12, '2018-10-29 17:22:06', 1, '5'),
(13, '2018-10-29 17:29:01', 1, '6'),
(14, '2018-10-29 17:33:30', 1, '7'),
(15, '2018-10-29 17:36:22', 1, '8'),
(20, '2018-10-30 07:57:22', 2, '10'),
(21, '2018-10-30 07:59:42', 2, '11'),
(22, '2018-10-30 14:51:36', 1, '12'),
(23, '2018-10-30 15:58:41', 1, '13'),
(24, '2018-10-30 17:11:36', 1, '14'),
(25, '2018-10-31 14:30:29', 2, '16'),
(26, '2018-10-31 17:15:23', 1, '17'),
(27, '2018-10-31 17:29:31', 1, '18'),
(28, '2018-10-31 17:37:13', 1, '19'),
(29, '2018-10-31 17:47:05', 1, '20'),
(30, '2018-10-31 17:55:43', 1, '21'),
(31, '2018-10-31 18:06:49', 1, '22'),
(32, '2018-11-01 09:46:17', 2, '23'),
(33, '2018-11-01 10:42:04', 2, '24'),
(34, '2018-11-01 12:00:51', 1, '25'),
(35, '2018-11-01 12:09:49', 1, '26'),
(36, '2018-11-01 12:44:02', 1, '27'),
(37, '2018-11-01 13:10:35', 1, '28'),
(38, '2018-11-01 13:40:28', 1, '29'),
(39, '2018-11-01 13:47:34', 1, '30'),
(40, '2018-11-01 15:31:47', 1, '32'),
(41, '2018-11-01 15:38:12', 1, '33'),
(42, '2018-11-01 15:50:04', 1, '34'),
(43, '2018-11-01 15:51:23', 1, '35'),
(44, '2018-11-01 17:24:02', 1, '40'),
(45, '2018-11-01 17:27:35', 1, '41'),
(46, '2018-11-01 17:34:05', 1, '42'),
(47, '2018-11-02 06:22:40', 2, '053537'),
(48, '2018-11-02 08:43:55', 2, '43'),
(49, '2018-11-02 09:02:26', 2, '44'),
(50, '2018-11-02 09:13:48', 2, '45'),
(51, '2018-11-02 09:15:28', 2, '46'),
(52, '2018-11-02 09:37:49', 2, '47');

-- --------------------------------------------------------

--
-- Table structure for table `stock_item_qty_history`
--

CREATE TABLE `stock_item_qty_history` (
  `id` int(10) UNSIGNED NOT NULL,
  `qty` decimal(10,2) NOT NULL,
  `fk_stock_history_id` int(10) UNSIGNED NOT NULL,
  `fk_inventory_id` int(10) UNSIGNED NOT NULL,
  `fk_supplier_id` int(10) UNSIGNED NOT NULL
) ENGINE=InnoDB DEFAULT CHARSET=utf8mb4 COLLATE=utf8mb4_unicode_ci;

--
-- Dumping data for table `stock_item_qty_history`
--

INSERT INTO `stock_item_qty_history` (`id`, `qty`, `fk_stock_history_id`, `fk_inventory_id`, `fk_supplier_id`) VALUES
(1, '6.00', 1, 1, 2),
(2, '3.00', 2, 67, 2),
(3, '2.00', 2, 63, 2),
(4, '2.00', 2, 65, 2),
(5, '2.00', 2, 64, 2),
(6, '4.00', 2, 62, 2),
(7, '4.00', 2, 35, 2),
(8, '3.00', 2, 34, 2),
(9, '2.00', 2, 25, 2),
(10, '1.00', 2, 74, 2),
(11, '2.00', 2, 46, 2),
(12, '5.00', 2, 49, 2),
(13, '2.00', 2, 145, 2),
(14, '1.00', 2, 69, 2),
(15, '4.00', 2, 70, 2),
(16, '14.00', 2, 75, 2),
(17, '2.00', 3, 3, 1),
(18, '5.00', 3, 4, 1),
(19, '6.00', 3, 5, 1),
(20, '7.00', 3, 6, 1),
(21, '5.00', 3, 7, 1),
(22, '9.00', 3, 146, 1),
(23, '6.00', 3, 147, 1),
(24, '4.00', 3, 9, 1),
(25, '1.00', 3, 8, 1),
(26, '6.00', 3, 10, 1),
(27, '9.00', 3, 11, 1),
(28, '2.00', 3, 12, 1),
(29, '3.00', 3, 13, 1),
(30, '5.00', 3, 14, 1),
(31, '6.00', 3, 15, 1),
(32, '9.00', 3, 17, 1),
(33, '1.00', 3, 18, 1),
(34, '2.00', 3, 19, 1),
(35, '4.00', 3, 20, 1),
(36, '1.00', 3, 21, 1),
(37, '1.00', 3, 23, 1),
(38, '1.00', 3, 22, 1),
(39, '1.00', 3, 24, 1),
(40, '1.00', 3, 27, 1),
(41, '1.00', 3, 30, 1),
(42, '13.00', 3, 36, 1),
(43, '9.00', 3, 37, 1),
(44, '1.00', 3, 38, 1),
(45, '1.00', 3, 39, 1),
(47, '3.00', 3, 40, 1),
(50, '1.00', 3, 41, 1),
(52, '3.00', 3, 42, 1),
(54, '2.00', 3, 44, 1),
(57, '2.00', 3, 45, 1),
(59, '2.00', 3, 47, 1),
(61, '2.00', 3, 48, 1),
(64, '12.00', 3, 50, 1),
(66, '1.00', 3, 51, 1),
(68, '2.00', 3, 52, 1),
(71, '5.00', 3, 53, 1),
(73, '8.00', 3, 54, 1),
(75, '2.00', 3, 56, 1),
(78, '10.00', 3, 57, 1),
(80, '9.00', 3, 58, 1),
(82, '9.00', 3, 60, 1),
(85, '6.00', 3, 59, 1),
(87, '5.00', 3, 61, 1),
(89, '1.00', 3, 26, 1),
(92, '1.00', 3, 144, 1),
(94, '6.00', 3, 28, 1),
(97, '2.00', 3, 29, 1),
(101, '12.00', 3, 31, 1),
(104, '3.00', 3, 32, 1),
(108, '1.00', 3, 33, 1),
(449, '1.00', 11, 76, 1),
(450, '6.00', 11, 77, 1),
(451, '2.00', 11, 78, 1),
(452, '1.00', 11, 79, 1),
(453, '1.00', 11, 80, 1),
(454, '3.00', 11, 81, 1),
(455, '1.00', 11, 83, 1),
(456, '1.00', 11, 82, 1),
(457, '1.00', 11, 84, 1),
(458, '1.00', 11, 87, 1),
(459, '1.00', 11, 86, 1),
(460, '1.00', 11, 85, 1),
(461, '9.00', 11, 2, 1),
(462, '2.00', 12, 88, 5),
(463, '2.00', 12, 89, 5),
(464, '3.00', 12, 91, 5),
(465, '1.00', 12, 92, 5),
(466, '1.00', 12, 90, 5),
(467, '2.00', 12, 92, 5),
(468, '2.00', 12, 93, 5),
(469, '2.00', 12, 93, 5),
(470, '1.00', 12, 99, 5),
(471, '1.00', 12, 97, 5),
(472, '2.00', 12, 98, 5),
(473, '1.00', 12, 100, 5),
(474, '3.00', 12, 101, 5),
(475, '1.00', 12, 102, 5),
(476, '3.00', 12, 102, 5),
(477, '3.00', 12, 103, 5),
(478, '1.00', 12, 107, 5),
(479, '2.00', 12, 106, 5),
(480, '2.00', 12, 105, 5),
(481, '1.00', 12, 126, 5),
(482, '1.00', 12, 127, 5),
(483, '1.00', 12, 97, 5),
(484, '3.00', 13, 96, 6),
(485, '1.00', 13, 108, 6),
(486, '2.00', 13, 108, 6),
(487, '2.00', 13, 109, 6),
(488, '3.00', 13, 112, 6),
(489, '4.00', 13, 113, 6),
(490, '2.00', 13, 114, 6),
(491, '1.00', 14, 115, 9),
(492, '1.00', 14, 116, 9),
(493, '1.00', 15, 123, 8),
(494, '1.00', 15, 124, 8),
(495, '1.00', 15, 125, 8),
(496, '1.00', 20, 118, 7),
(497, '2.00', 20, 119, 7),
(498, '2.00', 20, 120, 7),
(499, '1.00', 20, 121, 7),
(500, '2.00', 20, 148, 7),
(501, '1.00', 20, 132, 7),
(502, '1.00', 20, 131, 7),
(503, '1.00', 21, 117, 9),
(504, '10.00', 22, 150, 11),
(505, '1.00', 22, 151, 11),
(506, '60.00', 23, 152, 11),
(507, '90.00', 23, 153, 11),
(508, '30.00', 23, 154, 11),
(509, '20.00', 23, 155, 11),
(510, '40.00', 23, 156, 11),
(511, '18.00', 23, 157, 11),
(512, '28.00', 23, 158, 11),
(513, '14.00', 23, 159, 11),
(514, '7.00', 23, 160, 11),
(515, '30.00', 23, 161, 11),
(516, '50.00', 23, 162, 11),
(517, '30.00', 23, 163, 11),
(518, '56.00', 23, 164, 11),
(519, '20.00', 23, 165, 11),
(520, '1.00', 23, 166, 11),
(521, '10.00', 23, 170, 11),
(522, '40.00', 23, 195, 11),
(523, '10.00', 23, 171, 11),
(524, '50.00', 23, 172, 11),
(525, '30.00', 23, 172, 11),
(526, '60.00', 23, 167, 11),
(527, '4.00', 23, 174, 11),
(528, '3.00', 23, 175, 11),
(529, '5.00', 23, 176, 11),
(530, '3.00', 24, 196, 11),
(531, '2.00', 24, 197, 11),
(532, '20.00', 24, 209, 11),
(533, '10.00', 24, 200, 11),
(534, '30.00', 24, 199, 11),
(535, '20.00', 24, 198, 11),
(536, '30.00', 24, 207, 11),
(537, '108.00', 24, 201, 11),
(538, '80.00', 24, 202, 11),
(539, '170.00', 24, 203, 11),
(540, '10.00', 24, 204, 11),
(541, '18.00', 24, 205, 11),
(542, '24.00', 24, 206, 11),
(543, '14.00', 24, 211, 11),
(544, '2.00', 24, 212, 11),
(545, '80.00', 24, 213, 11),
(546, '10.00', 24, 214, 11),
(547, '30.00', 24, 215, 11),
(548, '30.00', 24, 216, 11),
(549, '20.00', 24, 217, 11),
(550, '16.00', 24, 218, 11),
(551, '28.00', 24, 219, 11),
(552, '56.00', 24, 220, 11),
(553, '120.00', 24, 221, 11),
(554, '20.00', 24, 222, 11),
(555, '76.00', 24, 223, 11),
(556, '35.00', 24, 224, 11),
(557, '14.00', 24, 226, 11),
(558, '14.00', 24, 225, 11),
(559, '14.00', 24, 225, 11),
(560, '3.00', 24, 227, 11),
(561, '5.00', 24, 230, 11),
(562, '30.00', 24, 231, 11),
(563, '84.00', 24, 232, 11),
(564, '18.00', 24, 233, 11),
(565, '50.00', 24, 229, 11),
(566, '62.00', 24, 228, 11),
(567, '4.00', 24, 234, 11),
(568, '30.00', 24, 235, 11),
(569, '50.00', 24, 236, 11),
(570, '50.00', 24, 236, 11),
(571, '12.00', 24, 237, 11),
(572, '6.00', 25, 177, 9),
(573, '4.00', 25, 178, 9),
(574, '4.00', 25, 179, 9),
(575, '4.00', 25, 180, 9),
(576, '6.00', 25, 181, 9),
(577, '2.00', 25, 182, 9),
(578, '4.00', 25, 183, 9),
(579, '38.00', 25, 184, 9),
(580, '3.00', 25, 185, 9),
(581, '4.00', 25, 186, 9),
(582, '4.00', 25, 334, 9),
(583, '5.00', 25, 187, 9),
(584, '1.00', 25, 189, 9),
(585, '3.00', 25, 190, 9),
(586, '10.00', 25, 194, 9),
(587, '3.00', 25, 238, 9),
(588, '1.00', 25, 239, 9),
(589, '1.00', 25, 240, 9),
(590, '10.00', 25, 241, 9),
(591, '2.00', 25, 243, 9),
(592, '3.00', 25, 242, 9),
(593, '3.00', 25, 244, 9),
(594, '4.00', 25, 245, 9),
(595, '5.00', 25, 246, 9),
(596, '1.00', 25, 247, 9),
(597, '4.00', 25, 248, 9),
(598, '1.00', 25, 249, 9),
(599, '2.00', 25, 249, 9),
(600, '1.00', 25, 250, 9),
(601, '2.00', 25, 250, 9),
(602, '1.00', 25, 251, 9),
(603, '1.00', 25, 252, 9),
(604, '2.00', 25, 254, 9),
(605, '2.00', 25, 255, 9),
(606, '1.00', 25, 255, 9),
(607, '1.00', 25, 256, 9),
(608, '1.00', 25, 256, 9),
(609, '6.00', 25, 257, 9),
(610, '3.00', 25, 258, 9),
(611, '2.00', 25, 259, 9),
(612, '1.00', 25, 259, 9),
(613, '1.00', 25, 259, 9),
(614, '2.00', 25, 260, 9),
(615, '1.00', 25, 262, 9),
(616, '4.00', 25, 262, 9),
(617, '1.00', 25, 262, 9),
(618, '3.00', 25, 263, 9),
(619, '1.00', 25, 263, 9),
(620, '2.00', 25, 264, 9),
(621, '1.00', 25, 265, 9),
(622, '2.00', 25, 266, 9),
(623, '2.00', 25, 267, 9),
(624, '5.00', 25, 268, 9),
(625, '9.00', 25, 269, 9),
(626, '36.00', 25, 191, 9),
(627, '39.00', 25, 192, 9),
(628, '40.00', 25, 193, 9),
(629, '20.00', 26, 290, 9),
(630, '20.00', 26, 290, 9),
(631, '20.00', 26, 291, 9),
(632, '50.00', 26, 289, 9),
(633, '28.00', 26, 287, 9),
(634, '58.00', 26, 286, 9),
(635, '60.00', 26, 295, 9),
(636, '30.00', 26, 296, 9),
(637, '14.00', 26, 298, 9),
(638, '6.00', 26, 297, 9),
(639, '14.00', 26, 297, 9),
(640, '350.00', 26, 283, 9),
(641, '10.00', 26, 283, 9),
(642, '30.00', 26, 285, 9),
(643, '30.00', 26, 284, 9),
(644, '30.00', 26, 284, 9),
(645, '14.00', 26, 282, 9),
(646, '14.00', 26, 282, 9),
(647, '28.00', 26, 281, 9),
(648, '14.00', 26, 281, 9),
(649, '10.00', 26, 279, 9),
(650, '30.00', 26, 279, 9),
(651, '30.00', 26, 280, 9),
(652, '14.00', 26, 273, 9),
(653, '28.00', 26, 274, 9),
(654, '28.00', 26, 275, 9),
(655, '28.00', 26, 276, 9),
(656, '28.00', 26, 277, 9),
(657, '10.00', 26, 299, 9),
(658, '20.00', 26, 300, 9),
(659, '10.00', 26, 300, 9),
(660, '20.00', 26, 302, 9),
(661, '20.00', 26, 303, 9),
(662, '20.00', 26, 304, 9),
(663, '20.00', 26, 306, 9),
(664, '10.00', 26, 307, 9),
(665, '10.00', 26, 307, 9),
(666, '14.00', 26, 308, 9),
(667, '14.00', 26, 309, 9),
(668, '10.00', 26, 288, 9),
(669, '1.00', 26, 301, 9),
(670, '180.00', 26, 353, 9),
(671, '90.00', 26, 315, 9),
(672, '40.00', 26, 314, 9),
(673, '20.00', 26, 314, 9),
(674, '60.00', 26, 499, 9),
(675, '5.00', 26, 317, 9),
(676, '3.00', 27, 182, 9),
(677, '60.00', 27, 388, 9),
(678, '16.00', 27, 387, 9),
(679, '30.00', 27, 389, 9),
(680, '7.00', 27, 384, 9),
(681, '1.00', 27, 379, 9),
(682, '1.00', 27, 382, 9),
(683, '1.00', 27, 386, 9),
(684, '1.00', 27, 383, 9),
(685, '2.00', 27, 381, 9),
(686, '2.00', 27, 385, 9),
(687, '5.00', 27, 377, 9),
(688, '3.00', 27, 380, 9),
(689, '20.00', 27, 371, 9),
(690, '20.00', 27, 373, 9),
(691, '14.00', 27, 372, 9),
(692, '15.00', 28, 375, 9),
(693, '5.00', 28, 500, 9),
(694, '10.00', 28, 338, 9),
(695, '10.00', 28, 374, 9),
(696, '14.00', 28, 368, 9),
(697, '14.00', 28, 369, 9),
(698, '120.00', 28, 367, 9),
(699, '10.00', 28, 365, 9),
(700, '10.00', 28, 364, 9),
(701, '20.00', 28, 362, 9),
(702, '20.00', 28, 363, 9),
(703, '30.00', 28, 361, 9),
(704, '70.00', 28, 359, 9),
(705, '20.00', 28, 360, 9),
(706, '30.00', 28, 358, 9),
(707, '30.00', 29, 357, 9),
(708, '30.00', 29, 357, 9),
(709, '150.00', 29, 356, 9),
(710, '80.00', 29, 350, 9),
(711, '40.00', 29, 349, 9),
(712, '40.00', 29, 355, 9),
(713, '78.00', 29, 354, 9),
(714, '10.00', 29, 348, 9),
(715, '10.00', 29, 347, 9),
(716, '150.00', 29, 345, 9),
(717, '20.00', 29, 351, 9),
(718, '30.00', 29, 351, 9),
(719, '2.00', 29, 340, 9),
(720, '1.00', 30, 342, 9),
(721, '1.00', 30, 339, 9),
(722, '200.00', 30, 344, 9),
(723, '40.00', 30, 343, 9),
(724, '30.00', 30, 337, 9),
(725, '41.00', 30, 336, 9),
(726, '90.00', 30, 335, 9),
(727, '2.00', 30, 334, 9),
(728, '2.00', 30, 333, 9),
(729, '2.00', 30, 332, 9),
(730, '2.00', 30, 331, 9),
(731, '46.00', 31, 316, 9),
(732, '40.00', 31, 305, 9),
(733, '30.00', 31, 318, 9),
(734, '30.00', 31, 319, 9),
(735, '80.00', 31, 311, 9),
(736, '100.00', 31, 312, 9),
(737, '40.00', 31, 310, 9),
(738, '45.00', 31, 319, 9),
(739, '30.00', 31, 320, 9),
(740, '30.00', 31, 330, 9),
(741, '30.00', 31, 323, 9),
(742, '30.00', 31, 321, 9),
(743, '20.00', 31, 322, 9),
(744, '30.00', 31, 325, 9),
(745, '20.00', 31, 324, 9),
(746, '4.00', 31, 326, 9),
(747, '1.00', 31, 329, 9),
(748, '1.00', 31, 328, 9),
(749, '1.00', 31, 328, 9),
(750, '203.00', 32, 400, 8),
(751, '60.00', 32, 401, 8),
(752, '10.00', 32, 403, 8),
(753, '14.00', 32, 405, 8),
(754, '14.00', 32, 406, 8),
(755, '10.00', 32, 404, 8),
(756, '42.00', 32, 411, 8),
(757, '60.00', 33, 402, 8),
(758, '28.00', 33, 580, 8),
(759, '14.00', 33, 581, 8),
(760, '7.00', 33, 417, 8),
(761, '28.00', 33, 407, 8),
(762, '14.00', 33, 418, 8),
(763, '14.00', 33, 419, 8),
(764, '10.00', 33, 420, 8),
(765, '10.00', 33, 420, 8),
(766, '20.00', 33, 421, 8),
(767, '20.00', 33, 422, 8),
(768, '14.00', 33, 396, 8),
(769, '7.00', 33, 396, 8),
(770, '14.00', 33, 394, 8),
(771, '20.00', 33, 397, 8),
(772, '30.00', 33, 390, 8),
(773, '40.00', 33, 393, 8),
(774, '10.00', 33, 391, 8),
(775, '10.00', 33, 392, 8),
(776, '20.00', 33, 398, 8),
(777, '49.00', 33, 399, 8),
(778, '56.00', 34, 423, 8),
(779, '28.00', 34, 424, 8),
(780, '28.00', 34, 425, 8),
(781, '20.00', 34, 427, 8),
(782, '10.00', 34, 428, 8),
(783, '14.00', 34, 429, 8),
(784, '14.00', 34, 430, 8),
(785, '28.00', 34, 431, 8),
(786, '28.00', 34, 432, 8),
(787, '10.00', 34, 433, 8),
(788, '30.00', 34, 434, 8),
(789, '30.00', 34, 435, 8),
(790, '14.00', 34, 441, 8),
(791, '28.00', 34, 442, 8),
(792, '14.00', 34, 440, 8),
(793, '20.00', 34, 437, 8),
(794, '20.00', 35, 438, 8),
(795, '28.00', 35, 439, 8),
(796, '56.00', 35, 443, 8),
(797, '28.00', 35, 443, 8),
(798, '56.00', 35, 444, 8),
(799, '14.00', 35, 445, 8),
(800, '28.00', 35, 445, 8),
(801, '30.00', 35, 446, 8),
(802, '30.00', 35, 447, 8),
(803, '30.00', 35, 447, 8),
(804, '10.00', 35, 451, 8),
(805, '60.00', 35, 448, 8),
(806, '12.00', 35, 449, 8),
(807, '1.00', 35, 450, 8),
(808, '3.00', 35, 452, 8),
(809, '40.00', 35, 453, 8),
(810, '30.00', 35, 454, 8),
(811, '1.00', 35, 455, 8),
(812, '8.00', 36, 501, 13),
(813, '6.00', 36, 502, 13),
(814, '6.00', 36, 503, 13),
(815, '3.00', 36, 505, 13),
(816, '4.00', 36, 504, 13),
(817, '140.00', 36, 506, 13),
(818, '3.00', 36, 507, 13),
(819, '4.00', 36, 508, 13),
(820, '115.00', 36, 509, 13),
(821, '27.00', 36, 512, 13),
(822, '133.00', 36, 510, 13),
(823, '33.00', 36, 511, 13),
(824, '94.00', 36, 513, 13),
(825, '110.00', 36, 514, 13),
(826, '140.00', 36, 515, 13),
(827, '1.00', 36, 520, 13),
(828, '1.00', 36, 526, 13),
(829, '50.00', 36, 516, 13),
(830, '5.00', 36, 527, 13),
(831, '30.00', 36, 525, 13),
(832, '20.00', 36, 521, 13),
(833, '70.00', 36, 524, 13),
(834, '17.00', 36, 523, 13),
(835, '40.00', 36, 522, 13),
(836, '190.00', 36, 518, 13),
(837, '130.00', 36, 517, 13),
(838, '140.00', 36, 519, 13),
(839, '4.00', 36, 579, 13),
(840, '33.00', 36, 578, 13),
(841, '30.00', 36, 577, 13),
(842, '56.00', 36, 574, 13),
(843, '56.00', 36, 575, 13),
(844, '28.00', 36, 576, 13),
(845, '56.00', 36, 593, 13),
(846, '56.00', 36, 597, 13),
(847, '28.00', 36, 595, 13),
(848, '56.00', 36, 596, 13),
(849, '100.00', 36, 592, 13),
(850, '12.00', 37, 496, 8),
(851, '226.00', 37, 495, 8),
(852, '111.00', 37, 497, 8),
(853, '100.00', 37, 497, 8),
(854, '60.00', 37, 498, 8),
(855, '80.00', 37, 498, 8),
(856, '10.00', 37, 485, 8),
(857, '28.00', 37, 492, 8),
(858, '400.00', 37, 494, 8),
(859, '14.00', 37, 487, 8),
(860, '28.00', 37, 487, 8),
(861, '28.00', 37, 490, 8),
(862, '28.00', 37, 491, 8),
(863, '30.00', 37, 488, 8),
(864, '40.00', 37, 483, 8),
(865, '100.00', 37, 483, 8),
(866, '10.00', 37, 484, 8),
(867, '30.00', 37, 484, 8),
(868, '60.00', 37, 482, 8),
(869, '15.00', 37, 480, 8),
(870, '30.00', 37, 480, 8),
(871, '30.00', 37, 477, 8),
(872, '60.00', 37, 479, 8),
(873, '45.00', 37, 478, 8),
(874, '14.00', 37, 475, 8),
(875, '56.00', 37, 475, 8),
(876, '28.00', 37, 476, 8),
(877, '28.00', 37, 476, 8),
(878, '9.00', 38, 473, 8),
(879, '20.00', 38, 473, 8),
(880, '30.00', 38, 473, 8),
(881, '10.00', 38, 474, 8),
(882, '10.00', 38, 474, 8),
(883, '5.00', 38, 472, 8),
(884, '40.00', 38, 472, 8),
(885, '32.00', 38, 471, 8),
(886, '60.00', 38, 471, 8),
(887, '10.00', 38, 469, 8),
(888, '20.00', 38, 469, 8),
(889, '10.00', 38, 468, 8),
(890, '60.00', 38, 470, 8),
(891, '180.00', 39, 470, 8),
(892, '60.00', 39, 467, 8),
(893, '30.00', 39, 467, 8),
(894, '42.00', 39, 465, 8),
(895, '5.00', 39, 464, 8),
(896, '1.00', 39, 463, 8),
(897, '1.00', 39, 462, 8),
(898, '3.00', 39, 461, 8),
(899, '80.00', 39, 460, 8),
(900, '40.00', 39, 459, 8),
(901, '60.00', 39, 457, 8),
(902, '20.00', 39, 458, 8),
(903, '1.00', 39, 456, 8),
(904, '28.00', 40, 561, 13),
(905, '30.00', 40, 562, 13),
(906, '10.00', 40, 558, 13),
(907, '21.00', 40, 556, 13),
(908, '14.00', 40, 557, 13),
(909, '28.00', 40, 554, 13),
(910, '28.00', 40, 555, 13),
(911, '28.00', 40, 555, 13),
(912, '40.00', 40, 551, 13),
(913, '30.00', 40, 553, 13),
(914, '28.00', 40, 569, 13),
(915, '28.00', 40, 570, 13),
(916, '26.00', 40, 598, 13),
(917, '10.00', 40, 567, 13),
(918, '30.00', 40, 568, 13),
(919, '42.00', 40, 563, 13),
(920, '20.00', 40, 565, 13),
(921, '60.00', 40, 564, 13),
(922, '20.00', 40, 559, 13),
(923, '14.00', 40, 560, 13),
(924, '7.00', 40, 561, 13),
(925, '10.00', 41, 599, 8),
(926, '10.00', 42, 552, 13),
(927, '30.00', 42, 550, 13),
(928, '12.00', 42, 549, 13),
(929, '12.00', 42, 548, 13),
(930, '30.00', 42, 546, 13),
(931, '30.00', 42, 547, 13),
(932, '100.00', 42, 543, 13),
(933, '10.00', 42, 544, 13),
(934, '40.00', 42, 544, 13),
(935, '20.00', 42, 545, 13),
(936, '50.00', 42, 542, 13),
(937, '28.00', 42, 541, 13),
(938, '28.00', 42, 540, 13),
(939, '40.00', 42, 539, 13),
(940, '20.00', 42, 537, 13),
(941, '60.00', 42, 536, 13),
(942, '50.00', 42, 538, 13),
(943, '20.00', 42, 535, 13),
(944, '39.00', 42, 534, 13),
(945, '20.00', 42, 534, 13),
(946, '60.00', 42, 533, 13),
(947, '60.00', 42, 532, 13),
(948, '20.00', 43, 530, 13),
(949, '20.00', 43, 531, 13),
(950, '20.00', 43, 529, 13),
(951, '1.00', 44, 601, 13),
(952, '11.00', 44, 602, 13),
(953, '4.00', 44, 603, 13),
(954, '2.00', 44, 604, 13),
(955, '10.00', 44, 606, 13),
(956, '2.00', 44, 607, 13),
(957, '5.00', 44, 607, 13),
(958, '4.00', 44, 608, 13),
(959, '4.00', 44, 609, 13),
(960, '2.00', 44, 610, 13),
(961, '4.00', 44, 611, 13),
(962, '6.00', 44, 612, 13),
(963, '1.00', 44, 613, 13),
(964, '22.00', 44, 614, 13),
(965, '1.00', 44, 613, 13),
(966, '9.00', 44, 615, 13),
(967, '5.00', 44, 617, 13),
(968, '3.00', 44, 616, 13),
(969, '9.00', 44, 619, 13),
(970, '5.00', 44, 620, 13),
(971, '4.00', 44, 621, 13),
(972, '2.00', 44, 622, 13),
(973, '5.00', 44, 618, 13),
(974, '1.00', 44, 623, 13),
(975, '4.00', 44, 626, 13),
(976, '1.00', 45, 627, 13),
(977, '2.00', 45, 628, 13),
(978, '7.00', 45, 629, 13),
(979, '3.00', 45, 630, 13),
(980, '11.00', 45, 631, 13),
(981, '6.00', 45, 632, 13),
(982, '11.00', 45, 633, 13),
(983, '6.00', 45, 271, 13),
(984, '6.00', 45, 272, 13),
(985, '8.00', 45, 270, 13),
(986, '8.00', 46, 286, 9),
(987, '4.00', 47, 691, 9),
(988, '20.00', 47, 364, 9),
(989, '50.00', 47, 366, 9),
(990, '30.00', 47, 337, 9),
(991, '28.00', 47, 690, 9),
(992, '14.00', 47, 692, 9),
(993, '14.00', 48, 676, 13),
(994, '60.00', 48, 677, 13),
(995, '30.00', 48, 678, 13),
(996, '70.00', 48, 683, 13),
(997, '50.00', 48, 686, 13),
(998, '50.00', 48, 685, 13),
(999, '24.00', 48, 682, 13),
(1000, '10.00', 48, 681, 13),
(1001, '10.00', 48, 684, 13),
(1002, '20.00', 48, 680, 13),
(1003, '10.00', 48, 679, 13),
(1004, '14.00', 48, 687, 13),
(1005, '96.00', 48, 688, 13),
(1006, '98.00', 48, 689, 13),
(1007, '4.00', 49, 634, 13),
(1008, '100.00', 49, 635, 13),
(1009, '400.00', 49, 636, 13),
(1010, '12.00', 49, 641, 13),
(1011, '12.00', 49, 639, 13),
(1012, '18.00', 49, 640, 13),
(1013, '28.00', 49, 637, 13),
(1014, '40.00', 49, 642, 13),
(1015, '40.00', 49, 643, 13),
(1016, '12.00', 49, 644, 13),
(1017, '10.00', 49, 646, 13),
(1018, '10.00', 49, 645, 13),
(1019, '8.00', 49, 646, 13),
(1020, '70.00', 49, 648, 13),
(1021, '6.00', 49, 650, 13),
(1022, '6.00', 49, 650, 13),
(1023, '20.00', 49, 649, 13),
(1024, '60.00', 49, 651, 13),
(1025, '12.00', 49, 644, 13),
(1026, '170.00', 49, 647, 13),
(1027, '183.00', 49, 653, 13),
(1028, '120.00', 49, 654, 13),
(1029, '40.00', 49, 655, 13),
(1030, '100.00', 49, 658, 13),
(1031, '10.00', 49, 657, 13),
(1032, '20.00', 49, 657, 13),
(1033, '80.00', 49, 656, 13),
(1034, '6.00', 49, 650, 13),
(1035, '10.00', 50, 659, 13),
(1036, '47.00', 50, 664, 13),
(1037, '20.00', 50, 663, 13),
(1038, '20.00', 50, 665, 13),
(1039, '14.00', 50, 661, 13),
(1040, '14.00', 50, 660, 13),
(1041, '7.00', 50, 660, 13),
(1042, '160.00', 50, 662, 13),
(1043, '50.00', 50, 667, 13),
(1044, '150.00', 50, 668, 13),
(1045, '30.00', 50, 669, 13),
(1046, '30.00', 50, 670, 13),
(1047, '506.00', 50, 671, 13),
(1048, '210.00', 50, 672, 13),
(1049, '200.00', 50, 673, 13),
(1050, '20.00', 50, 675, 13),
(1051, '80.00', 50, 674, 13),
(1052, '14.00', 51, 693, 13),
(1053, '180.00', 52, 694, 14);

-- --------------------------------------------------------

--
-- Table structure for table `supplier`
--

CREATE TABLE `supplier` (
  `id` int(10) UNSIGNED NOT NULL,
  `name` varchar(191) COLLATE utf8mb4_unicode_ci NOT NULL,
  `mobile` varchar(191) COLLATE utf8mb4_unicode_ci NOT NULL,
  `email` varchar(191) COLLATE utf8mb4_unicode_ci DEFAULT NULL,
  `landline` varchar(191) COLLATE utf8mb4_unicode_ci DEFAULT NULL,
  `address` text COLLATE utf8mb4_unicode_ci
) ENGINE=InnoDB DEFAULT CHARSET=utf8mb4 COLLATE=utf8mb4_unicode_ci;

--
-- Dumping data for table `supplier`
--

INSERT INTO `supplier` (`id`, `name`, `mobile`, `email`, `landline`, `address`) VALUES
(1, 'Rawalpindi', '3157777', NULL, NULL, NULL),
(2, 'Raza enterprises', '3335037724', NULL, NULL, 'khan khail plaza'),
(3, 'ZS trader', '3135602195', NULL, NULL, 'Abbottabad'),
(4, 'Waleed enterprises', '3458504158', NULL, NULL, 'Supply bazar Abbottabad'),
(5, 'Pak marketing', '992381333', NULL, '992381333', NULL),
(6, 'RZ trader', '3115812290', NULL, NULL, NULL),
(7, 'Pharma connection', '992337787', NULL, NULL, NULL),
(8, 'Premier Agency', '3129597410', NULL, NULL, NULL),
(9, 'Shahid Enterprises', '992403500', NULL, NULL, NULL),
(10, 'Bilal surgical', '3335062005', NULL, NULL, NULL),
(11, 'Vikor Enterprises', '992383664', NULL, NULL, NULL),
(12, 'Muller & Phipps', '3144001328', NULL, NULL, NULL),
(13, 'United Distributer', '3320570045', NULL, '992330806', 'kareem pura'),
(14, 'Shayan enterpresis', '3122863351', NULL, NULL, 'mandian');

-- --------------------------------------------------------

--
-- Table structure for table `supplier_payment`
--

CREATE TABLE `supplier_payment` (
  `id` int(10) UNSIGNED NOT NULL,
  `total_amount` decimal(10,2) NOT NULL,
  `balance` decimal(10,2) NOT NULL,
  `amount` decimal(10,2) NOT NULL,
  `timestamp` timestamp NOT NULL DEFAULT CURRENT_TIMESTAMP ON UPDATE CURRENT_TIMESTAMP,
  `payment_via` enum('cash','cheque') COLLATE utf8mb4_unicode_ci NOT NULL,
  `fk_supplier_id` int(10) UNSIGNED NOT NULL,
  `fk_user_id` int(10) UNSIGNED NOT NULL
) ENGINE=InnoDB DEFAULT CHARSET=utf8mb4 COLLATE=utf8mb4_unicode_ci;

-- --------------------------------------------------------

--
-- Table structure for table `users`
--

CREATE TABLE `users` (
  `id` int(10) UNSIGNED NOT NULL,
  `name` varchar(191) COLLATE utf8mb4_unicode_ci NOT NULL,
  `username` varchar(191) COLLATE utf8mb4_unicode_ci NOT NULL,
  `password` varchar(191) COLLATE utf8mb4_unicode_ci NOT NULL,
  `remember_token` varchar(100) COLLATE utf8mb4_unicode_ci DEFAULT NULL,
  `created_at` timestamp NULL DEFAULT NULL,
  `updated_at` timestamp NULL DEFAULT NULL
) ENGINE=InnoDB DEFAULT CHARSET=utf8mb4 COLLATE=utf8mb4_unicode_ci;

--
-- Dumping data for table `users`
--

INSERT INTO `users` (`id`, `name`, `username`, `password`, `remember_token`, `created_at`, `updated_at`) VALUES
(1, 'Usama', 'usama', '$2y$10$AVXENfaicdWdP2yihfN40.1c2/l6o3l5u.Vz6YPG7xDcT3e.TD4G2', NULL, NULL, NULL),
(2, 'Irfan', 'irfan', '$2y$10$J8OQt6vir8wEdYmQda.gmOamM0lojQ2kfLCv8beZBjYy4UzS/bwD2', NULL, NULL, NULL);

--
-- Indexes for dumped tables
--

--
-- Indexes for table `company`
--
ALTER TABLE `company`
  ADD PRIMARY KEY (`id`);

--
-- Indexes for table `config`
--
ALTER TABLE `config`
  ADD PRIMARY KEY (`id`);

--
-- Indexes for table `dispose_items`
--
ALTER TABLE `dispose_items`
  ADD PRIMARY KEY (`id`),
  ADD KEY `dispose_items_fk_quantity_history_id_foreign` (`fk_quantity_history_id`),
  ADD KEY `dispose_items_fk_inventory_id_foreign` (`fk_inventory_id`),
  ADD KEY `dispose_items_fk_user_id_foreign` (`fk_user_id`);

--
-- Indexes for table `expiry_items`
--
ALTER TABLE `expiry_items`
  ADD PRIMARY KEY (`id`),
  ADD KEY `expiry_items_fk_expiry_return_id_foreign` (`fk_expiry_return_id`),
  ADD KEY `expiry_items_fk_invetory_id_foreign` (`fk_inventory_id`),
  ADD KEY `expiry_items_fk_quantity_history_id_foreign` (`fk_quantity_history_id`);

--
-- Indexes for table `expiry_return`
--
ALTER TABLE `expiry_return`
  ADD PRIMARY KEY (`id`),
  ADD KEY `expiry_return_fk_supplier_id_foreign` (`fk_supplier_id`),
  ADD KEY `expiry_return_fk_user_id_foreign` (`fk_user_id`);

--
-- Indexes for table `inventory`
--
ALTER TABLE `inventory`
  ADD PRIMARY KEY (`id`),
  ADD KEY `inventory_fk_company_id_foreign` (`fk_company_id`);

--
-- Indexes for table `migrations`
--
ALTER TABLE `migrations`
  ADD PRIMARY KEY (`id`);

--
-- Indexes for table `notifications`
--
ALTER TABLE `notifications`
  ADD PRIMARY KEY (`id`),
  ADD KEY `notifications_notifiable_type_notifiable_id_index` (`notifiable_type`,`notifiable_id`);

--
-- Indexes for table `password_resets`
--
ALTER TABLE `password_resets`
  ADD KEY `password_resets_email_index` (`email`);

--
-- Indexes for table `payment_cheque_receipt_imgs`
--
ALTER TABLE `payment_cheque_receipt_imgs`
  ADD PRIMARY KEY (`id`),
  ADD KEY `payment_cheque_receipt_imgs_fk_payment_id_foreign` (`fk_payment_id`);

--
-- Indexes for table `purchased_qty`
--
ALTER TABLE `purchased_qty`
  ADD PRIMARY KEY (`id`),
  ADD KEY `purchased_qty_fk_purchase_price_id_foreign` (`fk_purchase_price_id`),
  ADD KEY `purchased_qty_fk_sale_item_id_foreign` (`fk_sale_item_id`);

--
-- Indexes for table `purchase_price_history`
--
ALTER TABLE `purchase_price_history`
  ADD PRIMARY KEY (`id`),
  ADD KEY `purchase_price_history_fk_inventory_id_foreign` (`fk_inventory_id`);

--
-- Indexes for table `quantity_history`
--
ALTER TABLE `quantity_history`
  ADD PRIMARY KEY (`id`),
  ADD KEY `quantity_history_fk_purchase_price_id_foreign` (`fk_purchase_price_id`),
  ADD KEY `quantity_history_fk_inventory_id_foreign` (`fk_inventory_id`);

--
-- Indexes for table `returned_items`
--
ALTER TABLE `returned_items`
  ADD PRIMARY KEY (`id`),
  ADD KEY `returned_items_fk_inventory_id_foreign` (`fk_inventory_id`),
  ADD KEY `returned_items_fk_user_id_foreign` (`fk_user_id`),
  ADD KEY `returned_items_fk_sale_id_foreign` (`fk_sale_id`);

--
-- Indexes for table `returned_qty`
--
ALTER TABLE `returned_qty`
  ADD PRIMARY KEY (`id`),
  ADD KEY `returned_qty_fk_returned_item_id_foreign` (`fk_returned_item_id`),
  ADD KEY `returned_qty_fk_purchase_price_id_foreign` (`fk_purchase_price_id`);

--
-- Indexes for table `sale`
--
ALTER TABLE `sale`
  ADD PRIMARY KEY (`id`),
  ADD KEY `sale_fk_user_id_foreign` (`fk_user_id`);

--
-- Indexes for table `sale_items`
--
ALTER TABLE `sale_items`
  ADD PRIMARY KEY (`id`),
  ADD KEY `sale_items_fk_inventory_id_foreign` (`fk_inventory_id`),
  ADD KEY `sale_items_fk_sale_price_id_foreign` (`fk_sale_price_id`),
  ADD KEY `sale_items_fk_sale_id_foreign` (`fk_sale_id`);

--
-- Indexes for table `sale_price_history`
--
ALTER TABLE `sale_price_history`
  ADD PRIMARY KEY (`id`),
  ADD KEY `sale_price_history_fk_inventory_id_foreign` (`fk_inventory_id`);

--
-- Indexes for table `stock_history`
--
ALTER TABLE `stock_history`
  ADD PRIMARY KEY (`id`),
  ADD KEY `stock_history_fk_user_id_foreign` (`fk_user_id`);

--
-- Indexes for table `stock_item_qty_history`
--
ALTER TABLE `stock_item_qty_history`
  ADD PRIMARY KEY (`id`),
  ADD KEY `stock_item_qty_history_fk_stock_history_id_foreign` (`fk_stock_history_id`),
  ADD KEY `stock_item_qty_history_fk_inventory_id_foreign` (`fk_inventory_id`),
  ADD KEY `fk_supplier_id` (`fk_supplier_id`);

--
-- Indexes for table `supplier`
--
ALTER TABLE `supplier`
  ADD PRIMARY KEY (`id`);

--
-- Indexes for table `supplier_payment`
--
ALTER TABLE `supplier_payment`
  ADD PRIMARY KEY (`id`),
  ADD KEY `supplier_payment_fk_supplier_id_foreign` (`fk_supplier_id`),
  ADD KEY `supplier_payment_fk_user_id_foreign` (`fk_user_id`);

--
-- Indexes for table `users`
--
ALTER TABLE `users`
  ADD PRIMARY KEY (`id`),
  ADD UNIQUE KEY `users_username_unique` (`username`);

--
-- AUTO_INCREMENT for dumped tables
--

--
-- AUTO_INCREMENT for table `company`
--
ALTER TABLE `company`
  MODIFY `id` int(10) UNSIGNED NOT NULL AUTO_INCREMENT, AUTO_INCREMENT=109;

--
-- AUTO_INCREMENT for table `config`
--
ALTER TABLE `config`
  MODIFY `id` int(10) NOT NULL AUTO_INCREMENT, AUTO_INCREMENT=2;

--
-- AUTO_INCREMENT for table `dispose_items`
--
ALTER TABLE `dispose_items`
  MODIFY `id` int(10) UNSIGNED NOT NULL AUTO_INCREMENT;

--
-- AUTO_INCREMENT for table `expiry_items`
--
ALTER TABLE `expiry_items`
  MODIFY `id` int(10) UNSIGNED NOT NULL AUTO_INCREMENT;

--
-- AUTO_INCREMENT for table `expiry_return`
--
ALTER TABLE `expiry_return`
  MODIFY `id` int(10) UNSIGNED NOT NULL AUTO_INCREMENT;

--
-- AUTO_INCREMENT for table `inventory`
--
ALTER TABLE `inventory`
  MODIFY `id` int(10) UNSIGNED NOT NULL AUTO_INCREMENT, AUTO_INCREMENT=701;

--
-- AUTO_INCREMENT for table `migrations`
--
ALTER TABLE `migrations`
  MODIFY `id` int(10) UNSIGNED NOT NULL AUTO_INCREMENT;

--
-- AUTO_INCREMENT for table `notifications`
--
ALTER TABLE `notifications`
  MODIFY `id` int(36) NOT NULL AUTO_INCREMENT;

--
-- AUTO_INCREMENT for table `payment_cheque_receipt_imgs`
--
ALTER TABLE `payment_cheque_receipt_imgs`
  MODIFY `id` int(10) UNSIGNED NOT NULL AUTO_INCREMENT;

--
-- AUTO_INCREMENT for table `purchased_qty`
--
ALTER TABLE `purchased_qty`
  MODIFY `id` int(10) UNSIGNED NOT NULL AUTO_INCREMENT, AUTO_INCREMENT=40;

--
-- AUTO_INCREMENT for table `purchase_price_history`
--
ALTER TABLE `purchase_price_history`
  MODIFY `id` int(10) UNSIGNED NOT NULL AUTO_INCREMENT, AUTO_INCREMENT=1054;

--
-- AUTO_INCREMENT for table `quantity_history`
--
ALTER TABLE `quantity_history`
  MODIFY `id` int(10) UNSIGNED NOT NULL AUTO_INCREMENT, AUTO_INCREMENT=1054;

--
-- AUTO_INCREMENT for table `returned_items`
--
ALTER TABLE `returned_items`
  MODIFY `id` int(10) UNSIGNED NOT NULL AUTO_INCREMENT;

--
-- AUTO_INCREMENT for table `returned_qty`
--
ALTER TABLE `returned_qty`
  MODIFY `id` int(10) UNSIGNED NOT NULL AUTO_INCREMENT;

--
-- AUTO_INCREMENT for table `sale`
--
ALTER TABLE `sale`
  MODIFY `id` int(10) UNSIGNED NOT NULL AUTO_INCREMENT, AUTO_INCREMENT=34;

--
-- AUTO_INCREMENT for table `sale_items`
--
ALTER TABLE `sale_items`
  MODIFY `id` int(10) UNSIGNED NOT NULL AUTO_INCREMENT, AUTO_INCREMENT=40;

--
-- AUTO_INCREMENT for table `sale_price_history`
--
ALTER TABLE `sale_price_history`
  MODIFY `id` int(10) UNSIGNED NOT NULL AUTO_INCREMENT, AUTO_INCREMENT=626;

--
-- AUTO_INCREMENT for table `stock_history`
--
ALTER TABLE `stock_history`
  MODIFY `id` int(10) UNSIGNED NOT NULL AUTO_INCREMENT, AUTO_INCREMENT=53;

--
-- AUTO_INCREMENT for table `stock_item_qty_history`
--
ALTER TABLE `stock_item_qty_history`
  MODIFY `id` int(10) UNSIGNED NOT NULL AUTO_INCREMENT, AUTO_INCREMENT=1054;

--
-- AUTO_INCREMENT for table `supplier`
--
ALTER TABLE `supplier`
  MODIFY `id` int(10) UNSIGNED NOT NULL AUTO_INCREMENT, AUTO_INCREMENT=15;

--
-- AUTO_INCREMENT for table `supplier_payment`
--
ALTER TABLE `supplier_payment`
  MODIFY `id` int(10) UNSIGNED NOT NULL AUTO_INCREMENT;

--
-- AUTO_INCREMENT for table `users`
--
ALTER TABLE `users`
  MODIFY `id` int(10) UNSIGNED NOT NULL AUTO_INCREMENT, AUTO_INCREMENT=3;

--
-- Constraints for dumped tables
--

--
-- Constraints for table `dispose_items`
--
ALTER TABLE `dispose_items`
  ADD CONSTRAINT `dispose_items_fk_inventory_id_foreign` FOREIGN KEY (`fk_inventory_id`) REFERENCES `inventory` (`id`),
  ADD CONSTRAINT `dispose_items_fk_quantity_history_id_foreign` FOREIGN KEY (`fk_quantity_history_id`) REFERENCES `quantity_history` (`id`),
  ADD CONSTRAINT `dispose_items_fk_user_id_foreign` FOREIGN KEY (`fk_user_id`) REFERENCES `users` (`id`);

--
-- Constraints for table `expiry_items`
--
ALTER TABLE `expiry_items`
  ADD CONSTRAINT `expiry_items_fk_expiry_return_id_foreign` FOREIGN KEY (`fk_expiry_return_id`) REFERENCES `expiry_return` (`id`),
  ADD CONSTRAINT `expiry_items_fk_invetory_id_foreign` FOREIGN KEY (`fk_inventory_id`) REFERENCES `inventory` (`id`),
  ADD CONSTRAINT `expiry_items_fk_quantity_history_id_foreign` FOREIGN KEY (`fk_quantity_history_id`) REFERENCES `quantity_history` (`id`);

--
-- Constraints for table `expiry_return`
--
ALTER TABLE `expiry_return`
  ADD CONSTRAINT `expiry_return_fk_supplier_id_foreign` FOREIGN KEY (`fk_supplier_id`) REFERENCES `supplier` (`id`),
  ADD CONSTRAINT `expiry_return_fk_user_id_foreign` FOREIGN KEY (`fk_user_id`) REFERENCES `users` (`id`);

--
-- Constraints for table `inventory`
--
ALTER TABLE `inventory`
  ADD CONSTRAINT `inventory_fk_company_id_foreign` FOREIGN KEY (`fk_company_id`) REFERENCES `company` (`id`);

--
-- Constraints for table `payment_cheque_receipt_imgs`
--
ALTER TABLE `payment_cheque_receipt_imgs`
  ADD CONSTRAINT `payment_cheque_receipt_imgs_fk_payment_id_foreign` FOREIGN KEY (`fk_payment_id`) REFERENCES `supplier_payment` (`id`);

--
-- Constraints for table `purchased_qty`
--
ALTER TABLE `purchased_qty`
  ADD CONSTRAINT `purchased_qty_fk_purchase_price_id_foreign` FOREIGN KEY (`fk_purchase_price_id`) REFERENCES `purchase_price_history` (`id`),
  ADD CONSTRAINT `purchased_qty_fk_sale_item_id_foreign` FOREIGN KEY (`fk_sale_item_id`) REFERENCES `sale_items` (`id`);

--
-- Constraints for table `purchase_price_history`
--
ALTER TABLE `purchase_price_history`
  ADD CONSTRAINT `purchase_price_history_fk_inventory_id_foreign` FOREIGN KEY (`fk_inventory_id`) REFERENCES `inventory` (`id`);

--
-- Constraints for table `quantity_history`
--
ALTER TABLE `quantity_history`
  ADD CONSTRAINT `quantity_history_fk_inventory_id_foreign` FOREIGN KEY (`fk_inventory_id`) REFERENCES `inventory` (`id`),
  ADD CONSTRAINT `quantity_history_fk_purchase_price_id_foreign` FOREIGN KEY (`fk_purchase_price_id`) REFERENCES `purchase_price_history` (`id`);

--
-- Constraints for table `returned_items`
--
ALTER TABLE `returned_items`
  ADD CONSTRAINT `returned_items_fk_inventory_id_foreign` FOREIGN KEY (`fk_inventory_id`) REFERENCES `inventory` (`id`),
  ADD CONSTRAINT `returned_items_fk_sale_id_foreign` FOREIGN KEY (`fk_sale_id`) REFERENCES `sale` (`id`),
  ADD CONSTRAINT `returned_items_fk_user_id_foreign` FOREIGN KEY (`fk_user_id`) REFERENCES `users` (`id`);

--
-- Constraints for table `returned_qty`
--
ALTER TABLE `returned_qty`
  ADD CONSTRAINT `returned_qty_fk_purchase_price_id_foreign` FOREIGN KEY (`fk_purchase_price_id`) REFERENCES `purchase_price_history` (`id`),
  ADD CONSTRAINT `returned_qty_fk_returned_item_id_foreign` FOREIGN KEY (`fk_returned_item_id`) REFERENCES `returned_items` (`id`);

--
-- Constraints for table `sale`
--
ALTER TABLE `sale`
  ADD CONSTRAINT `sale_fk_user_id_foreign` FOREIGN KEY (`fk_user_id`) REFERENCES `users` (`id`);

--
-- Constraints for table `sale_items`
--
ALTER TABLE `sale_items`
  ADD CONSTRAINT `sale_items_fk_inventory_id_foreign` FOREIGN KEY (`fk_inventory_id`) REFERENCES `inventory` (`id`),
  ADD CONSTRAINT `sale_items_fk_sale_id_foreign` FOREIGN KEY (`fk_sale_id`) REFERENCES `sale` (`id`),
  ADD CONSTRAINT `sale_items_fk_sale_price_id_foreign` FOREIGN KEY (`fk_sale_price_id`) REFERENCES `sale_price_history` (`id`);

--
-- Constraints for table `sale_price_history`
--
ALTER TABLE `sale_price_history`
  ADD CONSTRAINT `sale_price_history_fk_inventory_id_foreign` FOREIGN KEY (`fk_inventory_id`) REFERENCES `inventory` (`id`);

--
-- Constraints for table `stock_history`
--
ALTER TABLE `stock_history`
  ADD CONSTRAINT `stock_history_fk_user_id_foreign` FOREIGN KEY (`fk_user_id`) REFERENCES `users` (`id`);

--
-- Constraints for table `stock_item_qty_history`
--
ALTER TABLE `stock_item_qty_history`
  ADD CONSTRAINT `stock_item_qty_history_fk_inventory_id_foreign` FOREIGN KEY (`fk_inventory_id`) REFERENCES `inventory` (`id`),
  ADD CONSTRAINT `stock_item_qty_history_fk_stock_history_id_foreign` FOREIGN KEY (`fk_stock_history_id`) REFERENCES `stock_history` (`id`);

--
-- Constraints for table `supplier_payment`
--
ALTER TABLE `supplier_payment`
  ADD CONSTRAINT `supplier_payment_fk_supplier_id_foreign` FOREIGN KEY (`fk_supplier_id`) REFERENCES `supplier` (`id`),
  ADD CONSTRAINT `supplier_payment_fk_user_id_foreign` FOREIGN KEY (`fk_user_id`) REFERENCES `users` (`id`);
COMMIT;

/*!40101 SET CHARACTER_SET_CLIENT=@OLD_CHARACTER_SET_CLIENT */;
/*!40101 SET CHARACTER_SET_RESULTS=@OLD_CHARACTER_SET_RESULTS */;
/*!40101 SET COLLATION_CONNECTION=@OLD_COLLATION_CONNECTION */;
