-- phpMyAdmin SQL Dump
-- version 4.8.3
-- https://www.phpmyadmin.net/
--
-- Host: 127.0.0.1
-- Generation Time: Nov 19, 2018 at 02:09 PM
-- Server version: 10.1.35-MariaDB
-- PHP Version: 7.1.21

SET SQL_MODE = "NO_AUTO_VALUE_ON_ZERO";
SET AUTOCOMMIT = 0;
START TRANSACTION;
SET time_zone = "+00:00";


/*!40101 SET @OLD_CHARACTER_SET_CLIENT=@@CHARACTER_SET_CLIENT */;
/*!40101 SET @OLD_CHARACTER_SET_RESULTS=@@CHARACTER_SET_RESULTS */;
/*!40101 SET @OLD_COLLATION_CONNECTION=@@COLLATION_CONNECTION */;
/*!40101 SET NAMES utf8mb4 */;

--
-- Database: `pharmacy`
--

-- --------------------------------------------------------

--
-- Table structure for table `company`
--

CREATE TABLE `company` (
  `id` int(10) UNSIGNED NOT NULL,
  `name` varchar(191) COLLATE utf8mb4_unicode_ci NOT NULL
) ENGINE=InnoDB DEFAULT CHARSET=utf8mb4 COLLATE=utf8mb4_unicode_ci;

--
-- Dumping data for table `company`
--

INSERT INTO `company` (`id`, `name`) VALUES
(1, 'Maskatiya Industeries'),
(2, 'color silk'),
(3, 'Yucaitang Cosmetics'),
(4, 'sunsilk'),
(5, 'P&G'),
(6, 'Lifebuoy'),
(7, 'Pantene'),
(8, 'Dove'),
(9, 'Clear'),
(10, 'Garnier'),
(11, 'Dabur'),
(12, 'Forvil cosmetics'),
(13, 'Johnsons'),
(14, 'Samphy cosmetic'),
(15, 'Mothercare'),
(16, 'Sanofi-aventis'),
(17, 'Sarwana sohzasihm'),
(18, 'Robin blue'),
(19, 'Reckitt benckiser'),
(20, 'lipoil'),
(21, 'blackcat'),
(22, 'prickley'),
(23, 'Nivea'),
(24, 'vaseline'),
(25, 'Neutrogena'),
(26, 'Ponds'),
(27, 'Rivaj'),
(28, 'Faiza'),
(29, 'Golden pearl'),
(30, 'Fair&lovely'),
(31, 'cotton buds'),
(32, 'Sesa'),
(33, 'Marhaba'),
(34, 'Kreative cosmatic'),
(35, 'young fresh'),
(36, 'Stillmans'),
(37, 'Mortein'),
(38, 'Arche'),
(39, 'Pak natural'),
(40, 'Daisy'),
(41, 'tobacco'),
(42, 'Abbott'),
(43, 'Gillette'),
(44, 'Nestle'),
(45, 'Morinaga'),
(46, 'Rose petal'),
(47, 'Meiji'),
(48, 'Nuzzer'),
(49, 'Tux'),
(50, 'Roche'),
(51, 'yamasu'),
(52, 'Certeza'),
(53, 'Medicare'),
(54, 'Riester'),
(55, 'Easy gluco'),
(56, 'Cobra'),
(57, 'Sabaya'),
(58, 'Mortein'),
(59, 'Black magic'),
(60, 'Home'),
(61, 'Black cat'),
(62, 'Broche'),
(63, 'unilever'),
(64, 'Feroz Sons'),
(65, 'GSK'),
(66, 'Aspin'),
(67, 'Woodward\'s'),
(68, 'Macter'),
(69, 'Schazoo'),
(70, 'Tabros'),
(71, 'Amson pharma'),
(72, 'Asian continental'),
(73, 'Brooks'),
(74, 'Stand pharma'),
(75, 'Siza'),
(76, 'NOVARTIS'),
(77, 'MSD'),
(78, 'EFROZE'),
(79, 'OBS'),
(80, 'SERVIER'),
(81, 'SANOFI'),
(82, 'NEXT Pharmaceutical'),
(83, 'MAPLE Phrama'),
(84, 'Dyson research laboratories'),
(85, 'pharmevo'),
(86, 'Highnoon laboratories'),
(87, 'Martin Dow'),
(88, 'brooklyn pharma'),
(89, 'Coke'),
(90, 'PHD pharmacuticals'),
(91, 'Xecutive pharma'),
(92, 'Maan Gee'),
(93, 'Zai pharmicuticals'),
(94, 'Global pharma'),
(95, 'Pfizer'),
(96, 'CCL'),
(97, 'ZAFA'),
(98, 'Pacific pharma'),
(99, 'Fedro'),
(100, 'Pharmatec'),
(101, 'Mass pharma'),
(102, 'EPLA'),
(103, 'Razeee pharma'),
(104, 'Searl'),
(105, 'Sandoz'),
(106, 'Herbiotics health care'),
(107, 'Easy gluco'),
(108, 'Accu  check'),
(109, 'Barrett Hodgson'),
(110, 'schazoo zaka'),
(111, 'Trigen'),
(112, 'Continental pharma'),
(113, 'Platinium pharma'),
(114, 'SEARLE'),
(115, 'Pharmatec'),
(116, 'BAYER'),
(117, 'Pfizer'),
(118, 'ICI Pakistan'),
(119, 'Gray pharmacuticals'),
(120, 'Rasco pharma'),
(121, 'RG pharma'),
(122, 'Medics'),
(123, 'Otsuka pakistan'),
(124, 'ATCO pharma'),
(125, 'SHAIGAN PHARMA'),
(126, 'SCILIFE PHARMA'),
(127, 'GENIX PHARMA'),
(128, 'SAMI PHARMA'),
(129, 'GETZ PHARMA'),
(130, 'AG&C'),
(131, 'AGP'),
(132, 'Chiesi'),
(133, 'wyeth'),
(134, 'NABI QASIM'),
(135, 'Stanly'),
(136, 'Aries'),
(137, 'Matrix'),
(138, 'Hilton'),
(139, 'Exel health care'),
(140, 'Indus pharma'),
(141, 'Bosch'),
(142, 'McOlson pharma'),
(143, 'Paramount'),
(144, 'Helix'),
(145, 'Bio tech'),
(146, 'Goldsheff'),
(147, 'paramount pharmaceutical'),
(148, 'panacea pharma'),
(149, 'araf pvt'),
(150, 'saydon'),
(151, 'Genome'),
(152, 'Kanel pharma'),
(153, 'Swan pharma'),
(154, 'Vitabiotec pharma'),
(155, 'Helix pharma'),
(156, 'Saviour pharma'),
(157, 'Allianze'),
(158, 'Rotex pharma'),
(159, 'Maan gee'),
(160, 'GLITZ'),
(161, 'Evotech pharma'),
(162, 'sawan pharma'),
(163, 'Rafay'),
(164, 'Pharmix lab'),
(165, 'pulse pharma'),
(166, 'Health finder'),
(167, 'HIGH Q'),
(168, 'Axis'),
(169, 'Maark'),
(170, 'concept pharma'),
(171, 'spirax pharma'),
(172, 'Medisure'),
(173, 'shaheen agency'),
(174, 'Adamjee'),
(175, 'Scotmann'),
(176, 'Werrick'),
(177, 'Wilson\'s'),
(178, 'Opal pharma'),
(179, 'Stiefel'),
(180, 'Prays pharma'),
(181, 'Mafins pharma'),
(182, 'Pharma health'),
(183, 'Crystolite'),
(184, 'SAFFRON'),
(185, 'LEO'),
(186, 'Orbit natural'),
(187, 'Bio-labs'),
(188, 'Remington pharma'),
(189, 'Kobec pharma'),
(190, 'Alcon'),
(191, 'Sante pharma'),
(192, 'Vega'),
(193, 'Optimus'),
(194, 'Invotek'),
(195, 'mass pharma'),
(196, 'Biorex pharma'),
(197, 'Orison pharma'),
(198, 'Addhealth'),
(199, 'Sub life'),
(200, 'Derma Techno'),
(201, 'caresse'),
(202, 'SURGE'),
(203, 'PDH LAB'),
(204, 'Ray pharma'),
(205, 'Local MD'),
(206, 'Novo Nordisk'),
(207, 'Eli lilly'),
(208, 'Glaxy'),
(209, 'Syntax'),
(210, 'Himont'),
(211, 'Howards'),
(212, 'Solace pharma'),
(213, 'SJ&G'),
(214, 'Amarant'),
(215, 'Webros'),
(216, 'Glorious laboratories'),
(217, 'Libra pvt'),
(218, 'Micro pharma'),
(219, 'Shaheen pharma'),
(220, 'Chas.A.Mendosa'),
(221, 'Skylink pharma'),
(222, 'PCV ltd'),
(223, 'Pharmadic laboratories'),
(224, 'Unimark pharma'),
(225, 'Organic pharma'),
(226, 'Swiss pharma'),
(227, 'genetics'),
(228, 'Wilshire laboratories'),
(229, 'Surge'),
(230, 'Neutro pharma'),
(231, 'Weather folds'),
(232, 'Reco'),
(233, 'Health care'),
(234, 'Covidien'),
(235, 'Uruguard'),
(236, 'B-Braun'),
(237, 'Pigeon'),
(238, 'Qarshi'),
(239, 'Hamdard'),
(240, 'Lasani'),
(241, 'Marhaba'),
(242, 'Uppal pharma'),
(243, 'Herbion');

-- --------------------------------------------------------

--
-- Table structure for table `config`
--

CREATE TABLE `config` (
  `id` int(10) NOT NULL,
  `notify` varchar(100) NOT NULL,
  `check_qty` varchar(20) NOT NULL
) ENGINE=InnoDB DEFAULT CHARSET=utf8;

--
-- Dumping data for table `config`
--

INSERT INTO `config` (`id`, `notify`, `check_qty`) VALUES
(1, '6', '5');

-- --------------------------------------------------------

--
-- Table structure for table `dispose_items`
--

CREATE TABLE `dispose_items` (
  `id` int(10) UNSIGNED NOT NULL,
  `qty` decimal(10,2) NOT NULL,
  `timestamp` timestamp NOT NULL DEFAULT CURRENT_TIMESTAMP ON UPDATE CURRENT_TIMESTAMP,
  `fk_quantity_history_id` int(10) UNSIGNED NOT NULL,
  `fk_inventory_id` int(10) UNSIGNED NOT NULL,
  `fk_user_id` int(10) UNSIGNED NOT NULL
) ENGINE=InnoDB DEFAULT CHARSET=utf8mb4 COLLATE=utf8mb4_unicode_ci;

--
-- Dumping data for table `dispose_items`
--

INSERT INTO `dispose_items` (`id`, `qty`, `timestamp`, `fk_quantity_history_id`, `fk_inventory_id`, `fk_user_id`) VALUES
(1, '60.00', '2018-11-03 05:44:53', 868, 482, 2),
(2, '20.00', '2018-11-19 08:41:14', 1398, 1001, 2);

-- --------------------------------------------------------

--
-- Table structure for table `expiry_items`
--

CREATE TABLE `expiry_items` (
  `id` int(10) UNSIGNED NOT NULL,
  `qty` decimal(10,2) NOT NULL,
  `fk_expiry_return_id` int(10) UNSIGNED NOT NULL,
  `fk_inventory_id` int(10) UNSIGNED NOT NULL,
  `fk_quantity_history_id` int(10) UNSIGNED NOT NULL
) ENGINE=InnoDB DEFAULT CHARSET=utf8mb4 COLLATE=utf8mb4_unicode_ci;

--
-- Dumping data for table `expiry_items`
--

INSERT INTO `expiry_items` (`id`, `qty`, `fk_expiry_return_id`, `fk_inventory_id`, `fk_quantity_history_id`) VALUES
(1, '80.00', 1, 460, 899),
(2, '28.00', 1, 781, 1160);

-- --------------------------------------------------------

--
-- Table structure for table `expiry_return`
--

CREATE TABLE `expiry_return` (
  `id` int(10) UNSIGNED NOT NULL,
  `timestamp` timestamp NOT NULL DEFAULT CURRENT_TIMESTAMP ON UPDATE CURRENT_TIMESTAMP,
  `fk_supplier_id` int(10) UNSIGNED NOT NULL,
  `fk_user_id` int(10) UNSIGNED NOT NULL
) ENGINE=InnoDB DEFAULT CHARSET=utf8mb4 COLLATE=utf8mb4_unicode_ci;

--
-- Dumping data for table `expiry_return`
--

INSERT INTO `expiry_return` (`id`, `timestamp`, `fk_supplier_id`, `fk_user_id`) VALUES
(1, '2018-11-16 12:03:32', 15, 1);

-- --------------------------------------------------------

--
-- Table structure for table `inventory`
--

CREATE TABLE `inventory` (
  `id` int(10) UNSIGNED NOT NULL,
  `name` varchar(191) COLLATE utf8mb4_unicode_ci NOT NULL,
  `type` enum('tablet','capsule','syrup','surgical','general','cosmetics','beverage','cream','ointment','gel','balm','spray','drop','lotion','injection','infusion','tobacco','vaccines','sachet','liquid') COLLATE utf8mb4_unicode_ci NOT NULL,
  `pack` varchar(100) COLLATE utf8mb4_unicode_ci NOT NULL,
  `fk_company_id` int(10) UNSIGNED NOT NULL,
  `strength` varchar(191) COLLATE utf8mb4_unicode_ci NOT NULL
) ENGINE=InnoDB DEFAULT CHARSET=utf8mb4 COLLATE=utf8mb4_unicode_ci;

--
-- Dumping data for table `inventory`
--

INSERT INTO `inventory` (`id`, `name`, `type`, `pack`, `fk_company_id`, `strength`) VALUES
(1, 'olivia', 'cosmetics', '1x1', 1, 'all number'),
(2, 'Revlon', 'cosmetics', '1x1', 1, 'all numbers'),
(3, 'Subaru', 'cosmetics', '1x1', 2, 'all number'),
(4, 'Sunsilk', 'cosmetics', '1x1', 3, '320ml'),
(5, 'Head&shoulder', 'cosmetics', '1x1', 4, '400ml'),
(6, 'Head&shoulders', 'cosmetics', '1x1', 5, '200ml'),
(7, 'Lifebouy', 'cosmetics', '1x1', 5, '175ml'),
(8, 'Dove', 'cosmetics', '1x2', 5, '350ml'),
(9, 'Dove', 'cosmetics', '1x1', 8, '250ml'),
(10, 'Clear', 'cosmetics', '1x1', 8, '250ml'),
(11, 'Clear', 'cosmetics', '1x1', 9, '340ml'),
(12, 'Vatika', 'cosmetics', '1x1', 9, '180ml'),
(13, 'Fructis', 'cosmetics', '1x1', 11, '250ml'),
(14, 'Bio amla', 'cosmetics', '1x1', 10, '280ml'),
(15, 'Bio amla', 'cosmetics', '1x1', 12, '470ml'),
(16, 'Gillette', 'cosmetics', '1x1', 12, '200ml'),
(17, 'Johnsons shampo', 'cosmetics', '1x1', 43, '200ml'),
(18, 'polystar shampo', 'cosmetics', '1x1', 13, '150ml'),
(19, 'Baby lotion', 'cosmetics', '1x1`', 14, '115ml'),
(20, 'Johnsons lotion', 'cosmetics', '1x1', 15, '100ml'),
(21, 'Johnsons lotion', 'cosmetics', '1x1', 13, '50ml'),
(22, 'English anti lice shampo', 'cosmetics', '1x1', 13, '100ml'),
(23, 'English anti lice shampo', 'cosmetics', '1x1', 17, '30ml'),
(24, 'Selsun blue shampo', 'cosmetics', '1x1', 17, '100ml'),
(25, 'Lipoil', 'cosmetics', '1x24', 16, '3.5g'),
(26, 'Detol liquid', 'cosmetics', '1x1', 20, '100ml'),
(27, 'Robin blue liquid', 'general', '1x1', 19, '75ml'),
(28, 'Air freshner cobra', 'general', '1x1', 56, '300ml'),
(29, 'Cobra spray', 'general', '1x1', 57, '300ml'),
(30, 'Mortein powder', 'general', '1x1', 58, '100g'),
(31, 'Black magic spray', 'general', '1x1', 59, '325ml'),
(32, 'Air Freshner topic', 'general', '1x1', 59, '300ml'),
(33, 'Air freshner home', 'general', '1x1', 60, '300ml'),
(34, 'Talc powder B/C', 'general', '1x1', 61, '70g'),
(35, 'Talc powder B/R', 'general', '1x1', 61, '125g'),
(36, 'Jhonsons powder', 'general', '1x1', 62, '100g'),
(37, 'prickly heat powder', 'general', '1x1', 13, '275g'),
(38, 'Nivea lotion', 'cosmetics', '1x1', 22, '125ml'),
(39, 'Nivea soft cream', 'cosmetics', '1x1', 23, '198g'),
(40, 'Johnsons lotion', 'cosmetics', '1x1', 23, '300ml'),
(41, 'Garnier removel milk', 'cosmetics', '1x1', 13, '200ml'),
(42, 'Vaseline lotion', 'cosmetics', '1x1', 10, '200ml'),
(43, 'Vaseline', 'cosmetics', '1x1', 24, '100ml'),
(44, 'Face wash Neutrogena', 'cosmetics', '1x1', 24, '250ml'),
(45, 'Face wash ponds', 'cosmetics', '1x1', 25, '100g'),
(46, 'face wash faiza', 'cosmetics', '1x1', 26, '60ml'),
(47, 'Face wash Garnier', 'cosmetics', '1x1', 10, '100ml'),
(48, 'Rivaj sun blocker', 'cosmetics', '1x1', 10, '60'),
(49, 'Face wash golden pearl', 'cosmetics', '1x1', 27, '75ml'),
(50, 'Face wash fair&lovely', 'cosmetics', '1x1', 28, '50g'),
(51, 'Fair&lovely BB Cream', 'cosmetics', '1x1', 30, '40g'),
(52, 'Fair&lovely', 'cosmetics', '1x1', 30, '50ml'),
(53, 'Fair&lovely BB', 'cosmetics', '1x1', 30, '18g'),
(54, 'Fair&lovely', 'cosmetics', '1x1', 30, '25g'),
(55, 'Sunblock 60', 'cosmetics', '1x1', 30, '150ml'),
(56, 'Sunblock Kids 50', 'cosmetics', '1x1', 27, '150ml'),
(57, 'Cotton buds', 'general', '1x100', 27, 'pack'),
(58, 'Cotton buds', 'general', '1x100', 27, 'box'),
(59, 'Bio amla oil', 'cosmetics', '1x1', 31, '100ml'),
(60, 'Bio amla oil', 'cosmetics', '1x1', 12, '50ml'),
(61, 'Vatika oil', 'cosmetics', '1x1', 12, '100ml'),
(62, 'Sesa hair oil', 'cosmetics', '1x1', 11, '90ml'),
(63, 'Coconut oil', 'cosmetics', '1x1', 32, '100ml'),
(64, 'Sarsona oil', 'cosmetics', '1x1', 33, '200ml'),
(65, 'Coconut oil', 'cosmetics', '1x1', 33, '200ml'),
(66, 'Golden pearl cream', 'cosmetics', '1x6', 33, '30g'),
(67, 'Due beauty cream', 'cosmetics', '1x6', 33, '30g'),
(68, 'Young fresh beauty cream', 'cosmetics', '1x1', 29, '30g'),
(69, 'Arena gold beauty cream', 'cosmetics', '1x1', 29, '30g'),
(70, 'Stillmans bleach cream', 'cosmetics', '1x1', 35, '28G'),
(71, 'Arche pearl cream', 'cosmetics', '1x1', 35, '20g'),
(72, 'For face beauty cream', 'cosmetics', '1x1', 35, '30g'),
(73, 'Daisy beauty cream', 'cosmetics', '1x1', 35, '28g'),
(74, 'Faiza beauty cream', 'cosmetics', '1x1', 35, '30g'),
(75, 'Golden pearl B/Spray', 'cosmetics', '1x1', 35, '200ml'),
(76, 'Alisha Perfume', 'cosmetics', '1x1', 35, '100ml'),
(77, 'Frost B/spray', 'cosmetics', '1x1', 35, '120ml'),
(78, 'Man force B/spray', 'cosmetics', '1x1', 35, '122ml'),
(79, 'Mascot B/spray', 'cosmetics', '1x1', 36, '200ml'),
(80, 'Acid strong B/spray', 'cosmetics', '1x1', 36, '200ml'),
(81, 'Bold B/spray', 'cosmetics', '1x1', 36, '120ml'),
(82, 'Feelings B/spray', 'cosmetics', '1x1', 36, '200ml'),
(83, 'Exoplore Gold Deodrant spray', 'cosmetics', '1x1', 3, '200ml'),
(84, 'English Blazer Black Deo/spray', 'cosmetics', '1x1', 3, '150ml'),
(85, 'Adiction strong Deo/spray', 'cosmetics', '1x1', 3, '150ml'),
(86, 'Inspire B/spray', 'cosmetics', '1x1', 3, '200ml'),
(87, 'Lady Gold B/spray', 'cosmetics', '1x1', 3, '200ml'),
(88, 'Cerelac 1year', 'general', '1x1', 44, '175g'),
(89, 'Cerelac 8month', 'general', '1x1', 44, '175g'),
(90, 'Cerelac 3 fruits', 'general', '1x1', 3, '175g'),
(91, 'Cerelac wheat', 'general', '1x1', 3, '175g'),
(92, 'Cerelac rice', 'general', '1x1', 3, '175g'),
(93, 'Cerelac 3 fruits&wheat', 'general', '1x1', 3, '350g'),
(94, 'Nido Bunyad', 'general', '1x1', 4, '260g'),
(95, 'Nido Fortigrow', 'general', '1x1', 4, '390g'),
(96, 'BF Mama', 'general', '1x1', 4, '200g'),
(97, 'Nido 3+', 'general', '1x1', 4, '400g'),
(98, 'Nido 1+', 'general', '1x1', 4, '400g'),
(99, 'Nido 1+', 'general', '1x1', 4, '1KG'),
(100, 'Lactogen Recover', 'general', '1x1', 4, '200g'),
(101, 'Lactogen 3', 'general', '1x1', 4, '200g'),
(102, 'Lactogen 2', 'general', '1x1', 4, '200g'),
(103, 'Lactogen 1', 'general', '1x1', 4, '200g'),
(104, 'Lactogen Recover', 'general', '1x1', 4, '400g'),
(105, 'Lactogen 1', 'general', '1x1', 4, '400g'),
(106, 'Lactogen 2', 'general', '1x1', 4, '400g'),
(107, 'Lactogen 3', 'general', '1x1', 4, '400g'),
(108, 'Morinaga BF 1', 'general', '1x1', 4, '900g'),
(109, 'Morinaga BF 2', 'general', '1x1', 4, '900'),
(110, 'Morinaga BF 3', 'general', '1x1', 1, '900g'),
(111, 'Morinaga BF 1', 'general', '1x1', 1, '400g'),
(112, 'Morinaga BF 2', 'general', '1x1', 1, '400g'),
(113, 'Morinaga BF 3', 'general', '1x1', 1, '400g'),
(114, 'Morinaga NL 33', 'general', '1x1', 1, '400g'),
(115, 'Pediasure', 'general', '1x1', 1, '400g'),
(116, 'Ensure Powder', 'general', '1x1', 1, '400g'),
(117, 'Glucerna Powder', 'general', '1x1', 1, '400g'),
(118, 'Meiji FMT', 'general', '1x1', 1, '900g'),
(119, 'Meiji FMT', 'general', '1x1', 1, '400g'),
(120, 'Meiji FU 2', 'general', '1x1', 1, '400g'),
(121, 'Meiji FU 2', 'general', '1x1', 1, '900g'),
(122, 'F-lac', 'general', '1x1', 1, '400g'),
(123, 'Lacteus 1', 'general', '1x1', 85, '400g'),
(124, 'Lacteus 2', 'general', '1x1', 85, '400g'),
(125, 'Lacteus 3', 'general', '1x1', 85, '400g'),
(126, 'Nan 1', 'general', '1x1', 1, '400g'),
(127, 'Nan 2', 'general', '1x1', 1, '400g'),
(128, 'Nan 3', 'general', '1x1', 1, '400g'),
(129, 'Nan pre', 'general', '1x1', 1, '400g'),
(130, 'Neolac 1', 'general', '1x1', 1, '400g'),
(131, 'Neolac 2', 'general', '1x1', 1, '400g'),
(132, 'Neolac 3', 'general', '1x1', 1, '400g'),
(133, 'Tissue R/P', 'general', '1x24', 1, 'pocket'),
(134, 'Tissue tux', 'general', '1x24', 1, 'Pocket'),
(135, 'Gluco meter', 'surgical', '1x1', 55, 'Easy gluco'),
(136, 'Gluco meter', 'surgical', '1x1', 108, 'Accu check'),
(137, 'BP Opratus', 'surgical', '1x1', 1, 'Yamasu'),
(138, 'BP opratus', 'surgical', '1x1', 45, 'Dr care'),
(139, 'pricker', 'surgical', '1x200', 45, 'Accu check'),
(140, 'Sthethoscope', 'surgical', '1x1', 45, 'Certeza'),
(141, 'BP bulb', 'surgical', '1x1', 45, 'Medicare'),
(142, 'BP bulb', 'surgical', '1x1', 45, 'Certeza'),
(143, 'BP bulb', 'surgical', '1x1', 45, 'Riester'),
(144, 'Dettol liquid', 'surgical', '1x1', 4, '1liter'),
(145, 'Golden pearl F/W men', 'cosmetics', '1x1', 29, '75ml'),
(146, 'Pantene', 'cosmetics', '1x1', 7, '200ml'),
(147, 'Sunsilk', 'cosmetics', '1x1', 4, '170ml'),
(148, 'meiji big', 'general', '1x1', 47, '400g'),
(149, 'meiji big', 'general', '1x1', 47, '900g'),
(150, 'Cimet', 'tablet', '1x10', 64, '10'),
(151, 'Cimet', 'syrup', '1x1', 64, '60ml'),
(152, 'Genesis', 'tablet', '1x30', 64, '1mg'),
(153, 'Carveda', 'tablet', '3x10', 64, '12.5mg'),
(154, 'carveda', 'tablet', '1x10', 64, '25mg'),
(155, 'Carveda', 'tablet', '3x10', 64, '6.25mg'),
(156, 'Carveda', 'tablet', '1x10', 64, '3.125mg'),
(157, 'Esomega', 'capsule', '2x7', 64, '40mg'),
(158, 'Esomega', 'capsule', '2x7', 64, '20mg'),
(159, 'Omega', 'capsule', '2x7', 64, '20mg'),
(160, 'Omega', 'capsule', '2x7', 64, '40mg'),
(161, 'Orlis', 'capsule', '3x10', 64, '120mg'),
(162, 'H2f', 'tablet', '1x10', 64, '40mg'),
(163, 'H2f', 'tablet', '1x10', 64, '20mg'),
(164, 'Atenorm', 'tablet', '7x2', 64, '50mg'),
(165, 'Atenorm', 'tablet', '2x10', 64, '100mg'),
(166, 'Helicure', 'tablet', '2x7', 64, '250/20/400mg'),
(167, 'Xavor', 'tablet', '1x10', 64, '50mg'),
(168, 'Xevor', 'tablet', '2x10', 64, '25mg'),
(169, 'Xavor DIU', 'tablet', '1x10', 64, '50/12.5mg'),
(170, 'Xavor DIU Fort', 'tablet', '1x10', 64, '100/25mg'),
(171, 'Acylex', 'tablet', '1x10', 64, '800mg'),
(172, 'Acylex', 'tablet', '5x10', 64, '200mg'),
(173, 'Acylex', 'tablet', '2x10', 64, '400mg'),
(174, 'Ventolin', 'liquid', '1x1', 65, '20ml'),
(175, 'Cicatrin', 'surgical', '1x1', 65, '20g'),
(176, 'Kemadrin', 'tablet', '1x100', 65, '5mg'),
(177, 'Rondec C', 'syrup', '1x1', 42, '120ml'),
(178, 'Cofcol Elixir', 'syrup', '1x1', 42, '120ml'),
(179, 'Cremaffin', 'syrup', '1x1', 42, '120ML'),
(180, 'Dijex Mp', 'syrup', '1x1', 42, '120ml'),
(181, 'Arinac', 'syrup', '1x1', 42, '120ml'),
(182, 'Duphalac', 'syrup', '1x1', 42, '120ml'),
(183, 'Mosegor', 'syrup', '1x1', 42, '60ml'),
(184, 'Brufen', 'syrup', '1x1', 42, '120ml'),
(185, 'Brufen DS', 'syrup', '1x1', 42, '90ml'),
(186, 'vidaylin L', 'syrup', '1x1', 42, '120ml'),
(187, 'Vidaylin M', 'syrup', '1x1', 42, '120ml'),
(188, 'Vidaylin', 'syrup', '1x1', 42, '120ml'),
(189, 'Silliver', 'syrup', '1x1', 42, '120ml'),
(190, 'Entamizole', 'syrup', '1x1', 42, '90ml'),
(191, 'Epival CR', 'tablet', '10x5', 42, '500mg'),
(192, 'Epival', 'tablet', '10x10', 42, '500mg'),
(193, 'Epival', 'tablet', '10x10', 42, '250mg'),
(194, 'Paedi care', 'liquid', '1x1', 67, '500ml'),
(195, 'Xavor', 'tablet', '2x10', 64, '25mg'),
(196, 'Lanoxin', 'tablet', '1x25', 65, '0.25mg'),
(197, 'Thyroxin', 'tablet', '1x100', 65, '50mcg'),
(198, 'Lamictal', 'tablet', '3x10', 65, '50mg'),
(199, 'Lamictal', 'tablet', '3x10', 65, '100mg'),
(200, 'Lamictal', 'tablet', '3x10', 65, '25mg'),
(201, 'Angised', 'tablet', '5x6', 65, '0.5mg'),
(202, 'Zyloric', 'tablet', '3x10', 65, '300mg'),
(203, 'Zyloric', 'tablet', '5x10', 65, '100mg'),
(204, 'Rifaxa', 'tablet', '1x10', 64, '550mg'),
(205, 'Ceporex', 'capsule', '2x6', 65, '250mg'),
(206, 'Ceporex', 'capsule', '2x6', 65, '500mg'),
(207, 'Sitagen-M', 'tablet', '3x10', 64, '50/500mg'),
(208, 'Sitagen-M', 'tablet', '3x10', 64, '50/850mg'),
(209, 'Sitagen', 'tablet', '3x10', 64, '50mg'),
(210, 'Sitagen', 'tablet', '3x10', 64, '100mg'),
(211, 'Zinacef', 'capsule', '2x7', 65, '500mg'),
(212, 'Zental', 'tablet', '1x2', 65, '200mg'),
(213, 'Betnesol', 'tablet', '4x5', 65, '0.5mg'),
(214, 'Seroxat', 'tablet', '1x10', 65, '20mg'),
(215, 'Seroxat CR', 'tablet', '3x10', 65, '25mg'),
(216, 'Seroxat CR', 'tablet', '3x10', 65, '12.5mg'),
(217, 'Zantac', 'tablet', '1x10', 65, '150mg'),
(218, 'Zantac', 'tablet', '1x10', 65, '300mg'),
(219, 'Fefolvit', 'capsule', '14x4', 65, 'M/Vit'),
(220, 'Fefol', 'capsule', '14x4', 65, 'm/vit'),
(221, 'Ventolin', 'tablet', '10x12', 65, '4mg'),
(222, 'Ventolin SR', 'tablet', '10x10', 65, '4mg'),
(223, 'Ventolin', 'tablet', '10x10', 65, '2mg'),
(224, 'Cipralex', 'tablet', '1x14', 65, '10mg'),
(225, 'Cipralex', 'tablet', '1x14', 65, '20mg'),
(226, 'Cipram', 'tablet', '1x14', 65, '20mg'),
(227, 'Motilium', 'syrup', '1x1', 66, '120ml'),
(228, 'Motilium', 'tablet', '10x5', 66, '10mg'),
(229, 'Motilium-V', 'tablet', '10x5', 66, '12.5mg'),
(230, 'Vermox', 'syrup', '1x1', 66, '30ml'),
(231, 'kapdex', 'capsule', '3x10', 66, '30mg'),
(232, 'Vermox', 'tablet', '6x10', 66, '100mg'),
(233, 'Vermox', 'tablet', '3x4', 66, '500mg'),
(234, 'Sporanox', 'capsule', '1x4', 66, '100mg'),
(235, 'Stugeron forte', 'capsule', '2x6', 66, '75mg'),
(236, 'Stugeron', 'tablet', '5x10', 66, '25mg'),
(237, 'Sibelium', 'capsule', '2x6', 66, '5mg'),
(238, 'chesty cough', 'syrup', '1x1', 67, '120ml'),
(239, 'Q-plagite', 'syrup', '1x1', 67, '120ml'),
(240, 'Qplex z', 'syrup', '1x1', 67, '120ml'),
(241, 'Qplex', 'syrup', '1x1', 67, '120ml'),
(242, 'Ampiclox', 'syrup', '1x1', 65, '90ml'),
(243, 'Amipclox', 'drop', '1x1', 65, '20ml'),
(244, 'Amoxil', 'drop', '1x1', 65, '20ml'),
(245, 'Amoxil forte', 'syrup', '1x1', 65, '90ml'),
(246, 'Amoxil', 'syrup', '1x1', 65, '90ml'),
(247, 'Bismol', 'syrup', '1x1', 68, '120ml'),
(248, 'Tempol 6+', 'syrup', '1x1', 67, '60ml'),
(249, 'Maxolon', 'syrup', '1x1', 65, '50ml'),
(250, 'Ceremin', 'syrup', '1x1', 69, '120ml'),
(251, 'Focin', 'syrup', '1x1', 70, '250mg/60ml'),
(252, 'Tempramine', 'syrup', '1x1', 67, '60ml'),
(253, 'Tempramine', 'syrup', '1x1', 67, '120ml'),
(254, 'Inventive', 'syrup', '1x1', 71, '60ml'),
(255, 'Ventolin', 'syrup', '1x1', 65, '120ml'),
(256, 'Ventolin Expec', 'syrup', '1x1', 65, '120ml'),
(257, 'Septran', 'syrup', '1x1', 65, '50ml'),
(258, 'Septran DS', 'syrup', '1x1', 65, '50ml'),
(259, 'Actidil', 'syrup', '1x1', 65, '60ml'),
(260, 'Calpol', 'syrup', '1x1', 65, '100ml'),
(261, 'Calpol 6+', 'syrup', '1x1', 65, '90ml'),
(262, 'Bronochol', 'syrup', '1x1', 64, '120ml'),
(263, 'Ceporex', 'syrup', '1x1', 65, '125mg/90ml'),
(264, 'Ceporex', 'syrup', '1x1', 65, '250mg/90ml'),
(265, 'Kolac', 'syrup', '1x1', 72, '120ml'),
(266, 'Acorvy', 'syrup', '1x1', 72, '120ml'),
(267, 'Hepa-merz', 'syrup', '1x1', 73, '120ml'),
(268, 'Coldrex', 'syrup', '1x1', 74, '120ml'),
(269, 'Ulcenil', 'syrup', '1x1', 75, '120ml'),
(270, 'Augmentin', 'syrup', '1x1', 65, '156mg/90ml'),
(271, 'Augmentin DS', 'syrup', '1x1', 65, '90ml'),
(272, 'Augmentin BD', 'syrup', '1x1', 65, '70ml'),
(273, 'Co-Diovan', 'tablet', '2x14', 76, '80/12.5mg'),
(274, 'Diovan', 'tablet', '2x14', 76, '80mg'),
(275, 'Exforge', 'tablet', '2x14', 76, '5/80mg'),
(276, 'Exforge', 'tablet', '2x14', 76, '5/160mg'),
(277, 'Exforge', 'tablet', '2x14', 76, '10/160mg'),
(278, 'Exforge', 'tablet', '2x14', 76, '10/160/25mg'),
(279, 'GalvusMet', 'tablet', '3x10', 76, '50/500mg'),
(280, 'GalvusMet', 'tablet', '3x10', 76, '50/850mg'),
(281, 'Janumet', 'tablet', '3x10', 77, '50/500mg'),
(282, 'Janumet', 'tablet', '3x10', 77, '50/1000mg'),
(283, 'Tegral', 'tablet', '5x10', 76, '200mg'),
(284, 'Mepressor', 'tablet', '3x10', 76, '100mg'),
(285, 'Mepressor SR', 'tablet', '3X10', 76, '200MG'),
(286, 'Caflam', 'tablet', '2x10', 76, '50mg'),
(287, 'Voltral', 'tablet', '2x10', 76, '50mg'),
(288, 'voltral', 'tablet', '2x10', 76, '25mg'),
(289, 'Voltral SR', 'tablet', '3x10', 76, '100mg'),
(290, 'Corbis', 'tablet', '2x10', 78, '5mg'),
(291, 'Corbis', 'tablet', '2x10', 78, '2.5mg'),
(292, 'Corbis', 'tablet', '2x10', 78, '10mg'),
(293, 'Cobris', 'tablet', '2x10', 78, '2.5mg'),
(294, 'Corbis-H', 'tablet', '2x10', 78, '5/6.25mg'),
(295, 'Novatec', 'tablet', '3x10', 79, '10mg'),
(296, 'novatec', 'tablet', '3x10', 79, '5mg'),
(297, 'noroxin', 'tablet', '2x7', 79, '400mg'),
(298, 'nodep', 'tablet', '2x7', 79, '10mg'),
(299, 'lamisil', 'tablet', '1x10', 76, '125mg'),
(300, 'Annuva', 'tablet', '2x10', 76, '50mg'),
(301, 'Gynaecosid', 'tablet', '1x2', 78, '5.0/0.3mg'),
(302, 'renitec', 'tablet', '2x10', 79, '5mg'),
(303, 'renitec', 'tablet', '2x10', 79, '10mg'),
(304, 'co-renitec', 'tablet', '2x10', 79, '10/25mg'),
(305, 'Daflon', 'tablet', '2x10', 80, '500mg'),
(306, 'Xovat', 'tablet', '1x10', 79, '20mg'),
(307, 'Xovat', 'tablet', '1x10', 79, '10mg'),
(308, 'Nergab', 'capsule', '2x7', 79, '50mg'),
(309, 'Nergab', 'capsule', '2x7', 79, '75mg'),
(310, 'Aldomet', 'tablet', '10x10', 79, '250mg'),
(311, 'Sinemet', 'tablet', '10x10', 79, '25/250mg'),
(312, 'Moduretic', 'tablet', '10x10', 79, '5/250mg'),
(313, 'Diamicron', 'tablet', '1x20', 80, '80mg'),
(314, 'Diamicron MR', 'tablet', '1x20', 80, '30mg'),
(315, 'diamicron MR', 'tablet', '2x10', 80, '60mg'),
(316, 'Vastram MR', 'tablet', '1x20', 80, '35mg'),
(317, 'Tramapar', 'tablet', '1x10', 78, '37/325mg'),
(318, 'Natrilix', 'tablet', '1x30', 80, '2.5mg'),
(319, 'Natrilix SR', 'tablet', '2X15', 80, '1.5MG'),
(320, 'Stablon', 'tablet', '1x30', 80, '12.5mg'),
(321, 'Coversam', 'tablet', '1x10', 80, '4/10mg'),
(322, 'Coversam', 'tablet', '1x10', 80, '8/10mg'),
(323, 'Coversam', 'tablet', '1x10', 80, '4/5mg'),
(324, 'Coversyl', 'tablet', '1x10', 80, '8mg'),
(325, 'Coversyl', 'tablet', '1x10', 80, '4mg'),
(326, 'Fosamax', 'tablet', '1x4', 77, '70mg'),
(327, 'klaricid', 'syrup', '1x1', 42, '125mg'),
(328, 'klaricid DS', 'syrup', '1X1', 42, '250mg'),
(329, 'klaricid drop', 'drop', '1x1', 42, '125mg/5ml'),
(330, 'Arcalion', 'tablet', '2x10', 80, '200mg'),
(331, 'Cecon', 'tablet', '1x40', 42, '500mg'),
(332, 'Abocal', 'tablet', '1x1', 42, '1000'),
(333, 'Cecon drop', 'drop', '1x1', 42, '10ml'),
(334, 'vidaylin', 'drop', '1x1', 42, '10ml'),
(335, 'Entamizole', 'tablet', '3x10', 42, '250/200mg'),
(336, 'Entamizole ds', 'tablet', '1x15', 42, '500/400mg'),
(337, 'Ganaton', 'tablet', '3x10', 42, '50mg'),
(338, 'Ganaton OD', 'tablet', '1X10', 42, '150MG'),
(339, 'Thyronorm', 'tablet', '1x30', 42, '25mg'),
(340, 'Thyronorm', 'tablet', '1x30', 42, '50mg'),
(341, 'Thyronorm', 'tablet', '1x1', 42, '50mg'),
(342, 'Thyronorm', 'tablet', '1x1', 42, '100mg'),
(343, 'Prothiaden', 'tablet', '3x10', 42, '75mg'),
(344, 'prothiaden', 'tablet', '10x10', 42, '25mg'),
(345, 'Froben', 'tablet', '3x10', 42, '50mg'),
(346, 'Froben', 'tablet', '3x10', 42, '100mg'),
(347, 'flexin', 'tablet', '2x10', 42, '250mg'),
(348, 'flexin', 'tablet', '2x10', 42, '500mg'),
(349, 'Bremax', 'tablet', '10x10', 42, '1mg'),
(350, 'Bremax', 'tablet', '10x10', 42, '2mg'),
(351, 'Hytrin', 'tablet', '3x10', 42, '1mg'),
(352, 'Hytrin', 'tablet', '3x10', 42, '2mg'),
(353, 'Tryptanol', 'tablet', '10x10', 79, '25mg'),
(354, 'Brufen plus', 'tablet', '2x10', 42, '20/200mg'),
(355, 'Brufen', 'tablet', '3x10', 42, '600mg'),
(356, 'Neophage', 'tablet', '5x10', 42, '500mg'),
(357, 'Neophage', 'tablet', '3x10', 42, '850mg'),
(358, 'Serc', 'tablet', '3x10', 42, '8mg'),
(359, 'Serc', 'tablet', '3x10', 42, '16mg'),
(360, 'Serc', 'tablet', '3x10', 42, '24mg'),
(361, 'Colofac', 'tablet', '3x10', 42, '135mg'),
(362, 'Econid', 'tablet', '2x20', 42, '1mg'),
(363, 'Econid', 'tablet', '2x10', 42, '2mg'),
(364, 'duphaston', 'tablet', '2x10', 42, '10mg'),
(365, 'Faverin', 'tablet', '1x10', 42, '100mg'),
(366, 'faverin', 'tablet', '6x10', 42, '50mg'),
(367, 'Artifen', 'tablet', '10x10', 42, '50mg'),
(368, 'Ezomol', 'capsule', '2x7', 42, '20mg'),
(369, 'EZOMOL', 'capsule', '2X7', 42, '40MG'),
(370, 'Ruvastat', 'tablet', '1x10', 42, '5mg'),
(371, 'Ruvastat', 'tablet', '1x10', 42, '10mg'),
(372, 'Cansaar', 'tablet', '1x14', 42, '8mg'),
(373, 'Enoxabid', 'tablet', '1x10', 42, '400mg'),
(374, 'Klaricid', 'tablet', '1x10', 42, '250mg'),
(375, 'Klaricid', 'tablet', '1x10', 42, '500mg'),
(376, 'Klaricid XL', 'tablet', '1X5', 42, '500MG'),
(377, 'Surbex', 'tablet', '1x30', 42, 'Z'),
(378, 'Surbex', 'tablet', '1x30', 42, 'T'),
(379, 'Silliver', 'tablet', '1x30', 42, '200mg'),
(380, 'vidaylin', 'tablet', '1x30', 42, 'T'),
(381, 'Dayalets', 'tablet', '1x30', 42, 'multivitamins'),
(382, 'Becefol', 'tablet', '1x25', 42, 'b-complex'),
(383, 'Bevidox', 'tablet', '1x30', 42, 'b-complex'),
(384, 'Optilets', 'tablet', '1x30', 42, 'M'),
(385, 'Pramet', 'tablet', '1x25', 42, 'FA'),
(386, 'Iberet Folic', 'tablet', '1x30', 42, '500'),
(387, 'Mucolator', 'sachet', '1x30', 42, '200mg'),
(388, 'Urixin', 'tablet', '10x10', 42, '400mg'),
(389, 'Abocran', 'sachet', '1x10', 42, 'cranberry'),
(390, 'Orslim', 'capsule', '3x10', 85, '120mg'),
(391, 'Arbi-D', 'tablet', '1x10', 85, '300/12.5mg'),
(392, 'Arbi-D', 'tablet', '1x10', 85, '150mg/12.5mg'),
(393, 'Fluact', 'tablet', '2x10', 86, 'M/S'),
(394, 'Galvecta plus', 'tablet', '2x7', 85, '50/1000mg'),
(395, 'Galvecta plus', 'tablet', '2x7', 85, '50/500mg'),
(396, 'Galvecta plus', 'tablet', '2x7', 85, '50/850mg'),
(397, 'NeoQ10', 'tablet', '2x10', 85, '50mg'),
(398, 'X-planded', 'tablet', '1x10', 85, '5mg'),
(399, 'X-plended', 'tablet', '1x10', 85, '10mg'),
(400, 'X-plended', 'tablet', '1x10', 85, '20mg'),
(401, 'Lowplat plus', 'tablet', '1x10', 85, '75mg'),
(402, 'Lowplate', 'tablet', '1x10', 85, '75mg'),
(403, 'Lowplate plus', 'tablet', '1x10', 85, '150mg'),
(404, 'Duzalta', 'capsule', '1x10', 85, '60mg'),
(405, 'Duzalta', 'capsule', '1x10', 85, '30mg'),
(406, 'Duzalta', 'capsule', '1x10', 85, '20mg'),
(407, 'Inosita', 'tablet', '1x10', 85, '50mg'),
(408, 'Inosita', 'tablet', '1x10', 85, '100mg'),
(409, 'Inosita plus', 'tablet', '2x7', 85, '50/500mg'),
(410, 'Inosita plus', 'tablet', '2x5', 85, '50/850mg'),
(411, 'Inosita plus', 'tablet', '2x7', 85, '50/1000mg'),
(412, 'Avsar', 'tablet', '2x7', 85, '10/160mg'),
(413, 'Avsar', 'tablet', '2x7', 85, '5/80mg'),
(414, 'Avsar', 'tablet', '2x7', 85, '5/160mg'),
(415, 'Estar', 'tablet', '2x7', 85, '10mg'),
(416, 'Estar', 'tablet', '2x7', 85, '20mg'),
(417, 'Onita', 'sachet', '1x7', 85, '2g'),
(418, 'Telsarta-A                                                                `', 'tablet', '`2x7', 85, '5/40mg'),
(419, 'Telsarta-D', 'tablet', '2x7', 85, '40/12.5mg'),
(420, 'Spedicam', 'tablet', '1x10', 85, '8mg'),
(421, 'Gouric', 'tablet', '2x10', 85, '80mg'),
(422, 'Gouric', 'tablet', '2x10', 85, '40mg'),
(423, 'Avsar plus', 'tablet', '4x7', 85, '160/10/12.5mg'),
(424, 'Avsar plus', 'tablet', '4x7', 85, '160/5/12.5mg'),
(425, 'Avsar plus', 'tablet', '4x7', 85, '160/10/25mg'),
(426, 'Avsar plus', 'tablet', '4x7', 85, '160/5/25mg'),
(427, 'Telsarta', 'tablet', '1x10', 85, '40mg'),
(428, 'Telsarta', 'tablet', '1x10', 85, '80mg'),
(429, 'Xilica', 'capsule', '2x7', 85, '75mg'),
(430, 'Xilica', 'capsule', '2x7', 85, '50mg'),
(431, 'Xcept.', 'tablet', '2x7', 85, '20mg'),
(432, 'Xcept', 'tablet', '2x7', 85, '15mg'),
(433, 'Xcept', 'tablet', '1x10', 85, '10mg'),
(434, 'Setspin', 'tablet', '3x10', 85, '24mg'),
(435, 'Setspin', 'tablet', '3x10', 85, '16mg'),
(436, 'Setspin', 'tablet', '3x10', 85, '8mg'),
(437, 'Diu-tansin', 'tablet', '1x10', 85, '50/12.5mg'),
(438, 'Tansin', 'tablet', '1x10', 85, '50mg'),
(439, 'Tretan-D', 'tablet', '2x14', 85, '16/12.5mg'),
(440, 'Tretan', 'tablet', '1x14', 85, '4mg'),
(441, 'Tretan', 'tablet', '1x14', 85, '8mg'),
(442, 'Tretan', 'tablet', '2x14', 85, '16mg'),
(443, 'Ramipace', 'tablet', '2x14', 85, '2.5mg'),
(444, 'Ramipace', 'tablet', '2x14', 85, '1.25mg'),
(445, 'Ramipace', 'tablet', '2x14', 85, '5mg'),
(446, 'Evopride', 'tablet', '3x10', 85, '3mg'),
(447, 'Evopride', 'tablet', '3x10', 85, '4mg'),
(448, 'Nise', 'tablet', '2x10', 85, '100mg'),
(449, 'Skilax', 'tablet', '6x10', 85, '5mg'),
(450, 'Ibandro', 'tablet', '1x1', 85, '150mg'),
(451, 'Actiflor', 'sachet', '1x10', 85, '250mg'),
(452, 'Opt-D', 'tablet', '1x1', 85, '200,000iu'),
(453, 'Adfolic', 'tablet', '3x10', 85, '300mcg'),
(454, 'Adfolic OD', 'tablet', '3x10', 85, '600mcg'),
(455, 'Kalsob', 'tablet', '1x30', 85, 'M/vit'),
(456, 'Orelox', 'syrup', '1x1', 81, '40mg/50ml'),
(457, 'Brysk', 'tablet', '2x10', 84, '20mg'),
(458, 'Glinext MR', 'tablet', '2x10', 82, '60mg'),
(459, 'Calzem SR', 'tablet', '1x20', 83, '60mg'),
(460, 'Calzem SR', 'tablet', '1x20', 83, '90mg'),
(461, 'Phytus', 'syrup', '1x1', 85, '120ml'),
(462, 'Evofix DS', 'syrup', '1x1', 85, '30ml'),
(463, 'Evofix', 'syrup', '1x1', 85, '100mg'),
(464, 'Skilax', 'drop', '1x1', 86, '15ml'),
(465, 'Xatral SR', 'tablet', '2x14', 16, '5mg'),
(466, 'Cordarone', 'tablet', '3x10', 16, '100mg'),
(467, 'Cordarone', 'tablet', '3x10', 16, '200mg'),
(468, 'Telfast', 'tablet', '1x10', 16, '120mg'),
(469, 'Telfast', 'tablet', '1x10', 16, '60mg'),
(470, 'Daonil', 'tablet', '2x30', 16, '5mg'),
(471, 'No-spa', 'tablet', '1x20', 16, '40mg'),
(472, 'No-spa forte', 'tablet', '2x10', 16, '80mg'),
(473, 'Lasoride', 'tablet', '3x10', 16, '40/5mg'),
(474, 'Rulid', 'tablet', '1x10', 16, '150mg'),
(475, 'Tritace', 'tablet', '2x14', 16, '5mg'),
(476, 'Tritace', 'tablet', '2x14', 16, '2.5mg'),
(477, 'Amaryl', 'tablet', '2x15', 16, '1mg'),
(478, 'Amaryl', 'tablet', '2x15', 16, '2mg'),
(479, 'Amaryl', 'tablet', '2x15', 16, '3mg'),
(480, 'Amaryl', 'tablet', '2x15', 16, '4mg'),
(481, 'Amaryl MSR', 'tablet', '3x10', 16, '1/500mg'),
(482, 'Amaryl MSR', 'tablet', '3x10', 16, '2/500mg'),
(483, 'Neodipar', 'tablet', '5x10', 16, '500mg'),
(484, 'Neodipar', 'tablet', '3x10', 16, '850mg'),
(485, 'Orelox', 'tablet', '1x10', 16, '100mg'),
(486, 'Aprovel', 'tablet', '2x14', 16, '150mg'),
(487, 'Coaproval', 'tablet', '2x14', 16, '150/12.5mg'),
(488, 'Xatral LP', 'tablet', '3x10', 16, '10mg'),
(489, 'Coaprovel', 'tablet', '2x14', 16, '300/12.5mg'),
(490, 'Coaprovel', 'tablet', '2x14', 16, '300/25mg'),
(491, 'Aprovel', 'tablet', '2x14', 16, '300mg'),
(492, 'Plavix', 'tablet', '2x14', 16, '75mg'),
(493, 'Coplavix', 'tablet', '1x10', 16, '75mg'),
(494, 'Stemetil', 'tablet', '6x50', 16, '5mg'),
(495, 'Avil', 'tablet', '5x50', 16, '25mg'),
(496, 'Enterogermina', 'capsule', '1x20', 16, '5ml'),
(497, 'Lasix', 'tablet', '2x50', 16, '40mg'),
(498, 'Lasix', 'tablet', '2x50', 16, '20mg'),
(499, 'Mosegar', 'tablet', '3x10', 76, '0.5mg'),
(500, 'Moksi', 'tablet', '1x5', 42, '400mg'),
(501, 'CAC', 'tablet', '1X10', 65, '1000'),
(502, 'CAC', 'tablet', '1X20', 65, '1000'),
(503, 'Qalsan', 'tablet', '1x30', 65, 'd'),
(504, 'Chewcal', 'tablet', '1x30', 65, 'cal/vid D'),
(505, 'Revitale', 'tablet', '1x45', 65, 'Multi'),
(506, 'De-calc', 'tablet', '3x10', 69, 'plus'),
(507, 'De-calc', 'tablet', '1x50', 69, 'plain'),
(508, 'lorin nsa', 'syrup', '1x1', 72, '30ml'),
(509, 'Amoxil', 'capsule', '10x10', 65, '500mg'),
(510, 'Amoxil', 'capsule', '10x10', 65, '250mg'),
(511, 'Ampiclox', 'capsule', '10x10', 65, '250mg'),
(512, 'Ampiclox', 'capsule', '10x10', 65, '500mg'),
(513, 'Evion', 'capsule', '10x10', 87, '400mg'),
(514, 'Evion', 'capsule', '10x10', 87, '600mg'),
(515, 'Evion', 'capsule', '10x10', 87, '200mg'),
(516, 'Voren sr', 'tablet', '3x10', 72, '100mg'),
(517, 'Voren', 'tablet', '10x10', 72, '50mg'),
(518, 'Voren', 'tablet', '10x10', 72, '25mg'),
(519, 'Voren', 'capsule', '10x10', 72, '50mg'),
(520, 'Zeest', 'tablet', '1x30', 70, 'vit,A C E'),
(521, 'Fefan', 'tablet', '10x10', 71, 'DS'),
(522, 'Cardiolite', 'tablet', '10x10', 72, '25mg'),
(523, 'Cardiolite', 'tablet', '10x10', 72, '50mg'),
(524, 'Cardiolite', 'tablet', '10x10', 72, '100mg'),
(525, 'Cardiolite', 'tablet', '3x10', 72, 'plus'),
(526, 'CMZ', 'tablet', '1X30', 88, '-3'),
(527, 'Doltee', 'drop', '1x1', 67, '10ml'),
(528, 'Cntimycin', 'capsule', '10x10', 72, '100mg'),
(529, 'Rosuvax', 'tablet', '1x10', 72, '10mg'),
(530, 'Rosuvax', 'tablet', '1x10', 72, '20mg'),
(531, 'Rosuvax', 'tablet', '1x10', 72, '5mg'),
(532, 'Zepres', 'tablet', '2x10', 17, '5mg'),
(533, 'Zepres', 'tablet', '2x10', 72, '10mg'),
(534, 'Zepres', 'tablet', '2x10', 72, 'plus'),
(535, 'Atiza', 'tablet', '3x10', 72, '5mg'),
(536, 'Cobolmin', 'tablet', '5x10', 72, '500mcg'),
(537, 'Conzyme', 'tablet', '2x10', 72, '5mg'),
(538, 'Asilax', 'tablet', '1x10', 72, '250mg'),
(539, 'Lorin nsa', 'tablet', '1X10', 72, '101MG'),
(540, 'Zolbi', 'capsule', '2x7', 72, '40mg'),
(541, 'Zolbi', 'capsule', '2x7', 72, '20mg'),
(542, 'Inflamitix', 'tablet', '3x10', 72, '100mg'),
(543, 'losanta', 'tablet', '2x10', 72, '25mg'),
(544, 'losanta', 'tablet', '2x10', 72, '50mg'),
(545, 'losanta', 'tablet', '2x10', 72, 'DIU'),
(546, 'Vadil', 'tablet', '3X10', 70, '3.125MG'),
(547, 'Vadil', 'tablet', '3x10', 70, '6.25mg'),
(548, 'Macrobac', 'tablet', '1x6', 72, '500mg'),
(549, 'Macrobac', 'capsule', '1x6', 72, '250mg'),
(550, 'Prostreat', 'tablet', '1x10', 72, '0.4mg'),
(551, 'Tio-veez', 'capsule', '2x10', 68, '18mcg'),
(552, 'Tavist', 'tablet', '1x10', 68, '20mg'),
(553, 'Tavist', 'tablet', '1x10', 68, '10mg'),
(554, 'Esante', 'capsule', '2x7', 68, '20mg'),
(555, 'Esante', 'capsule', '2x7', 68, '40mg'),
(556, 'Sante', 'capsule', '2x7', 68, '40mg'),
(557, 'Sante', 'capsule', '2x7', 68, '20mg'),
(558, 'Xonifast', 'tablet', '1x10', 68, '8mg'),
(559, 'Rast', 'tablet', '1x10', 70, '10mg'),
(560, 'GLIO-P', 'tablet', '2X7', 68, '2/30MG'),
(561, 'Glio-p', 'tablet', '2x7', 68, '4/30mg'),
(562, 'Plaquin-h', 'tablet', '3x10', 68, '200mg'),
(563, 'Silo', 'tablet', '1x14', 68, '50mg'),
(564, 'Venticort', 'capsule', '3x10', 68, '200+6mcg'),
(565, 'Atizox', 'tablet', '2x10', 68, '500mg'),
(566, 'Maxolon', 'tablet', '5x20', 65, '10mg'),
(567, 'FOCIN', 'tablet', '1X10', 70, '500mg'),
(568, 'Ceremin', 'tablet', '3x10', 69, '800mg'),
(569, 'Valtec', 'tablet', '2x14', 70, '40mg'),
(570, 'Valtec', 'tablet', '2x14', 70, '80mg'),
(571, 'Voltec AM', 'tablet', '2X14', 70, '5/80mg'),
(572, 'Voltec AM', 'tablet', '2X14', 70, '5/160MG'),
(573, 'Voltec AM', 'tablet', '2X14', 70, '10/160mg'),
(574, 'Co-valtec', 'tablet', '2x14', 70, '160/25mg'),
(575, 'Co-veltec', 'tablet', '2x14', 70, '160/12.5mg'),
(576, 'Co-valtec', 'tablet', '2x14', 70, '80/12.5mg'),
(577, 'Augmentin', 'tablet', '1x6', 65, '1000mg'),
(578, 'Augmentin', 'tablet', '1x6', 65, '625mg'),
(579, 'Augmentin', 'tablet', '1x6', 65, '375mg'),
(580, 'Fasteso', 'tablet', '2x7', 85, '20mg'),
(581, 'Fasteso', 'tablet', '2x7', 85, '40mg'),
(582, 'Coca-cola', 'beverage', '1x1', 89, '500ml'),
(583, 'Coca-cola', 'beverage', '1x1', 89, '1L'),
(584, 'Coca-cola', 'beverage', '1x1', 89, '250ml'),
(585, 'Coca-cola', 'beverage', '1x1', 89, '1.5L'),
(586, 'Coca-cola', 'beverage', '1x1', 89, '2.25L'),
(587, 'Dew', 'beverage', '1x1', 89, '250ml'),
(588, 'Dew', 'beverage', '1x1', 89, '500ml'),
(589, 'Dew', 'beverage', '1x1', 89, '1L'),
(590, 'Dew', 'beverage', '1x1', 89, '1.5L'),
(591, 'Dew', 'beverage', '1x1', 89, '2.25L'),
(592, 'Conitmycin', 'capsule', '10x10', 72, '100mg'),
(593, 'valtec AM', 'tablet', '2x14', 70, '5/80mg'),
(594, 'Valtec AM', 'tablet', '2x14', 70, '160/25mg'),
(595, 'Valtec AM', 'tablet', '2x14', 70, '5/160mg'),
(596, 'Valtec AM', 'tablet', '2x14', 70, '10/160mg'),
(597, 'Valtec', 'tablet', '2x14', 70, '160mg'),
(598, 'Maxamine', 'capsule', '3x10', 72, '500mcg'),
(599, 'Tarivid', 'tablet', '1x10', 16, '200mg'),
(600, 'Tarivid', 'tablet', '1x10', 16, '400mg'),
(601, 'Calcium-p', 'syrup', '1x1', 90, '120ml'),
(602, 'Eptiza', 'syrup', '1x1', 91, '120ml'),
(603, 'Appetiza', 'syrup', '1x1', 93, '120ml'),
(604, 'Pelton-C', 'syrup', '1x1', 94, '120ml'),
(605, 'Pelton-V', 'syrup', '1x1', 94, '120ml'),
(606, 'Disprol', 'syrup', '1x1', 94, '60ml'),
(607, 'Ulsanic', 'syrup', '1x1', 86, '60ml'),
(608, 'Sangobion', 'syrup', '1x1', 87, '120ml'),
(609, 'Multibionta', 'syrup', '1x1', 87, '120ml'),
(610, 'Malcifer-F', 'syrup', '1x1', 87, '120ml'),
(611, 'Polybion forte', 'syrup', '1x1', 87, '120ml'),
(612, 'Xival', 'syrup', '1x1', 32, '100mg/60ml'),
(613, 'kuf leaf', 'syrup', '1x1', 32, '120ml'),
(614, 'Citralka', 'syrup', '1x1', 95, '120ml'),
(615, 'Panadol', 'syrup', '1x1', 65, '120ml'),
(616, 'Panadol Forte', 'syrup', '1x1', 65, '120ml'),
(617, 'Panadol', 'drop', '1x1', 65, '35ml'),
(618, 'Gaviscon', 'syrup', '1x1', 19, '120ml'),
(619, 'Gaviscon Advanced', 'syrup', '1x1', 19, '120ml'),
(620, 'Pulmonal', 'syrup', '1x1', 96, '120ml'),
(621, 'Laxoberon', 'syrup', '1x1', 87, '120ml'),
(622, 'Adicos', 'syrup', '1x1', 97, '120ml'),
(623, 'Pacific Jack/jell', 'syrup', '1x1', 98, '120ml'),
(624, 'Pacific DM', 'syrup', '1x1', 98, '120ml'),
(625, 'Colenticon gel', 'syrup', '1x1', 98, '60ml'),
(626, 'Brufed', 'syrup', '1x1', 99, '60ml'),
(627, 'Ibo-Z', 'syrup', '1x1', 99, '60ml'),
(628, 'Venax', 'syrup', '1x1', 100, '120ml'),
(629, 'Siroline', 'syrup', '1x1', 101, '120ml'),
(630, 'Histamol-D', 'syrup', '1x1', 102, '120ml'),
(631, 'Cestonil Plus', 'syrup', '1x1', 103, '120ml'),
(632, 'Cestonil', 'syrup', '1x1', 103, '120ml'),
(633, 'Sucfate', 'syrup', '1x1', 104, '60ml'),
(634, 'Zatofen', 'syrup', '1x1', 76, '60ml'),
(635, 'Atarax', 'tablet', '2x25', 65, '10mg'),
(636, 'Atarax', 'tablet', '2x25', 65, '25mg'),
(637, 'Esocue', 'capsule', '2x7', 105, '20mg'),
(638, 'Esocue', 'capsule', '2x7', 105, '40mg'),
(639, 'Amoxi-clav', 'tablet', '2x3', 105, '625mg'),
(640, 'Amoxi-clav', 'capsule', '2x3', 105, '1000mg'),
(641, 'Amoxi-clav', 'capsule', '2x3', 105, '375mg'),
(642, 'T-day', 'tablet', '3x10', 65, '5mg'),
(643, 'Quvasc', 'tablet', '2x10', 105, '10mg'),
(644, 'Azomax', 'capsule', '2x6', 105, '250mg'),
(645, 'Axcin', 'tablet', '1x10', 105, '500mg'),
(646, 'Axcin', 'tablet', '1x10', 105, '250mg'),
(647, 'Librax', 'tablet', '3x10', 87, '5+2.5mg'),
(648, 'Zatofen', 'tablet', '3x10', 76, '1mg'),
(649, 'Quvasc', 'tablet', '2x10', 105, '2.5mg'),
(650, 'Azomax', 'tablet', '2x3', 105, '500mg'),
(651, 'Nocid', 'tablet', '2x10', 16, '20mg'),
(652, 'Nocid', 'tablet', '2x10', 105, '40mg'),
(653, 'laxoberon', 'tablet', '10x10', 87, '5mg'),
(654, 'Neurobion', 'tablet', '10x10', 87, 'b1/b2/b3'),
(655, 'Neuro Bedoxine', 'tablet', '10x10x', 69, 'plus'),
(656, 'Neuromet', 'tablet', '10x10', 87, '500mcg'),
(657, 'Dilatrend', 'tablet', '1x10', 87, '12.5mg'),
(658, 'Clomfranil', 'tablet', '10x10', 76, '25mg'),
(659, 'Safepram', 'tablet', '1x10', 87, '10mg'),
(660, 'Prelin', 'capsule', '2x7', 87, '50mg'),
(661, 'Prelin', 'capsule', '2x7', 87, '75mg'),
(662, 'Sangobion', 'capsule', '3x10', 87, 'Iron+Bcomp'),
(663, 'Multibionta', 'capsule', '2x10', 87, 'multi vitamins'),
(664, 'Synflex', 'tablet', '2x10', 87, '550mg'),
(665, 'Proxen', 'tablet', '2x10', 87, '500mg'),
(666, 'Proxen', 'tablet', '2x10', 87, '250mg'),
(667, 'Polybion', 'capsule', '2x10', 87, 'Z'),
(668, 'Glucovance', 'tablet', '2x15', 87, '500/5mg'),
(669, 'Glucovance', 'tablet', '2x15', 87, '250/12.5mg'),
(670, 'Glucovance', 'tablet', '2x15', 87, '500/2.5mg'),
(671, 'Glucophage', 'tablet', '5x10', 87, '500mg'),
(672, 'Glucophage', 'tablet', '5x10', 87, '250mg'),
(673, 'Glucophage', 'tablet', '5x10', 87, '1g'),
(674, 'Glucophage', 'tablet', '3x10', 87, '850mg'),
(675, 'Glucophage XR', 'tablet', '3x10', 87, '750mg'),
(676, 'Canrec', 'tablet', '2x7', 87, '16mg'),
(677, 'Neoprox', 'tablet', '3x10', 87, '250mg'),
(678, 'Tizorel', 'tablet', '1x10', 87, '2mg'),
(679, 'Glipotim', 'tablet', '2x10', 87, '2mg'),
(680, 'Glioptim', 'tablet', '2x10', 87, '4mg'),
(681, 'Levomerc', 'tablet', '1x10', 87, '250mg'),
(682, 'Infexin', 'capsule', '2x6', 87, '500mg'),
(683, 'Neoprox', 'tablet', '2x10', 87, '500mg'),
(684, 'Levomerc', 'tablet', '1x10', 87, '500mg'),
(685, 'Depex', 'capsule', '1x10', 87, '20mg'),
(686, 'Pcam', 'tablet', '2x10', 87, '20mg'),
(687, 'Concor', 'tablet', '1x14', 87, '10mg'),
(688, 'Concor', 'tablet', '1x14', 87, '5mg'),
(689, 'Concor', 'tablet', '1x14', 87, '2.5mg'),
(690, 'Co-diovan', 'tablet', '2x14', 76, '160/25mg'),
(691, 'Epival', 'syrup', '1x1', 42, '120ml'),
(692, 'Protium', 'tablet', '1x14', 42, '40mg'),
(693, 'Prelin', 'capsule', '2x7', 87, '100mg'),
(694, 'VIMAX', 'capsule', '3X10', 106, '50/150/225MG'),
(695, 'Galza-Met', 'tablet', '2x7', 96, '50/850mg'),
(696, 'Galza-Met', 'tablet', '2x7', 96, '50/1000mg'),
(697, 'Once A day', 'tablet', '2x10', 96, 'Men'),
(698, 'Once A Day', 'tablet', '2x10', 96, 'women'),
(699, 'PioMet', 'tablet', '2x7', 96, '15mg/850mg'),
(700, 'PioMet', 'tablet', '2x7', 96, '15/500mg'),
(701, 'Sita', 'tablet', '1x14', 96, '50mg'),
(702, 'Sita', 'tablet', '1x14', 96, '100mg'),
(703, 'Sita met', 'tablet', '2x7', 96, '50/500mg'),
(704, 'Sita met', 'tablet', '2x7', 96, '50/1000mg'),
(705, 'Valam', 'tablet', '2x7', 96, '10/160mg'),
(706, 'Valam', 'tablet', '2x7', 96, '5/80mg'),
(707, 'Valam', 'tablet', '2x7', 96, '5/160mg'),
(708, 'Crestat', 'tablet', '1x10', 96, '10mg'),
(709, 'Co-valstar', 'tablet', '2x7', 96, '160/25mg'),
(710, 'Valstar', 'tablet', '2x7', 96, '160mg'),
(711, 'Valstar', 'tablet', '2x7', 96, '80mg'),
(712, 'Zotonix', 'tablet', '2x7', 96, '40mg'),
(713, 'Noclot-EA', 'tablet', '1x10', 96, '75mg'),
(714, 'Qutyl', 'tablet', '1x10', 96, '25mg'),
(715, 'Diabold plus', 'tablet', '3x10', 109, '2/500mg'),
(716, 'Diabold plus', 'tablet', '3x10', 109, '1/500mg'),
(717, 'Disprin CV', 'tablet', '3x10', 19, '100mg'),
(718, 'Esegrow', 'tablet', '3x10', 109, 'D'),
(719, 'Plasil', 'tablet', '3x10', 98, '6/20/50/5mg'),
(720, 'Plasenzym', 'tablet', '3x10', 98, '6/20/50mg'),
(721, 'Barilol', 'tablet', '2x10', 109, '5mg'),
(722, 'Barilol', 'tablet', '2x10', 109, '2.5mg'),
(723, 'Genurin Semplice', 'tablet', '3x10', 98, '200mg'),
(724, 'Diabold', 'tablet', '2x10', 109, '1mg'),
(725, 'Diabold', 'tablet', '2x10', 109, '2mg'),
(726, 'Diabold', 'tablet', '2x10', 109, '3mg'),
(727, 'Diabold', 'tablet', '2x10', 109, '4mg'),
(728, 'Levopraid', 'tablet', '2x10', 98, '25mg'),
(729, 'Levopraid', 'tablet', '2x10', 98, '50mg'),
(730, 'Domel', 'tablet', '5x10', 109, '10mg'),
(731, 'Ampress', 'tablet', '2x10', 109, '5mg'),
(732, 'Ampress', 'tablet', '2x10', 109, '10mg'),
(733, 'Vedicar', 'tablet', '3x10', 109, '6.25mg'),
(734, 'Britanyl', 'tablet', '10x10', 109, '2.5mg'),
(735, 'Sert', 'tablet', '1x10', 109, '50mg'),
(736, 'Losec', 'capsule', '1x1', 109, '20mg'),
(737, 'Clotnil', 'tablet', '1x10', 109, '75mg'),
(738, 'Baritec', 'tablet', '1x10', 109, '40mg'),
(739, 'Irecon-H', 'tablet', '1x10', 109, '300/12.5mg'),
(740, 'Irecon-H', 'tablet', '1x10', 109, '150/12.5mg'),
(741, 'Glimet', 'tablet', '3x10', 96, '2.5/500mg'),
(742, 'Rosubar', 'tablet', '1x10', 109, '10mg'),
(743, 'Exapro', 'tablet', '1x14', 96, '10mg'),
(744, 'Exapro', 'tablet', '1x14', 96, '20mg'),
(745, 'Cefspan', 'capsule', '1x1', 109, '400mg'),
(746, 'Paraxyl', 'tablet', '1x10', 96, '20mg'),
(747, 'Paraxyl CR', 'tablet', '2x15', 96, '25mg'),
(748, 'Cef-od', 'tablet', '1x10', 96, '200mg'),
(749, 'Cef-od', 'tablet', '1x5', 96, '400mg'),
(750, 'Maxflow', 'capsule', '2x10', 96, '0.4mg'),
(751, 'Glimet', 'tablet', '3x10', 96, '5/500mg'),
(752, 'Orinase-Met', 'tablet', '3x10', 96, '2/500mg'),
(753, 'Orinase-Met', 'tablet', '1/500mg', 96, '1/500mg'),
(754, 'Gablin', 'capsule', '2x7', 96, '50mg'),
(755, 'Gablin', 'capsule', '2x7', 96, '75mg'),
(756, 'Gablin', 'capsule', '2x7', 96, '100mg'),
(757, 'Gablin', 'capsule', '2x7', 96, '150mg'),
(758, 'Espra', 'capsule', '2x7', 96, '20mg'),
(759, 'Espra', 'capsule', '2x7', 96, '40mg'),
(760, 'Blokium', 'tablet', '3x10', 86, '50mg'),
(761, 'Blokium', 'tablet', '2x10', 86, '100mg'),
(762, 'Cidine', 'tablet', '1x10', 86, '1mg'),
(763, 'Ulsanic', 'tablet', '2x10', 86, '500mg'),
(764, 'kestine', 'tablet', '1x10', 86, '10mg'),
(765, 'Kestine', 'tablet', '1x10', 86, '20mg'),
(766, 'lipirex', 'tablet', '1x10', 86, '10mg'),
(767, 'Lipirex', 'tablet', '1x10', 86, '20mg'),
(768, 'Herbesser', 'tablet', '3x10', 86, '60mg'),
(769, 'Blokium', 'tablet', '3x10', 86, '25mg'),
(770, 'Loprin', 'tablet', '3x10', 86, '150mg'),
(771, 'Blokium DIU', 'tablet', '2x10', 86, '50mg'),
(772, 'Cyrocin', 'tablet', '1x10', 86, '250mg'),
(773, 'Loprin', 'tablet', '3x10', 86, '75mg'),
(774, 'Nebix', 'tablet', '1x14', 86, '5mg'),
(775, 'Tagipmet XR', 'tablet', '2x7', 86, '100/1000mg'),
(776, 'Tagipmet XR', 'tablet', '2x7', 86, '50/1000mg'),
(777, 'Tagipmet XR', 'tablet', '2x7', 86, '50/500mg'),
(778, 'Tagipmet', 'tablet', '2x7', 86, '50/500mg'),
(779, 'Tagipmet', 'tablet', '2x7', 86, '50/1000mg'),
(780, 'Misar H', 'tablet', '2x7', 86, '40/12.5mg'),
(781, 'Misar AM', 'tablet', '2x7', 86, '40/10mg'),
(782, 'Pidogrel', 'tablet', '1x10', 86, '75mg'),
(783, 'Rosulin', 'tablet', '1x10', 86, '10mg'),
(784, 'Airtal', 'tablet', '2x10', 86, '100mg'),
(785, 'Misar AM', 'tablet', '1x10', 86, '80/10mg'),
(786, 'Misar AM', 'tablet', '2x7', 86, '40/5mg'),
(787, 'Airtal ER', 'tablet', '1x10', 86, '200mg'),
(788, 'Rabecid', 'tablet', '1x14', 86, '20mg'),
(789, 'Pidogrel-AP', 'tablet', '1x10', 86, '75mg'),
(790, 'Lotense-H', 'tablet', '2x10', 110, '50/12.5mg'),
(791, 'Tricardin', 'tablet', '3x10', 111, '250mg'),
(792, 'Tagip', 'tablet', '2x7', 86, '50mg'),
(793, 'Tagip', 'tablet', '2x7', 86, '100mg'),
(794, 'Cyrocin', 'tablet', '1x10', 86, '500mg'),
(795, 'Inhibitol', 'tablet', '2x7', 86, '30mg'),
(796, 'Maxius', 'tablet', '4x5', 86, 'lozenges'),
(797, 'Hilin', 'tablet', '1x10', 86, '50mg'),
(798, 'Hilin', 'tablet', '1x10', 86, '75mg'),
(799, 'Hilin', 'tablet', '1x10', 86, '100mg'),
(800, 'Phlogenzym', 'tablet', '2x20', 98, '48/90/100mg'),
(801, 'Magnet', 'syrup', '1x1', 112, '100mg'),
(802, 'LIV', 'syrup', '1X1', 112, '-52'),
(803, 'Desora', 'syrup', '1x1', 112, '60ml'),
(804, 'Ferricure', 'syrup', '1x1', 112, '120ml'),
(805, 'Cefprox', 'syrup', '1x1', 112, '40mg'),
(806, 'Viophos B', 'syrup', '1X1', 112, '240ML'),
(807, 'Bonnisan', 'syrup', '1x1', 112, '120ml'),
(808, 'Desora', 'tablet', '1x10', 112, '5mg'),
(809, 'Conkast', 'tablet', '3x10', 112, '5mg'),
(810, 'Conkast', 'tablet', '3x10', 112, '10mg'),
(811, 'Acabel', 'tablet', '1x10', 112, '4mg'),
(812, 'Acabel', 'tablet', '1x10', 112, '8mg'),
(813, 'Contour', 'capsule', '2x7', 112, '20mg'),
(814, 'Contour', 'capsule', '2x7', 112, '40mg'),
(815, 'Nezkil', 'tablet', '1x10', 112, '600mg'),
(816, 'Ofylin', 'capsule', '1x10', 112, '400mg'),
(817, 'Ferricure', 'capsule', '3x10', 112, '150mg'),
(818, 'Triforge', 'tablet', '4x7', 112, '10/160/12.5mg'),
(819, 'Triforge', 'tablet', '4x7', 86, '5/160/25mg'),
(820, 'Derma care', 'cosmetics', '1x1', 86, '90g'),
(821, 'ZN bar', 'cosmetics', '1x1', 86, '90g'),
(822, 'Acne wash', 'cosmetics', '1x1', 86, '90g'),
(823, 'Hydrex', 'cream', '1x1', 86, '100g'),
(824, 'Combivair', 'capsule', '3x10', 86, '200mg'),
(825, 'Combivair', 'capsule', '3x10', 86, '400mg'),
(826, 'Tiovair', 'capsule', '3x10', 86, '8mcg'),
(827, 'Tiovair-F', 'capsule', '3x10', 86, '18/12mcg'),
(828, 'Vaseline', 'cosmetics', '1x1', 24, '50g'),
(829, 'Care', 'lotion', '1x1', 24, '110ml'),
(830, 'sarsona', 'cosmetics', '1x1', 33, '100ml'),
(831, 'Rabecid', 'tablet', '1x14', 86, '10mg'),
(832, 'Paraxyl CR', 'tablet', '2X15', 96, '12.5MG'),
(833, 'Cerelac wheat', 'general', '1x1', 44, '350g'),
(834, 'Ossoban', 'syrup', '1x1', 113, '120ml'),
(835, 'Seizunil', 'syrup', '1x1', 113, '120ml'),
(836, 'Reducid', 'syrup', '1x1', 113, '120ml'),
(837, 'Prosama', 'syrup', '1x1', 113, '60ml'),
(838, 'Unifyline', 'syrup', '1x1', 113, '60ml'),
(839, 'Avec', 'syrup', '1x1', 113, '60ml'),
(840, 'Ceregin', 'syrup', '1x1', 113, '15ml'),
(841, 'Depakan', 'syrup', '1x1', 113, '60ml'),
(842, 'Depakan', 'tablet', '3x10', 113, '250mg'),
(843, 'Depakan', 'tablet', '2x10', 113, '500mg'),
(844, 'Epler', 'tablet', '1x10', 113, '50mg'),
(845, 'Unifyline', 'tablet', '1x10', 113, '400mg'),
(846, 'Ossoban', 'tablet', '3x103', 113, '-D'),
(847, 'Gerdpill', 'capsule', '2x7', 113, '20mg'),
(848, 'Gerdpill', 'capsule', '2x7', 113, '40mg'),
(849, 'Omcap', 'capsule', '2x7', 113, '20mg'),
(850, 'Seizunil', 'tablet', '5x10', 113, '400mg'),
(851, 'Seizunil', 'tablet', '5x10', 113, '200mg'),
(852, 'Alfa D', 'tablet', '1X10', 113, '2.25mg'),
(853, 'Danzol', 'capsule', '3x10', 113, '100mg'),
(854, 'Danzol', 'capsule', '3x10', 113, '200mg'),
(855, 'Dolonap EC', 'tablet', '2x10', 113, '500mg'),
(856, 'Nordox', 'capsule', '3x10', 113, '100mg'),
(857, 'Fastaid plus', 'tablet', '2x10', 113, '50mg'),
(858, 'Proasma', 'tablet', '3x10', 113, '1mg'),
(859, 'Fastaid', 'tablet', '2x10', 113, '50mg'),
(860, 'Voltaflam', 'tablet', '1x10', 113, '100mg'),
(861, 'Voltaflam', 'tablet', '2x10.', 113, '50mg'),
(862, 'Losar K', 'tablet', '2x10', 113, '50mg'),
(863, 'Avec', 'tablet', '1x10', 113, '10mg'),
(864, 'Sumatec', 'tablet', '1x2', 113, '50mg'),
(865, 'Ceregin', 'tablet', '3x10', 113, '1.5mg'),
(866, 'Ceregin', 'tablet', '1x10', 113, '4.5mg'),
(867, 'Modact IR', 'tablet', '1x10', 113, '100mg'),
(868, 'Torex IR', 'tablet', '2X10', 113, '550MG'),
(869, 'Plazo', 'tablet', '1x6', 113, '500mg'),
(870, 'Plazo', 'tablet', '1x6', 113, '250mg'),
(871, 'Cedrox BD', 'tablet', '2X6', 113, '500MG'),
(872, 'Cedrox', 'capsule', '2x6', 113, '500mg'),
(873, 'Solvocef', 'capsule', '2x6', 113, '500mg'),
(874, 'Velora', 'capsule', '2x6', 113, '250mg'),
(875, 'Velora', 'capsule', '2x6', 113, '500mg'),
(876, 'Olesta', 'tablet', '1x103', 114, '20mg'),
(877, 'Relispa', 'tablet', '2x10', 114, '40mg'),
(878, 'Vaptor', 'tablet', '1x10', 114, '10mg'),
(879, 'Vaptor', 'tablet', '1x10', 114, '5mg'),
(880, 'Rhulef', 'tablet', '3x10', 114, '20mg'),
(881, 'Olesta', 'tablet', '1x10', 114, '40mg'),
(882, 'Co-olesta', 'tablet', '1x10', 114, '40/12.5mg'),
(883, 'Levoxin', 'tablet', '1x10', 114, '500mg'),
(884, 'Levoxin', 'tablet', '1x10', 114, '250mg'),
(885, 'Co-olesta', 'tablet', '1x10', 114, '20/12.5mg'),
(886, 'Relispa forte', 'tablet', '2x10', 114, '80mg'),
(887, 'Xadine', 'tablet', '1x10', 114, '120mg'),
(888, 'Xadine', 'tablet', '1x10', 114, '60mg'),
(889, 'Serebal', 'tablet', '2x10', 114, '500mcg'),
(890, 'SelanzSR', 'capsule', '2X7', 114, '30MG'),
(891, 'Ezium', 'capsule', '2x7', 114, '20mg'),
(892, 'Ezium', 'capsule', '2x7', 114, '40mg'),
(893, 'ANZO', 'capsule', '2X7', 114, '40MG'),
(894, 'ANZO', 'capsule', '2X7', 114, '20MG'),
(895, 'Ventek', 'tablet', '2x7', 114, '5mg'),
(896, 'Ventek', 'tablet', '2x7', 114, '10mg'),
(897, 'Rotec', 'tablet', '2x10', 114, '50mg'),
(898, 'Rotec', 'tablet', '2x10', 114, '75mg'),
(899, 'Omixim', 'capsule', '1x5', 114, '400mg'),
(900, 'Omixim', 'capsule', '1x10', 114, '200mg'),
(901, 'Maxlox', 'capsule', '1x5', 114, '400mg'),
(902, 'Lumark', 'capsule', '3x10', 114, '500mg'),
(903, 'Lumark', 'tablet', '3x10', 114, '250mg'),
(904, 'Byscard', 'tablet', '1x14', 114, '2.5mg'),
(905, 'Byscard', 'tablet', '1x14', 114, '5mg'),
(906, 'Jentinmet', 'tablet', '2x7', 114, '50/500mg'),
(907, 'Jentinmet', 'tablet', '2x7', 114, '50/1000mg'),
(908, 'Extor', 'tablet', '1x14', 114, '5/80mg'),
(909, 'Extor', 'tablet', '1x14', 114, '5/160mg'),
(910, 'Extor', 'tablet', '1x14', 114, '10/160mg'),
(911, 'Metodine Df', 'syrup', '1x10', 114, '90ml'),
(912, 'Metodine', 'syrup', '1x1', 114, '60ml'),
(913, 'Metrozine', 'syrup', '1x1', 114, '90ml'),
(914, 'Sustac', 'tablet', '1x30', 114, '2.6mg'),
(915, 'Sustac', 'tablet', '1x30', 114, '6.4mg'),
(916, 'Serenace', 'tablet', '1x20', 114, '5mg'),
(917, 'Serenace', 'tablet', '1x50', 114, '1.5mg'),
(918, 'Serenace', 'tablet', '1x50', 114, '10mg'),
(919, 'Calan', 'tablet', '1x50', 114, '40mg'),
(920, 'Calan SR', 'tablet', '1X10', 114, '240mg'),
(921, 'Calan', 'tablet', '5x10', 114, '80mg'),
(922, 'Aldactone', 'tablet', '1x10', 114, '100mg'),
(923, 'Spiromide', 'tablet', '2x10', 114, '20mg'),
(924, 'Spiromide', 'tablet', '3x10', 114, '40mg'),
(925, 'Metodine', 'tablet', '6x10', 114, '325/250mg'),
(926, 'Tramal', 'tablet', '1x10', 114, 'plus'),
(927, 'Tramal', 'capsule', '1x10', 114, '50mg'),
(928, 'Tramal SR', 'tablet', '1x10', 114, '100mg'),
(929, 'Gravinate', 'tablet', '10x10', 114, '50mg'),
(930, 'Metodine', 'tablet', '3x5', 114, 'DF'),
(931, 'Nuberol forte', 'tablet', '3x5', 114, '650mg'),
(932, 'Velocef', 'syrup', '1x1', 65, '125mg'),
(933, 'Velosef', 'syrup', '1x1', 65, '250mg'),
(934, 'Duricef', 'syrup', '1x1', 65, '125mg'),
(935, 'Duricef', 'syrup', '1x1', 65, '250mg'),
(936, 'Velocef', 'capsule', '2x6', 65, '250mg'),
(937, 'Velocef', 'capsule', '2x6', 65, '500mg'),
(938, 'Duricef', 'capsule', '2x6', 65, '500mg'),
(939, 'Cipval', 'tablet', '1x10', 65, '500mg'),
(940, 'Cipval', 'tablet', '1x10', 65, '250mg'),
(941, 'Quberon t/sr', 'tablet', '10x10', 65, '300mg'),
(942, 'Motival', 'tablet', '5x20', 65, '0.5/10mg'),
(943, 'Glucomet', 'tablet', '6x10', 100, '2.5/500mg'),
(944, 'Glucomet plus', 'tablet', '6x10', 100, '5/500mg'),
(945, 'Capoten', 'tablet', '2x10', 65, '25mg'),
(946, 'Capoten', 'tablet', '2x10', 65, '50mg'),
(947, 'Theragran', 'tablet', '3x10', 65, 'ultra'),
(948, 'Theragran', 'tablet', '3x10', 65, 'M'),
(949, 'Theragran', 'tablet', '3x10', 65, 'H'),
(950, 'Rennine', 'tablet', '1x24', 116, 'Peppermint'),
(951, 'Spasmomen', 'tablet', '2x10', 100, '40mg'),
(952, 'PROGYLUTON', 'tablet', '1X21', 116, '2mg'),
(953, 'YAZ', 'tablet', '1X28', 116, '0.02/3MG'),
(954, 'Progynova', 'tablet', '1x21', 116, '2mg'),
(955, 'Primolut N', 'tablet', '3X10', 116, '5MG'),
(956, 'Proviron', 'tablet', '2x10', 116, '25mg'),
(957, 'Belair', 'tablet', '1x10', 116, '5mg'),
(958, 'Atorva', 'tablet', '1x10', 100, '10mg'),
(959, 'Atorva', 'tablet', '1x10', 100, '20mg'),
(960, 'Amlocard', 'tablet', '2x10', 100, '5mg'),
(961, 'Amlocard', 'tablet', '2x10', 100, '10mg'),
(962, 'Neo-mercazole', 'tablet', '1x100', 100, '5mg'),
(963, 'Ciproxen', 'tablet', '1x10', 116, '500mg'),
(964, 'Ciproxen', 'tablet', '1x10', 116, '250mg'),
(965, 'Daine', 'tablet', '1x21', 116, '35'),
(966, 'Adalet LA', 'tablet', '2X10', 116, '30MG'),
(967, 'Adalet LA', 'tablet', '2X10', 116, '60MG'),
(968, 'Meliane', 'tablet', '1x21', 116, '0.05mg'),
(969, 'Canesten 1', 'tablet', '1x1', 116, '0.5mg'),
(970, 'Canesten 6', 'tablet', '1x6', 116, '0.1g'),
(971, 'Berocca', 'tablet', '1x15', 116, 'supplement'),
(972, 'Avelox', 'capsule', '1x5', 116, '400mg'),
(973, 'Tenormin', 'tablet', '1x14', 118, '25mg'),
(974, 'Tenormin', 'tablet', '1x14', 118, '50mg'),
(975, 'Tenormin', 'tablet', '1x14', 118, '100mg'),
(976, 'Zyrtec', 'tablet', '2x15', 65, '10mg'),
(977, 'Foro-B12', 'syrup', '1x1', 71, '60ml'),
(978, 'Bone one', 'tablet', '4x10', 87, '0.5mcg'),
(979, 'Ismo', 'tablet', '2x10', 87, '20mg'),
(980, 'Cosome-E', 'syrup', '1x1', 87, '120ml'),
(981, 'Zestril', 'tablet', '1x14', 118, '5mg'),
(982, 'Zestril', 'tablet', '1x14', 118, '10mg'),
(983, 'Zestril', 'tablet', '1x14', 118, '20mg'),
(984, 'Etipro', 'capsule', '2x7', 118, '20mg'),
(985, 'Lyrica', 'capsule', '2x7', 95, '150mg'),
(986, 'Nolvadex', 'tablet', '3x10', 118, '10mg'),
(987, 'Zestoretic', 'tablet', '2x14', 118, '20/12.5mg'),
(988, 'Arthrotec', 'tablet', '2x10', 95, '50/200mg'),
(989, 'Feldene', 'capsule', '4x10', 95, '20mg'),
(990, 'Feldene', 'tablet', '4x10', 95, '20mg'),
(991, 'Diflucan', 'capsule', '1x1', 95, '150mg'),
(992, 'Cardura', 'tablet', '2x10', 95, '2mg'),
(993, 'Cardura', 'tablet', '2x10', 95, '4mg'),
(994, 'Elient', 'tablet', '6x5', 119, '100mg'),
(995, 'Rasbid', 'tablet', '6x5', 120, '100mg'),
(996, 'Ansaid', 'tablet', '5x6', 95, '100mg'),
(997, 'Dalacin C', 'capsule', '4x4', 95, '150mg'),
(998, 'Alcuflex', 'capsule', '2x10', 118, '550mg'),
(999, 'Ketress', 'tablet', '10x3', 118, '40mg'),
(1000, 'Fasigyn', 'tablet', '10x4', 95, '500mg'),
(1001, 'Zoloft', 'tablet', '3x10', 95, '50mg'),
(1002, 'Norvasc', 'tablet', '3x10', 95, '5mg'),
(1003, 'Lipitor', 'tablet', '1x10', 95, '10mg'),
(1004, 'Detrusitol', 'tablet', '2x14', 95, '2mg'),
(1005, 'Norvasc', 'tablet', '1x10', 95, '10mg'),
(1006, 'Inderal', 'tablet', '1x50', 118, '10mg'),
(1007, 'Inderal', 'tablet', '1x30', 118, '40mg'),
(1008, 'Deltcotril', 'tablet', '1x1000', 95, '5mg'),
(1009, 'Fixval', 'capsule', '1x5', 65, '400mg'),
(1010, 'Diane', 'tablet', '1x21', 116, '35'),
(1011, 'Tenorit', 'tablet', '1x14', 118, '50mg'),
(1012, 'Regnum', 'syrup', '1x1', 118, '120ml'),
(1013, 'Aptimax', 'syrup', '1x1', 118, '120ml'),
(1014, 'Digas', 'syrup', '1x1', 122, '120ml'),
(1015, 'Digas', 'drop', '1x1', 122, '20ml'),
(1016, 'Digas', 'tablet', '1x60', 122, '60'),
(1017, 'Digas', 'tablet', '1x120', 122, '120'),
(1018, 'Digas antacid', 'syrup', '1x1', 122, '120ml'),
(1019, 'Trileaf', 'syrup', '1x1', 118, '120ml'),
(1020, 'Lysovit', 'syrup', '1x1', 95, '120ml'),
(1021, 'Myfol', 'syrup', '1x1', 121, '120ml'),
(1022, 'Maltofer', 'syrup', '1x1', 100, '120ml'),
(1023, 'Maltofer', 'drop', '1x1', 100, '30ml'),
(1024, 'Envepe', 'tablet', '3x10', 121, '10mg'),
(1025, 'Myfol', 'tablet', '3x10', 121, '400mcg'),
(1026, 'Novodol', 'tablet', '3x28', 97, '0.15mg'),
(1027, 'Lophos', 'tablet', '10x10', 121, '667mg'),
(1028, 'Myfol', 'drop', '1x1', 121, '15ml'),
(1029, 'Aminovel', 'infusion', '1x1', 123, '600'),
(1030, 'Ascard', 'tablet', '3x10', 124, '75mg'),
(1031, 'Ascard', 'tablet', '3x10', 124, '150mg'),
(1032, 'Ascard plus', 'tablet', '1x10', 124, '75mg'),
(1033, 'Smecta', 'sachet', '1x30', 124, '3g'),
(1034, 'Clycin-V', 'cream', '1x1', 125, '40G'),
(1035, 'Metni-V', 'gel', '1x1', 125, '75g');
INSERT INTO `inventory` (`id`, `name`, `type`, `pack`, `fk_company_id`, `strength`) VALUES
(1036, 'Mits', 'tablet', '2x10', 125, '7.5mg'),
(1037, 'Mits', 'tablet', '2x10', 125, '15mg'),
(1038, 'Norplate', 'tablet', '4x7', 126, '75MG'),
(1039, 'Norplat S', 'tablet', '1x10', 126, '75mg'),
(1040, 'Gen-M', 'tablet', '1x8', 127, '4/240MG'),
(1041, 'Gen-M', 'tablet', '2x8', 127, '20/120mg'),
(1042, 'Gen-M', 'tablet', '1x6', 127, '80/480mg'),
(1043, 'Mesulid', 'tablet', '1x10', 127, '100mg'),
(1044, 'Jovit', 'tablet', '2x10', 125, '500/400mg'),
(1045, 'Pegalin', 'capsule', '2x7', 125, '75mg'),
(1046, 'Pegalin', 'capsule', '2x7', 125, '100mg'),
(1047, 'Pegalin', 'capsule', '2x7', 125, '150mg'),
(1048, 'Vomilux', 'tablet', '5x10', 124, '10mg'),
(1049, 'Lame 5', 'tablet', '3x10', 124, '5mg'),
(1050, 'Glusimet', 'tablet', '2x7', 126, '50/500mg'),
(1051, 'Glusimet', 'tablet', '2x7', 126, '50/1000mg'),
(1052, 'Dioplus', 'tablet', '2x7', 124, '5/160mg'),
(1053, 'Dioplus', 'tablet', '2x7', 124, '10/160mg'),
(1054, 'Dioplus', 'tablet', '2x7', 124, '5/80mg'),
(1055, 'DiaroX', 'tablet', '1x10', 124, '50mg'),
(1056, 'NT-tox', 'tablet', '2x10', 127, '500mg'),
(1057, 'Syngab', 'tablet', '2x7', 124, '75mg'),
(1058, 'Syngab', 'tablet', '2x7', 124, '100mg'),
(1059, 'Syngab', 'tablet', '2x7', 124, '150mg'),
(1060, 'Viglip-M', 'tablet', '2x7', 124, '50/1000mg'),
(1061, 'Gvia-M', 'tablet', '2x7', 127, '50/500mg'),
(1062, 'Gvia-M', 'tablet', '2x7', 124, '50/1000mg'),
(1063, 'Movcol', 'sachet', '1x10', 127, '178/350/46'),
(1064, 'Distalgesic', 'tablet', '1x10', 124, '37.5/325mg'),
(1065, 'Esso', 'capsule', '2x7', 125, '20mg'),
(1066, 'Esso', 'capsule', '2x7', 125, '40mg'),
(1067, 'Rovator', 'tablet', '1x10', 124, '20mg'),
(1068, 'Rovator', 'tablet', '1x10', 124, '10mg'),
(1069, 'Trupril', 'tablet', '1x14', 126, '5mg'),
(1070, 'Trupril', 'tablet', '1x14', 126, '10mg'),
(1071, 'Co-trupril', 'tablet', '2x14', 126, '20/12.5mg'),
(1072, 'Amstan', 'tablet', '1x14', 126, '5/80mg'),
(1073, 'Amstan', 'tablet', '1x14', 126, '5/160mg'),
(1074, 'Amstan', 'tablet', '1x14', 126, '10/160mg'),
(1075, 'Terbiderm', 'tablet', '1x10', 124, '125mg'),
(1076, 'Dol-P', 'tablet', '1x10', 127, '37.5/325mg'),
(1077, 'Depsit', 'tablet', '1x14', 127, '10mg'),
(1078, 'Depsit', 'tablet', '1x14', 127, '5mg'),
(1079, 'Co-Valid', 'tablet', '2x14', 126, '80/12.5mg'),
(1080, 'Novidat', 'syrup', '1x1', 128, '125mg'),
(1081, 'Novidat', 'syrup', '1x1', 128, '250mg'),
(1082, 'Novidat', 'tablet', '1x10', 128, '250mg'),
(1083, 'Novidat', 'tablet', '1x10', 128, '500mg'),
(1084, 'Cynfo', 'capsule', '2x5', 128, '500mg'),
(1085, 'Neege', 'tablet', '2x7', 128, '20mg'),
(1086, 'Neege', 'tablet', '2x7', 128, '40mg'),
(1087, 'Neege', 'injection', '1x1', 128, '40mg'),
(1088, 'Tonoflex-P', 'tablet', '1x10', 128, '37.5/325mg'),
(1089, 'Fungone', 'capsule', '1x1', 128, '150mg'),
(1090, 'Caricef', 'capsule', '1x5', 128, '400mg'),
(1091, 'Caricef', 'tablet', '2x5', 128, '200mg'),
(1092, 'Caricef', 'syrup', '1x1', 128, '100mg'),
(1093, 'Caricef', 'syrup', '1x1', 128, '200mg'),
(1094, 'Rithmo', 'tablet', '1x10', 128, '250mg'),
(1095, 'Rithmo', 'tablet', '1x10', 128, '500mg'),
(1096, 'Rithmo', 'syrup', '1x1', 128, '125mg'),
(1097, 'Rithmo', 'syrup', '1x1', 128, '250mg'),
(1098, 'Teph', 'syrup', '2x7', 128, '20mg'),
(1099, 'Teph', 'capsule', '2x7', 128, '40mg'),
(1100, 'Novoteph', 'capsule', '2x7', 128, '40mg'),
(1101, 'Novoteph', 'capsule', '2x7', 128, '20mg'),
(1102, 'Itaglip plus', 'tablet', '2x7', 128, '50/500mg'),
(1103, 'Itaglip plus', 'tablet', '2x7', 128, '50/1000mg'),
(1104, 'Otid', 'capsule', '2x6', 128, '500mg'),
(1105, 'Montika', 'tablet', '2x7', 128, '5mg'),
(1106, 'Montika', 'tablet', '2x7', 128, '10mg'),
(1107, 'Montika', 'sachet', '1x14', 128, '4mg'),
(1108, 'Montika', 'tablet', '2x7', 128, '4mg'),
(1109, 'Alkeris-SR', 'tablet', '1x10', 128, '200mg'),
(1110, 'Alkeris', 'tablet', '2x10', 128, '100mg'),
(1111, 'Neo-sedil', 'tablet', '1x10', 128, '5mg'),
(1112, 'Sedil', 'tablet', '1x10', 128, '10mg'),
(1113, 'Dicloran', 'tablet', '2x10', 128, '50mg'),
(1114, 'Dicloran SR', 'tablet', '3x10', 128, '100mg'),
(1115, 'Dicloran D/P', 'tablet', '2x10', 128, '50mg'),
(1116, 'ITP', 'tablet', '1x10', 128, '50mg'),
(1117, 'Gpride', 'tablet', '2x10', 128, '1mg'),
(1118, 'Gpride', 'tablet', '2x10', 128, '2mg'),
(1119, 'Gpride', 'tablet', '2x10', 128, '3mg'),
(1120, 'Gpride', 'tablet', '2x10', 128, '4mg'),
(1121, 'Penorit', 'tablet', '2x10', 128, '10/0.02mg'),
(1122, 'Rolac', 'capsule', '1x4', 128, '100mg'),
(1123, 'Mevulak', 'sachet', '1x10', 128, '135/3.5g'),
(1124, 'Nims', 'tablet', '2x10', 128, '100mg'),
(1125, 'Breeky', 'tablet', '1x10', 128, '100mcg'),
(1126, 'Movax', 'tablet', '1x10', 128, '2mg'),
(1127, 'Movax', 'tablet', '1x10', 128, '4mg'),
(1128, 'Onato', 'tablet', '2x10', 128, '5mg'),
(1129, 'Onato', 'tablet', '2x10', 128, '10mg'),
(1130, 'Sumerol-N', 'tablet', '8x12', 128, '325/25mg'),
(1131, 'Samerol-N forte', 'tablet', '1x10', 128, '600/50mg'),
(1132, 'Antial', 'tablet', '1x10', 128, '10mg'),
(1133, 'Izato', 'tablet', '4x5', 128, '500mg'),
(1134, 'Syngab', 'capsule', '2x7', 124, '50mg'),
(1135, 'Clonexa', 'tablet', '1x10', 124, '1mg'),
(1136, 'Clonexa', 'tablet', '1x10', 124, '2mg'),
(1137, 'Muselid', 'tablet', '1x10', 124, '100mg'),
(1138, 'Samerol N', 'tablet', '8x12', 128, '300/25mg'),
(1139, 'HCQ', 'tablet', '3x10', 129, '200MG'),
(1140, 'Capoten', 'tablet', '3x10', 65, '25mg'),
(1141, 'Cytopan', 'tablet', '2x10', 129, '50mg'),
(1142, 'Cytopan', 'tablet', '2x10', 129, '75mg'),
(1143, 'Cipesta', 'tablet', '1x10', 129, '250mg'),
(1144, 'cipesta', 'tablet', '1x10', 129, '500mg'),
(1145, 'Amclave', 'tablet', '1x6', 129, '375mg'),
(1146, 'Amclave', 'tablet', '1x6', 129, '625mg'),
(1147, 'zavget', 'tablet', '1x14', 129, '10mg'),
(1148, 'Norvin', 'tablet', '3x10', 129, '500mg'),
(1149, 'Zurig', 'tablet', '2x10', 129, '40mg'),
(1150, 'Zurig', 'tablet', '2x10', 129, '80mg'),
(1151, 'Advant', 'tablet', '2x7', 129, '8mg'),
(1152, 'Advant', 'tablet', '2x7', 129, '16mg'),
(1153, 'Advantec', 'tablet', '2x14', 129, '16//12.5mg'),
(1154, 'Sivab', 'tablet', '2x7', 129, '5mg'),
(1155, 'Tamsolin', 'tablet', '2x10', 129, '0.4mg'),
(1156, 'Gonadil-', 'tablet', '4x10', 129, 'F'),
(1157, 'Celbex', 'capsule', '2x10', 129, '100mg'),
(1158, 'Celbex', 'capsule', '2x10', 129, '200mg'),
(1159, 'Cenova', 'tablet', '14', 129, 'Extract'),
(1160, 'Claritek', 'tablet', '1x10', 129, '250mg'),
(1161, 'Claritek', 'tablet', '1x10', 129, '500mg'),
(1162, 'Claritek XL', 'tablet', '1x5', 129, '500mg'),
(1163, 'Claritek', 'syrup', '1x1', 129, '125mg'),
(1164, 'Claritek', 'syrup', '1x1', 129, '250mg'),
(1165, 'Starcox', 'tablet', '1x10', 129, '60mg'),
(1166, 'Solifen', 'tablet', '1x10', 129, '5mg'),
(1167, 'Solifen', 'tablet', '1x10', 129, '10mg'),
(1168, 'Cefiget', 'tablet', '1x10', 129, '200mg'),
(1169, 'Cefiget', 'capsule', '1x5', 129, '400mg'),
(1170, 'Cefiget', 'syrup', '1x1', 129, '100mg'),
(1171, 'Cefiget DS', 'syrup', '1x1', 129, '200mg'),
(1172, 'Tasmi', 'tablet', '2x7', 129, '20mg'),
(1173, 'Tasmi', 'tablet', '2x7', 129, '40mg'),
(1174, 'Zetro', 'tablet', '1x3', 129, '500mg'),
(1175, 'Covam', 'tablet', '2x7', 129, '5/80mg'),
(1176, 'Montiget', 'tablet', '2x7', 129, '5mg'),
(1177, 'Montiget', 'tablet', '2x7', 129, '10mg'),
(1178, 'Trevia', 'tablet', '2x7', 129, '50mg'),
(1179, 'Trevia', 'tablet', '2x7', 129, '100mg'),
(1180, 'Trevia Met', 'tablet', '2x7', 129, '50/500mg'),
(1181, 'Trevia Met', 'tablet', '2x7', 129, '50/1000mg'),
(1182, 'Zoliget', 'tablet', '2x7', 129, '2/30mg'),
(1183, 'Fexet', 'tablet', '2x10', 129, '60mg'),
(1184, 'Fexet', 'tablet', '2x10', 129, '120mg'),
(1185, 'Fexet', 'tablet', '1x10', 129, 'D'),
(1186, 'Montiget', 'sachet', '1x14', 129, '4mg'),
(1187, 'LIpiget', 'tablet', '1x10', 129, '10mg'),
(1188, 'Lipiget', 'tablet', '1x10', 129, '20mg'),
(1189, 'Lipiget', 'tablet', '1x10', 129, '40mg'),
(1190, 'Rovista', 'tablet', '1x10', 129, '5mg'),
(1191, 'Rovista', 'tablet', '1x10', 129, '10mg'),
(1192, 'Rovista', 'tablet', '1x10', 129, '20mg'),
(1193, 'Nebil', 'tablet', '2x7', 129, '2.5mg'),
(1194, 'Rivaxo', 'tablet', '1x10', 129, '15mg'),
(1195, 'Rivaxo', 'tablet', '1x10', 129, '10mg'),
(1196, 'Getryl', 'tablet', '2x10', 129, '1mg'),
(1197, 'Getryl', 'tablet', '2x10', 129, '2mg'),
(1198, 'Getryl', 'tablet', '2x10', 129, '3mg'),
(1199, 'Getryl', 'tablet', '2x10', 129, '4mg'),
(1200, 'Nebil', 'tablet', '2x7', 129, '5mg'),
(1201, 'Vilget', 'tablet', '2x7', 129, '50/500mg'),
(1202, 'Vilget', 'tablet', '2x7', 129, '50/850mg'),
(1203, 'Vilget', 'tablet', '2x7', 129, '50/1000mg'),
(1204, 'Trevia Met XR', 'tablet', '2x7', 129, '50/1000mg'),
(1205, 'Tres orix forte', 'syrup', '1x1', 86, '120ml'),
(1206, 'Gabica', 'capsule', '2x7', 129, '300mg'),
(1207, 'Mebever', 'capsule', '1x10', 129, 'MR'),
(1208, 'Lyta', 'capsule', '2x7', 129, '60mg'),
(1209, 'Lyta', 'capsule', '2x7', 129, '30mg'),
(1210, 'Lyta', 'capsule', '2x7', 129, '20mg'),
(1211, 'Emira', 'capsule', '2x10', 129, '500mg'),
(1212, 'Trevia Met XR', 'tablet', '2x7', 129, '50/500mg'),
(1213, 'Co-tasmi', 'tablet', '2x7', 129, '40/12.5mg'),
(1214, 'Co-tasmi', 'tablet', '2x7', 129, '80/12.5mg'),
(1215, 'Trevia Met', 'tablet', '2x7', 129, '50/850mg'),
(1216, 'Osnate D', 'syrup', '1x1', 130, '120ml'),
(1217, 'Osnate', 'syrup', '1x1', 130, '60ml'),
(1218, 'Toni 5', 'syrup', '1x1', 130, '120ml'),
(1219, 'Rigix', 'syrup', '1x1', 130, '120ml'),
(1220, 'Rigix', 'tablet', '2x15', 130, '10mg'),
(1221, 'Rubifer', 'syrup', '1x1', 130, '60ml'),
(1222, 'Ceclor', 'syrup', '1x1', 130, '125mg'),
(1223, 'Ceclor', 'syrup', '1x1', 130, '250mg'),
(1224, 'Keflex', 'syrup', '1x1', 130, '125mg'),
(1225, 'Abnil', 'tablet', '1x30', 130, '120mg'),
(1226, 'spasler P', 'syrup', '1x1', 130, '60ml'),
(1227, 'Nootropil', 'syrup', '1x1', 65, '120ml'),
(1228, 'Nootropil', 'tablet', '3x10', 65, '800mg'),
(1229, 'Ceclor MR', 'syrup', '1x1', 130, '375mg'),
(1230, 'Melfax', 'tablet', '1x10', 130, '7.5mg'),
(1231, 'Melfax', 'tablet', '1x10', 130, '15mg'),
(1232, 'Anafortan', 'tablet', '3x10', 130, 'plus'),
(1233, 'Spasler', 'tablet', '3x10', 130, 'Neo'),
(1234, 'Phyllocontin', 'tablet', '5x10', 130, '225mg'),
(1235, 'Calfina', 'tablet', '1x10', 130, 'CR'),
(1236, 'Glyzia Met', 'tablet', '2x14', 131, '50/500mg'),
(1237, 'Maxna', 'tablet', '2x10', 131, '500mg'),
(1238, 'cartigen', 'tablet', '4x5', 131, '500/400mg'),
(1239, 'Cipesta Xr', 'tablet', '1x10', 129, '500mg'),
(1240, 'Osam', 'tablet', '3x10', 129, 'D'),
(1241, 'Razodex', 'tablet', '3x10', 129, '30mg'),
(1242, 'Pantra', 'tablet', '1x10', 129, '37.5/325mg'),
(1243, 'Fenoget', 'tablet', '3x10', 129, '67mg'),
(1244, 'Leflox', 'tablet', '1x10', 129, '250mg'),
(1245, 'Leflox', 'tablet', '1x10', 129, '500mg'),
(1246, 'zolid', 'tablet', '2x7', 129, '15mg'),
(1247, 'Zolid', 'tablet', '2x7', 129, '30mg'),
(1248, 'Zoliget', 'tablet', '2x7', 129, '4/30mg'),
(1249, 'Zolid Plus', 'tablet', '4x7', 129, '15/500mg'),
(1250, 'Getformin', 'tablet', '3x10', 129, '1/500mg'),
(1251, 'Osnate', 'tablet', '5x6', 131, 'D'),
(1252, 'Osnate', 'tablet', '5x6', 131, '800mg'),
(1253, 'Nexum', 'capsule', '2x7', 129, '20mg'),
(1254, 'Nexum', 'capsule', '2x7', 129, '40mg'),
(1255, 'Risek', 'capsule', '2x7', 129, '20mg'),
(1256, 'Risek', 'capsule', '2x7', 129, '40mg'),
(1257, 'Getformin', 'tablet', '3x10', 129, '2/500mg'),
(1258, 'zolid', 'tablet', '2x7', 129, '45mg'),
(1259, 'Gabica', 'capsule', '2x7', 129, '50mg'),
(1260, 'Gabica', 'capsule', '2x7', 129, '75mg'),
(1261, 'Gabica', 'capsule', '2x7', 129, '100mg'),
(1262, 'Gabica', 'capsule', '2x7', 129, '150mg'),
(1263, 'Ceclor', 'drop', '1x1', 131, '15ml'),
(1264, 'Keflex', 'syrup', '1x1', 131, '250mg'),
(1265, 'Rejuva', 'tablet', '1x30', 118, '500mg'),
(1266, 'Bamifix', 'tablet', '3x10', 132, '600mg'),
(1267, 'Sinaxamol', 'tablet', '3x10', 131, 'extra'),
(1268, 'Novafol', 'tablet', '3x10', 131, '400mcg'),
(1269, 'Ceclor', 'capsule', '1x12', 131, '250mg'),
(1270, 'Keflex', 'capsule', '1x12', 131, '250mg'),
(1271, 'Ceclor', 'capsule', '1x12', 131, '500mg'),
(1272, 'Rubifer', 'tablet', '2x10', 131, 'F'),
(1273, 'Lucast', 'tablet', '1x10', 131, '5mg'),
(1274, 'Tricogen', 'tablet', '2x10', 132, '500mg'),
(1275, 'Urso', 'tablet', '1x10', 131, '500mg'),
(1276, 'Urso', 'tablet', '1x10', 131, '250mg'),
(1277, 'Prolifen', 'tablet', '1x10', 132, '50mg'),
(1278, 'Prozac', 'tablet', '1x14', 132, '20mg'),
(1279, 'Afoxin', 'tablet', '1x10', 131, '500mg'),
(1280, 'Afoxin', 'tablet', '1x10', 131, '250mg'),
(1281, 'Brexin', 'tablet', '2x10', 132, '20mg'),
(1282, 'Clenil for aerosol', 'drop', '1x5', 132, '0.8mg'),
(1283, 'Atem', 'drop', '1x5', 132, '0.025mg'),
(1284, 'Olcuf', 'syrup', '1x1', 129, '120ml'),
(1285, 'zyrtec', 'syrup', '1x1', 65, '60ml'),
(1286, 'Novidate', 'syrup', '1x1', 128, '125mg'),
(1287, 'Novidate', 'syrup', '1x1', 128, '250mg'),
(1288, 'Nucef', 'syrup', '1x1', 128, 'DS'),
(1289, 'Nucef', 'syrup', '1x1', 128, '125mg'),
(1290, 'Efexor XR', 'tablet', '2x7', 133, '75mg'),
(1291, 'Trihemic', 'tablet', '3x10', 133, '600mg'),
(1292, 'Wymox', 'capsule', '10x10', 133, '500mg'),
(1293, 'Lilac', 'syrup', '1x1', 129, '120ml'),
(1294, 'Zincat', 'syrup', '1x1', 128, 'OD'),
(1295, 'NT_Tox', 'syrup', '1x1', 127, '30ml'),
(1296, 'Nilstat', 'drop', '1x1', 133, '30ml'),
(1297, 'Mucane', 'syrup', '1x1', 118, '120ml'),
(1298, 'Lederplex', 'syrup', '1x1', 133, '120ml'),
(1299, 'Amira petroleum jelly', 'cosmetics', '1x1', 24, '100g'),
(1300, 'Munir petroleum jelly', 'cosmetics', '1x1', 24, '100g'),
(1301, 'lipbam', 'cosmetics', '1x1', 24, '1'),
(1302, 'chapstick', 'cosmetics', '1x1', 24, '1'),
(1303, 'Cicloxal', 'syrup', '1x1', 114, '100mg/30ml'),
(1304, 'Cicloxal DS', 'syrup', '1x1', 114, '200mg/30ml'),
(1305, 'Cal-D', 'tablet', '2x15', 93, 'Soft gel'),
(1306, 'Cal-D', 'syrup', '1x1', 93, '120ml'),
(1307, 'Levaq DS', 'syrup', '1x1', 94, '250mg'),
(1308, 'Acidico', 'syrup', '1x1', 93, '120ml'),
(1309, 'Hydryllin', 'syrup', '1x1', 114, '120ml'),
(1310, 'Hydryllin DM', 'syrup', '1x1', 114, '120ml'),
(1311, 'Gravinate', 'syrup', '1x1', 114, '60ml'),
(1312, 'Hydryllin Suger free', 'syrup', '1x1', 114, '120ml'),
(1313, 'Acefyl', 'syrup', '1x1', 134, '120ML'),
(1314, 'Acefyl Respiratory', 'syrup', '1x1', 134, '120ml'),
(1315, 'Stenzar', 'syrup', '1x1', 135, '120ml'),
(1316, 'OMI', 'capsule', '2x10', 136, '3'),
(1317, 'Cefipray', 'syrup', '1x1', 136, '100mg'),
(1318, 'Cefipray', 'syrup', '1x1', 136, '200mg'),
(1319, 'Eplacherrys', 'syrup', '1x1', 136, '120ml'),
(1320, 'Eplazyme', 'syrup', '1x1', 135, '120ml'),
(1321, 'Ginko Bex', 'syrup', '1x1', 93, '240ml'),
(1322, 'Cynodox', 'syrup', '1x1', 93, '120ml'),
(1323, 'Q--Vit', 'syrup', '1x1', 93, '120ml'),
(1324, 'Masofer', 'syrup', '1x1', 93, '120ml'),
(1325, 'Dologin', 'syrup', '1x1', 93, '60ml'),
(1326, 'Dologin DS', 'syrup', '1x1', 93, '60ml'),
(1327, 'Nutrakuf', 'syrup', '1x1', 93, '120ml'),
(1328, 'Oompitlium', 'syrup', '1x1', 93, '120ml'),
(1330, 'Zynoxim', 'syrup', '1x1', 136, '100mg'),
(1331, 'Izato', 'syrup', '1x1', 127, '100mg/30ml'),
(1332, 'Tercica', 'syrup', '1x1', 128, '100mg/60ml'),
(1333, 'Lacasil', 'syrup', '1x1', 128, '120ml'),
(1334, 'Bisleri', 'syrup', '1x1', 128, '120ml'),
(1335, 'Exifin', 'syrup', '1x1', 127, '120ml'),
(1336, 'Trimetabol', 'syrup', '1x1', 128, '120ml'),
(1337, 'Crin-Max', 'sachet', '1x10', 136, 'Extract'),
(1338, 'Cren Max', 'sachet', '1x10', 93, 'Extract'),
(1339, 'Cipesta', 'syrup', '1x1', 128, '125mg'),
(1340, 'Combinol-D', 'syrup', '1x1', 128, '120ml'),
(1341, 'Actifed-P', 'syrup', '1x1', 65, '90ml'),
(1342, 'Actifed-Dm', 'syrup', '1x1', 65, '90ml'),
(1343, 'Tixylix', 'syrup', '1x1', 16, '120ml'),
(1344, 'Phenergan', 'syrup', '1x1', 16, '120ml'),
(1345, 'Avil', 'syrup', '1x1', 16, '60ml'),
(1346, 'Flagyl', 'syrup', '1x1', 16, '90ml'),
(1347, 'Kemex', 'tablet', '2x10', 93, '20mg'),
(1348, 'Ipnep', 'drop', '1x1', 124, '20ml'),
(1349, 'Urigo', 'tablet', '2x10', 128, '40mg'),
(1350, 'Nucef', 'capsule', '1x12', 128, '500mg'),
(1351, 'Broxol DM', 'syrup', '1x1', 135, '120ml'),
(1352, 'Broxol', 'syrup', '1x1', 135, '120ml'),
(1353, 'Manacid', 'syrup', '1x1', 135, '120ml'),
(1354, 'Manacid forte', 'syrup', '1x1', 135, '120ml'),
(1355, 'Brophyl', 'syrup', '1x1', 135, '120ml'),
(1356, 'Calsid', 'syrup', '1x1', 135, '120ml'),
(1357, 'Bendazol', 'syrup', '1x1', 135, '10ml'),
(1358, 'Rintal', 'syrup', '1x1', 135, '120ml'),
(1359, 'Prulax', 'syrup', '1x1', 137, '120ml'),
(1360, 'Multonic', 'syrup', '1x1', 135, '120ml'),
(1361, 'Fibo', 'syrup', '1x1', 138, '120ml'),
(1362, 'Fenbro', 'syrup', '1x1', 135, '90ml'),
(1363, 'Fenbro8', 'syrup', '1x1', 135, '90ml'),
(1364, 'HILGAS', 'syrup', '1X1', 138, '120ML'),
(1365, 'Pedrol', 'syrup', '1x1', 135, '60ml'),
(1366, 'Pedrol drop', 'syrup', '1x1', 135, '20ml'),
(1367, 'Pedrol total', 'syrup', '1x1', 135, '60ml'),
(1368, 'Pedrol forte', 'syrup', '1x1', 135, '60ml'),
(1369, 'Riam', 'syrup', '1x1', 135, '120ml'),
(1370, 'Dolgina', 'capsule', '3x10', 138, '30mg'),
(1371, 'Omsana DIU', 'tablet', '1x14', 138, '40/12.5mg'),
(1372, 'Omsana DIU', 'tablet', '1x14', 138, '20/12.5mg'),
(1373, 'Piozer', 'tablet', '2x7', 138, '15mg'),
(1374, 'Piozer', 'tablet', '2x7', 138, '30mg'),
(1375, 'Piozer', 'tablet', '2x7', 138, '45mg'),
(1376, 'Myteka', 'tablet', '2x7', 138, '4mg'),
(1377, 'Myteka', 'tablet', '2x7', 138, '5mg'),
(1378, 'Myteka', 'tablet', '2x7', 138, '10mg'),
(1379, 'Lezra', 'tablet', '3x10', 139, '2.5mg'),
(1380, 'Dulan', 'capsule', '1x10', 138, '60mg'),
(1381, 'Dulan', 'capsule', '1x10', 138, '30mg'),
(1382, 'Dulan', 'capsule', '2x7', 138, '20mg'),
(1383, 'Neogab', 'capsule', '3x10', 138, '100mg'),
(1384, 'Neogab', 'capsule', '3x10', 138, '300mg'),
(1385, 'Gevolox plus', 'tablet', '2x10', 138, '500/400mg'),
(1386, 'Gevolox', 'capsule', '3x10', 138, '500mg'),
(1387, 'Oflobid', 'tablet', '1x10', 138, '400mg'),
(1388, 'Oflobid', 'tablet', '1x10', 138, '200mg'),
(1389, 'Omsana AM', 'tablet', '2x10', 138, '5/40mg'),
(1390, 'Omsana AM', 'tablet', '2x10', 138, '10/20mg'),
(1391, 'Piozer G', 'tablet', '1x14', 138, '30/4mg'),
(1392, 'Piozer G', 'tablet', '1x14', 138, '30/2mg'),
(1393, 'Zeegap', 'capsule', '2x7', 138, '25mg'),
(1394, 'Zeegap', 'capsule', '2x7', 138, '50mg'),
(1395, 'Zeegap', 'capsule', '2x7', 138, '75mg'),
(1396, 'Zeegap', 'capsule', '2x7', 138, '100mg'),
(1397, 'Lerace', 'tablet', '1x10', 138, '250mg'),
(1398, 'Lerace', 'tablet', '1x10', 138, '500mg'),
(1399, 'Piozer G', 'tablet', '1x10', 138, '15/2mg'),
(1400, 'Pizoer plus', 'tablet', '1x14', 138, '15/500mg'),
(1401, 'Rolip', 'tablet', '1x10', 138, '5mg'),
(1402, 'Rolip', 'tablet', '1x10', 138, '10mg'),
(1403, 'Lefora', 'tablet', '3x10', 138, '20mg'),
(1404, 'Lefora', 'tablet', '3x10', 138, '10mg'),
(1405, 'Piozer Plus', 'tablet', '2x7', 138, '15/850mg'),
(1406, 'Xobix', 'tablet', '1x10', 138, '7.5mg'),
(1407, 'Xobix', 'tablet', '1x10', 138, '15mg'),
(1408, 'Flux', 'capsule', '1x7', 138, '20mg'),
(1409, 'lojin', 'tablet', '3x10', 138, '25mg'),
(1410, 'lojin', 'tablet', '3x10', 138, '50mg'),
(1411, 'Ronirol', 'tablet', '3x7', 138, '0.25mg'),
(1412, 'Ronirol', 'tablet', '3x7', 138, '1mg'),
(1413, 'Ronirol', 'tablet', '3x7', 138, '2mg'),
(1414, 'Qusel', 'tablet', '3x10', 138, '25mg'),
(1415, 'Qusel', 'tablet', '3x10', 138, '200mg'),
(1416, 'Qusel', 'tablet', '1x10', 138, '150mg'),
(1417, 'Qusel', 'tablet', '1x10', 138, '100mg'),
(1418, 'Carlov', 'tablet', '1x10', 138, '12.5mg'),
(1419, 'carlov', 'tablet', '3x10', 138, '6.25mg'),
(1420, 'Piozer plus', 'tablet', '2x7', 138, '15/500mg'),
(1421, 'Transamin', 'capsule', '2x10', 138, '500mg'),
(1422, 'Transamin', 'capsule', '10x10', 138, '250mg'),
(1423, 'Citanew', 'tablet', '1x14', 138, '20mg'),
(1424, 'Citanew', 'tablet', '1x14', 138, '5mg'),
(1425, 'Citanew', 'tablet', '1x14', 138, '10mg'),
(1426, 'Zopent', 'tablet', '2x7', 138, '20mg'),
(1427, 'Zopent', 'tablet', '2x7', 138, '40mg'),
(1428, 'Maxit', 'tablet', '2x10', 138, '50mg'),
(1429, 'Maxit', 'tablet', '2x10', 138, '75mg'),
(1430, 'Cravit', 'tablet', '1x10', 138, '500mg'),
(1431, 'Cefim', 'capsule', '1x10', 138, '200mg'),
(1432, 'Cefim', 'capsule', '1x5', 138, '400mg'),
(1433, 'Sanid', 'tablet', '3x10', 135, '100mg'),
(1434, 'Rozid', 'tablet', '1x10', 135, '500mg'),
(1435, 'Hex', 'tablet', '1x10', 135, '50mg'),
(1436, 'Perl', 'capsule', '2x7', 138, '20mg'),
(1437, 'Perl', 'capsule', '2x7', 135, '40mg'),
(1438, 'Hitop', 'tablet', '3x10', 138, '25mg'),
(1439, 'Hitop', 'tablet', '3x10', 138, '50mg'),
(1440, 'Hitop', 'tablet', '3x10', 138, '100mg'),
(1441, 'Xed', 'capsule', '6x5', 140, '500mg'),
(1442, 'Arnil', 'tablet', '2x10', 73, '50mg'),
(1443, 'Arnil', 'tablet', '2x10', 73, '75mg'),
(1444, 'Dromax', 'capsule', '2x6', 141, '500mg'),
(1445, 'Dyclo SR', 'tablet', '3x10', 140, '100mg'),
(1446, 'Oflox', 'tablet', '2x5', 140, '200mg'),
(1447, 'Cran Max', 'sachet', '1x10', 138, 'Extract'),
(1448, 'Fibo', 'sachet', '1x10', 138, 'Fiber supplement'),
(1449, 'Ostibon', 'tablet', '1x1', 138, '30tab'),
(1450, 'Amax', 'drop', '1x1', 137, '10ml'),
(1451, 'MYfolic', 'sachet', '1x15', 137, '2000mg/400mcg'),
(1452, 'Dmax', 'drop', '1x1', 137, '10ml'),
(1453, 'Foreva', 'tablet', '1x1', 138, 'plus'),
(1454, 'Eto-od', 'tablet', '1x10', 142, '150mg'),
(1455, 'Sitaglu Met', 'tablet', '2x7', 138, '50/500mg'),
(1456, 'Sitaglu Met', 'tablet', '2x7', 138, '50/1000mg'),
(1457, 'Methycobal', 'tablet', '10x10', 138, '500mcg'),
(1458, 'Myonal', 'tablet', '10x10', 138, '50mg'),
(1459, 'Qbal', 'tablet', '2x15', 141, '500mcg'),
(1460, 'Sitaglu', 'tablet', '2x7', 138, '50mg'),
(1461, 'Fexo D', 'tablet', '1x10', 138, '60/120mg'),
(1462, 'Xikarapid', 'tablet', '1x10', 138, '8mg'),
(1463, 'Telsan', 'tablet', '1x10', 138, '20mg'),
(1464, 'Telsan', 'tablet', '2x7', 138, '40mg'),
(1465, 'D Max', 'tablet', '1x1', 137, '60tab'),
(1466, 'Dyclo P', 'tablet', '2x10', 140, '50mg'),
(1467, 'Coferb plus', 'syrup', '1x1', 138, '120ml'),
(1468, 'Coferb', 'syrup', '1x1', 138, '120ml'),
(1469, 'Coferb', 'drop', '1x1', 138, '20ml'),
(1470, 'Lerace', 'drop', '1x1', 138, '30ml'),
(1471, 'Cefim DS', 'syrup', '1x1', 138, '30ml'),
(1472, 'Cefim', 'syrup', '1x1', 138, '100mg/60ml'),
(1473, 'Erythrocin', 'syrup', '1x1', 140, '200mg/5ml'),
(1474, 'Ferosoft', 'syrup', '1x1', 138, '120ml'),
(1475, 'Ronset', 'tablet', '2x10', 143, '50mg'),
(1476, 'Ronset', 'tablet', '2x10', 143, '75mg'),
(1477, 'Anzol', 'tablet', '1x10', 140, '150mg'),
(1478, 'Cebosh', 'capsule', '1x5', 141, '400mg'),
(1479, 'Tariflox', 'tablet', '1x10', 141, '200mg'),
(1480, 'Orva', 'tablet', '1x10', 141, '10mg'),
(1481, 'Orva', 'tablet', '1x10', 141, '20mg'),
(1482, 'Rova', 'tablet', '1x10', 141, '10mg'),
(1483, 'Rova', 'tablet', '1x10', 141, '5mg'),
(1484, 'calamox', 'tablet', '1x6', 141, '375mg'),
(1485, 'Calamox', 'tablet', '1x6', 141, '625mg'),
(1486, 'Calamox', 'tablet', '1x6', 141, '1gm'),
(1487, 'Ogrel', 'tablet', '1x10', 141, '75mg'),
(1488, 'Ogrel plus', 'tablet', '1x10', 141, '81'),
(1489, 'Dromax', 'syrup', '1x1', 141, '250mg/5ml'),
(1490, 'Dromax', 'drop', '1x1', 141, '10ml'),
(1491, 'Valsar M', 'tablet', '2x7', 144, '5/80mg'),
(1492, 'indokast', 'tablet', '2x7', 140, '10mg'),
(1493, 'Dyclo', 'tablet', '2x10', 140, '50mg'),
(1494, 'Vericef', 'capsule', '1x10', 140, '250mg'),
(1495, 'Vericef', 'capsule', '1x10', 140, '500mg'),
(1496, 'Vericef', 'syrup', '1x1', 140, '125mg/5ml'),
(1497, 'Vericef', 'syrup', '1x1', 140, '250mg/5ml'),
(1498, 'Cebosh', 'syrup', '1x1', 141, '100mg/5ml'),
(1499, 'Cebosh', 'syrup', '1x1', 141, '200mg/5ml'),
(1500, 'Cefalor', 'syrup', '1x1', 141, '125mg/5ml'),
(1501, 'Cefalor', 'syrup', '1x1', 141, '250mg/5ml'),
(1502, 'Vitka plus', 'tablet', '1x1', 145, '20tab'),
(1503, 'Calamox Ds', 'syrup', '1x1', 141, '60ml'),
(1504, 'Calamox', 'syrup', '1x1', 141, '156.25mg/5ml'),
(1505, 'Calamox DUO', 'syrup', '1x1', 141, '70ml'),
(1506, 'Unidon V', 'tablet', '3x10', 143, '10mg'),
(1507, 'zeegap', 'capsule', '2x7', 138, '150mg'),
(1508, 'Lojin', 'tablet', '3x10', 138, '100mg'),
(1509, 'Myteka', 'sachet', '1x14', 138, '4mg'),
(1510, 'Co-Extor', 'tablet', '2x14', 114, '10/160/12.5mg'),
(1511, 'Co-Extor', 'tablet', '2x14', 114, '5/160/12.5mg'),
(1512, 'xadine', 'tablet', '1x10', 114, 'plus'),
(1513, 'Zolid plus', 'tablet', '2x7', 129, '15/850mg'),
(1514, 'Zetro', 'syrup', '1x1', 129, '200/15ml'),
(1515, 'Rotahaler', 'surgical', '1x1', 86, 'device'),
(1516, 'Aurora', 'tablet', '1x10', 64, '10mg'),
(1517, 'Salazodine EC', 'tablet', '1x10', 64, '500mg'),
(1518, 'Piriton', 'syrup', '1x1', 65, '120ml'),
(1519, 'Zentel', 'syrup', '1x1', 65, '10ml'),
(1520, 'Macrobac', 'syrup', '1x1', 72, '200/15ml'),
(1521, 'Pectus', 'syrup', '1x1', 70, '90ml'),
(1522, 'Ketoalpha', 'tablet', '10x10', 157, 'Analogue'),
(1523, 'Cal', 'capsule', '2x15', 136, 'D'),
(1524, 'Gerolin', 'tablet', '1x14', 158, '10mg'),
(1525, 'Prime-', 'capsule', '2x10', 158, 'E'),
(1526, 'Zincal-', 'capsule', '3x10', 92, 'D'),
(1527, 'Gradyn', 'tablet', '2x10', 160, 'M/V'),
(1528, 'Maxi cal-', 'capsule', '3x10', 92, 'D'),
(1529, 'Lunadil-', 'capsule', '4x10', 92, 'SF'),
(1530, 'Pulfame', 'tablet', '1x10', 92, '40mg'),
(1531, 'Mefcobal', 'tablet', '10x10', 92, '500mcg'),
(1532, 'Pulsecam', 'capsule', '1x10', 158, '20mg'),
(1533, 'Target', 'capsule', '1x10', 158, '3'),
(1534, 'Mecovis', 'tablet', '10x10', 94, '500mcg'),
(1535, 'Danzen', 'tablet', '2x10', 155, '5mg'),
(1536, 'Danzen DS', 'tablet', '2x10', 155, '10mg'),
(1537, 'Danzen Forte', 'tablet', '2x10', 155, '20mg'),
(1538, 'Eperon', 'tablet', '3x10', 161, '50mg'),
(1539, 'Diabetone', 'capsule', '3x10', 154, 'sugar free'),
(1540, 'Osteocare', 'capsule', '3x10', 154, 'Original'),
(1541, 'Relume', 'tablet', '3x10', 156, '200mg'),
(1542, 'Navadex', 'tablet', '3x10', 156, 'Men'),
(1543, 'Nem', 'tablet', '3x10', 156, 'multi vit'),
(1544, 'Valken A', 'tablet', '2x7', 152, '5/80mg'),
(1545, 'Quetapine', 'tablet', '1x10', 162, '100mg'),
(1546, 'Amlortan', 'tablet', '2x7', 151, '5/80mg'),
(1547, 'Amlortan', 'tablet', '2x7', 151, '10/160mg'),
(1548, 'Pirowan plus', 'tablet', '2x10', 162, '20mg'),
(1549, 'Zoltop', 'capsule', '2x7', 162, '20mg'),
(1550, 'Zoltop', 'capsule', '2x7', 162, '40mg'),
(1551, 'Ziapine', 'tablet', '3x10', 149, '25mg'),
(1552, 'Ziapine', 'tablet', '1x10', 149, '100mg'),
(1553, 'Eger', 'capsule', '2x7', 160, '20mg'),
(1554, 'Eger', 'capsule', '2x7', 160, '40mg'),
(1555, 'Exto', 'tablet', '2x7', 148, '20mg'),
(1556, 'Xtor', 'tablet', '1x10', 147, '20mg'),
(1557, 'Softina', 'capsule', '2x10', 146, '200mg'),
(1558, 'A sec', 'tablet', '1x2', 150, '1000mg'),
(1559, 'Prosense', 'syrup', '1x1', 146, '120mg'),
(1560, 'Procod', 'syrup', '1x1', 146, '180ml'),
(1561, 'Orvit', 'tablet', '2x10', 163, 'M/v'),
(1562, 'Baclin', 'tablet', '3x10', 151, '10mg'),
(1563, 'Dicerin', 'capsule', '3x10', 151, '50mg'),
(1564, 'Trutil', 'capsule', '2x7', 164, '20mg'),
(1565, 'Trutil', 'capsule', '2x7', 164, '40mg'),
(1566, 'Cefamax', 'capsule', '1x5', 158, '400mg'),
(1567, 'Ceclofin', 'tablet', '3x10', 151, '100mg'),
(1568, 'Esopulse', 'capsule', '2x7', 165, '40mg'),
(1569, 'Arcox', 'tablet', '2x10', 151, '60mg'),
(1570, 'Cordium', 'tablet', '2x10', 164, '5mg'),
(1571, 'Cordium', 'tablet', '2x10', 164, '10mg'),
(1572, 'Myosoft', 'capsule', '2x10', 164, '4mg'),
(1573, 'Denorate forte', 'drop', '1x1', 164, '10ml'),
(1574, 'Renovate', 'tablet', '3x10', 166, 'M/V'),
(1575, 'Vildo Met', 'tablet', '2x7', 167, '50/500mg'),
(1576, 'Vildo Met', 'tablet', '2x7', 167, '50/850mg'),
(1577, 'Vildo Met', 'tablet', '2x7', 167, '50/1000mg'),
(1578, 'Mark', 'capsule', '2x7', 168, '20mg'),
(1579, 'Mark', 'capsule', '2x7', 168, '40mg'),
(1580, 'Eskem', 'capsule', '2x7', 167, '20mg'),
(1581, 'Eskem', 'capsule', '2x7', 167, '40mg'),
(1582, 'Ruling', 'capsule', '2x7', 167, '20mg'),
(1583, 'Ruling', 'capsule', '2x7', 167, '40mg'),
(1584, 'Polymalt', 'tablet', '2x10', 167, 'chew tab'),
(1585, 'Pyloclar', 'tablet', '1x10', 167, '250mg'),
(1586, 'Pintin', 'capsule', '2x7', 169, '3/25mg'),
(1587, 'Sulvorid', 'tablet', '2x10', 167, '25mg'),
(1588, 'Amlo Q', 'tablet', '2x10', 167, '5mg'),
(1589, 'Jardin D', 'tablet', '1x10', 167, '5mg'),
(1590, 'Stat A', 'tablet', '2x7', 167, '20mg'),
(1591, 'Qsartan plus', 'tablet', '2x10', 167, '50/12.5mg'),
(1592, 'Sulvorid', 'tablet', '2x10', 167, '50mg'),
(1593, 'Stat A', 'tablet', '2x7', 167, '10mg'),
(1594, 'Freehale chew tab', 'tablet', '2x7', 167, '10mg'),
(1595, 'Pyloclar', 'tablet', '1x10', 167, '500mg'),
(1596, 'Mixel', 'capsule', '1x5', 167, '400mg'),
(1597, 'Ufrim', 'tablet', '1x14', 167, '20mg'),
(1598, 'Freehale', 'sachet', '1x14', 167, '4mg'),
(1599, 'Stomacol', 'tablet', '5x10', 167, '10mg'),
(1600, 'Benzol Throat', 'spray', '1x1', 170, '50ml'),
(1601, 'Debax', 'spray', '1x1', 171, '50ml'),
(1602, 'Jardin D', 'syrup', '1x1', 167, '120ml'),
(1603, 'Polymalt', 'syrup', '1x1', 167, '120ml'),
(1604, 'Mucorid', 'syrup', '1x1', 167, '120ml'),
(1605, 'Jardin', 'tablet', '1x10', 167, '10mg'),
(1606, 'Bredin', 'tablet', '3x10', 172, '30mg'),
(1607, 'Nitromint retard', 'tablet', '6x10', 173, '2.6mg'),
(1608, 'Dosik', 'tablet', '10x10', 174, '5mg'),
(1609, 'Pentoxol M', 'tablet', '10x10', 175, '0.5/10mg'),
(1610, 'Neurolith SR', 'tablet', '10x10', 174, '400mg'),
(1611, 'Risp', 'tablet', '2x6', 174, '1mg'),
(1612, 'Risp', 'tablet', '2x6', 174, '2mg'),
(1613, 'Kempro', 'tablet', '5x20', 174, '5mg'),
(1614, 'Peptiban', 'syrup', '1x1', 176, '60ml'),
(1615, 'Mytil', 'syrup', '1x1', 177, '125mg/5ml'),
(1616, 'Mytil', 'syrup', '1x1', 177, '250mg/5ml'),
(1617, 'Aluphagel', 'syrup', '1x1', 178, '120ml'),
(1618, 'Polypep', 'syrup', '1x1', 177, '60ml'),
(1619, 'Dosik', 'drop', '1x1', 174, '60ml'),
(1620, 'Softin', 'syrup', '1x1', 176, '60ml'),
(1621, 'Orex plus', 'syrup', '1x1', 142, '120ml'),
(1622, 'Peptinil', 'syrup', '1x1', 177, '60ml'),
(1623, 'Talergin', 'syrup', '1x1', 177, '60ml'),
(1624, 'Stomacid', 'syrup', '1x1', 176, '60ml'),
(1625, 'Sea cal', 'tablet', '1x30', 177, 'Bone strength'),
(1626, 'Deprel', 'tablet', '3x10', 174, '50mg'),
(1627, 'Deprel', 'tablet', '3x10', 174, '100mg'),
(1628, 'Sofvasc', 'tablet', '2x15', 177, '5mg'),
(1629, 'Sofvasc', 'tablet', '2x15', 177, '10mg'),
(1630, 'Diagesic Extra', 'tablet', '1x10', 177, '325/37.5mg'),
(1631, 'Eziday', 'tablet', '1x20', 176, '50mg'),
(1632, 'Eziday', 'tablet', '1x20', 176, '25mg'),
(1633, 'Eziday', 'tablet', '1x20', 176, '100mg'),
(1634, 'Polypep', 'tablet', '1x10', 177, '20mg'),
(1635, 'Polypep', 'tablet', '1x10', 177, '40mg'),
(1636, 'A2A', 'tablet', '2x10', 177, '25mg'),
(1637, 'A2A', 'tablet', '2x10', 177, '50mg'),
(1638, 'Co-Eziday', 'tablet', '2x10', 176, '50mg'),
(1639, 'Co-eziday', 'tablet', '1x10', 176, '100mg'),
(1640, 'Co-Zeal', 'tablet', '2x10', 176, '10/25mg'),
(1641, 'New day', 'tablet', '1x14', 176, '10/160mg'),
(1642, 'New day', 'tablet', '1x14', 176, '5/80mg'),
(1643, 'New day', 'tablet', '1x14', 176, '5/160mg'),
(1644, 'Sofvasc V', 'tablet', '1x14', 177, '5/80mg'),
(1645, 'Sofvasc V', 'tablet', '1x14', 177, '5/160mg'),
(1646, 'Sofvasc V', 'tablet', '1x14', 177, '10/160mg'),
(1647, 'Trapeze Plus', 'tablet', '1x10', 175, '50/500mg'),
(1648, 'Trapeze plus', 'tablet', '1x10', 175, '50/1000mg'),
(1649, 'Nitroscot SR', 'tablet', '3x10', 175, '2.6mg'),
(1650, 'Venice XR', 'tablet', '1x14', 172, '75mg'),
(1651, 'Revive plus', 'tablet', '2x10', 175, '75/75mg'),
(1652, 'Encid', 'tablet', '2x7', 177, '20mg'),
(1653, 'Encid', 'capsule', '2x7', 177, '40mg'),
(1654, 'Softin F', 'tablet', '1x10', 176, '120mg'),
(1655, 'Rosuva', 'tablet', '1x10', 177, '10mg'),
(1656, 'Neoprad', 'tablet', '2x10', 142, '25mg'),
(1657, 'Neoprad', 'tablet', '2x10', 142, '50mg'),
(1658, 'Softin', 'tablet', '1x10', 176, '10mg'),
(1659, 'Cougar', 'tablet', '1x10', 175, '10mg'),
(1660, 'Cougar', 'tablet', '1x10', 175, '20mg'),
(1661, 'Cougar', 'tablet', '1x10', 175, '5mg'),
(1662, 'Talergin', 'tablet', '1x10', 177, '10mg'),
(1663, 'Survive', 'tablet', '1x10', 176, '10mg'),
(1664, 'Peptiban', 'tablet', '1x10', 176, '10mg'),
(1665, 'Sunny D', 'capsule', '1x1', 175, '200000iu'),
(1666, 'Wizen', 'tablet', '5x10', 176, '2mg'),
(1667, 'Dune', 'tablet', '1x14', 175, '10mg'),
(1668, 'Gentle', 'tablet', '1x14', 177, '10mg'),
(1669, 'Awardin plus', 'tablet', '2x10', 176, '50mg'),
(1670, 'Epitab XR', 'tablet', '2x10', 176, '400mg'),
(1671, 'Mytil', 'tablet', '1x10', 177, '500mg'),
(1672, 'Mytil', 'tablet', '1x10', 177, '250mg'),
(1673, 'Lispril', 'tablet', '1x14', 176, '5mg'),
(1674, 'Ciprin', 'tablet', '1x10', 176, '500mg'),
(1675, 'Monitor', 'tablet', '1x14', 176, '5mg'),
(1676, 'Monitor', 'tablet', '1x14', 176, '2.5mg'),
(1677, 'Rize plus', 'tablet', '1x14', 176, '10mg'),
(1678, 'Rize', 'tablet', '1x10', 176, '20mg'),
(1679, 'Co-A2A', 'tablet', '2x10', 177, '50mg'),
(1680, 'Acort', 'cream', '1x1', 113, '10g'),
(1681, 'Advantan', 'ointment', '1x1', 116, '10g'),
(1682, 'Betnovate', 'cream', '1x1', 65, '20g'),
(1683, 'Betnovate N', 'cream', '1x1', 65, '20g'),
(1684, 'Betnovate N', 'ointment', '1x1', 65, '20g'),
(1685, 'Bonjela', 'cream', '1x1', 68, '10g'),
(1686, 'Bepanthen plus', 'cream', '1x1', 116, '30g'),
(1687, 'Betaderm', 'cream', '1x1', 124, '15g'),
(1688, 'Clobederm', 'cream', '1x1', 124, '10g'),
(1689, 'Clobederm', 'ointment', '1x1', 124, '10g'),
(1690, 'Clobevate', 'ointment', '1x1', 179, '20g'),
(1691, 'Clozox H', 'cream', '1x1', 125, '10g'),
(1692, 'Clotrim', 'cream', '1x1', 97, '10g'),
(1693, 'Betaderm NM', 'cream', '1x1', 124, '10g'),
(1694, 'Benoxyl', 'cream', '1x1', 160, '40g'),
(1695, 'Brufen', 'cream', '1x1', 42, '30g'),
(1696, 'Beta-C', 'cream', '1x1', 180, '15g'),
(1697, 'clobevate', 'cream', '1x1', 179, '20g'),
(1698, 'Dicloran gel', 'gel', '1x1', 128, '20g'),
(1699, 'Gynosporin viginal', 'cream', '1x1', 134, '5g'),
(1700, 'Dermosporin', 'cream', '1x1', 134, '20g'),
(1701, 'Relif gel', 'gel', '1x1', 180, '20g'),
(1702, 'Diclogray', 'gel', '1x1', 119, '20g'),
(1703, 'Fudic', 'cream', '1x1', 125, '20g'),
(1704, 'Fudic', 'ointment', '1x1', 125, '15g'),
(1705, 'Dicmaf', 'gel', '1x1', 181, '20g'),
(1706, 'Flogacid', 'cream', '1x1', 112, '15g'),
(1707, 'Fudic H', 'cream', '1x1', 125, '15g'),
(1708, 'Fu-skin', 'cream', '1x', 182, '15g'),
(1709, 'Conaz', 'cream', '1x1', 124, '10g'),
(1710, 'Canix-H', 'cream', '1x1', 183, '15g'),
(1711, 'Avate', 'cream', '1x1', 183, '10g'),
(1712, 'Fuskin-B', 'cream', '1x1', 182, '15g'),
(1713, 'Clobederm', 'ointment', '1x1', 124, '15g'),
(1714, 'Efidex', 'ointment', '1x1', 182, '15g'),
(1715, 'Efigenta', 'cream', '1x1', 182, '15g'),
(1716, 'Eczemus0.1%', 'ointment', '1x1', 73, '10g'),
(1717, 'Dermovate', 'cream', '1x1', 65, '20g'),
(1718, 'Dermovate', 'ointment', '1x1', 65, '20g'),
(1719, 'Dermovate NN', 'ointment', '1x1', 65, '20g'),
(1720, 'Canesten', 'cream', '1x1', 116, '10g'),
(1721, 'Cutipro', 'cream', '1x1', 183, '50g'),
(1722, 'Cutivate', 'cream', '1x1', 65, '10g'),
(1723, 'Wintogeno', 'balm', '1x1', 87, '50g'),
(1724, 'Voltral Emulgel', 'gel', '1x1', 65, '50g'),
(1725, 'Voltral Emulgel', 'gel', '1x1', 65, '20g'),
(1726, 'Kenalog', 'cream', '1x1', 65, '5g'),
(1727, 'Hivate', 'cream', '1x1', 184, '5G'),
(1728, 'Hydrozole', 'cream', '1x1', 179, '20g'),
(1729, 'HYderquin 4%', 'cream', '1x1', 124, '10g'),
(1730, 'Hyderquin plus', 'cream', '1x1', 124, '10g'),
(1731, 'Hyderquin 2%', 'cream', '1x1', 124, '10g'),
(1732, 'Fucidin', 'ointment', '1x1', 185, '15g'),
(1733, 'POlyfexplus', 'ointment', '1x1', 65, '20g'),
(1734, 'Polyfex', 'ointment', '1x1', 65, '20g'),
(1735, 'Polyfex eye', 'ointment', '1x1', 65, '6g'),
(1736, 'Melaklyr', 'cream', '1x1', 182, '30g'),
(1737, 'Provate', 'ointment', '1x1', 184, '10g'),
(1738, 'Hiface-33', 'cream', '1x1', 186, '35g'),
(1739, 'Mycitracin', 'ointment', '1x1', 95, '15g'),
(1740, 'Provate-g', 'ointment', '1x1', 184, '15g'),
(1741, 'Provate-g', 'cream', '1x1', 184, '15g'),
(1742, 'Provate-s', 'ointment', '1x1', 184, '15g'),
(1743, 'Lazma', 'cream', '1x1', 187, '30g'),
(1744, 'Lice-o-nil', 'cream', '1x1', 177, '50g'),
(1745, 'Kenacomb', 'cream', '1x1', 65, '10g'),
(1746, 'Pcam', 'gel', '1x1', 87, '25g'),
(1747, 'Quench', 'cream', '1x1', 65, '15g'),
(1748, 'Stemazol', 'cream', '1x1', 179, '10g'),
(1749, 'Travocart', 'cream', '1x1', 116, '10g'),
(1750, 'Xylocaine', 'gel', '1x1', 109, '15g'),
(1751, 'XyloAid', 'ointment', '1x1', 109, '10g'),
(1752, 'Synalar N', 'cream', '1x1', 182, '15g'),
(1753, 'Skin-A', 'cream', '1x1', 124, '10g'),
(1754, 'Synalar-N', 'ointment', '1x1', 182, '30g'),
(1755, 'Scabion', 'cream', '1x1', 124, '20g'),
(1756, 'Travogen', 'cream', '1x1', 116, '10g'),
(1757, 'Rashnil', 'cream', '1x1', 42, '20g'),
(1758, 'Posterisan', 'ointment', '1x1', 131, '10g'),
(1759, 'Posterisan forte', 'ointment', '1x1', 131, '10g'),
(1760, 'Hydrocortisone', 'cream', '1x1', 97, '10g'),
(1761, 'Tronolane', 'cream', '1x1', 42, '20g'),
(1762, 'Somogel', 'cream', '1x1', 42, '20g'),
(1763, 'Amgydex eye', 'drop', '1x1x', 188, '5ml'),
(1764, 'Amgydex eye', 'ointment', '1x1', 188, '3.5g'),
(1765, 'Beteisol', 'drop', '1x1', 65, '5ml'),
(1766, 'Betnesol N', 'drop', '1x1', 65, '5ml'),
(1767, 'Blephamide eye', 'drop', '1x1', 109, '5ml'),
(1768, 'Blephamide eye', 'ointment', '1x1', 109, '3.5g'),
(1769, 'Barinep eye', 'drop', '1x1', 109, '5ml'),
(1770, 'Eyefem eye', 'drop', '1x1', 188, '5ml'),
(1771, 'Eyefem eye', 'drop', '1x1', 188, '3.5g'),
(1772, 'Cosopt eye', 'drop', '1x1', 77, '5ml'),
(1773, 'Curine Eye', 'drop', '1x1', 69, '15ml'),
(1774, 'Cipotic D', 'drop', '1x1', 109, '5ml'),
(1775, 'Cipotic', 'drop', '1x1', 109, '5ml'),
(1776, 'Cipocain', 'drop', '1x1', 109, '5ml'),
(1777, 'Comox', 'drop', '1x1', 191, '5ml'),
(1778, 'Hylo', 'drop', '1x1', 155, '5ml'),
(1779, 'Femicon', 'drop', '1x1', 188, '5ml'),
(1780, 'Dexatob', 'drop', '1x1', 191, '5ml'),
(1781, 'Hylosan', 'drop', '1x1', 191, '5ml'),
(1782, 'Lotepred', 'drop', '1x1', 191, '5ml'),
(1783, 'Lotepred T', 'drop', '1x1', 191, '5ml'),
(1784, 'Fml', 'drop', '1x1', 109, '5ml'),
(1785, 'Pred Forte', 'drop', '1x1', 109, '5m'),
(1786, 'Histazolin', 'drop', '1x1', 188, '10ml'),
(1787, 'Eyemox D', 'drop', '1x1', 192, '5ml'),
(1788, 'Eyepat', 'drop', '1x1', 193, '5ml'),
(1789, 'Eyecane', 'drop', '1x1', 194, '15ml'),
(1790, 'Lidosporin', 'drop', '1x1', 65, '5ml'),
(1791, 'Nepac', 'drop', '1x1', 191, '5ml'),
(1792, 'Zeprodex', 'drop', '1x1', 191, '5ml'),
(1793, 'Zeprocaine', 'drop', '1x1', 191, '5ml'),
(1794, 'Xecomb', 'drop', '1x1', 191, '5ml'),
(1795, 'Ocuflur', 'drop', '1x1', 191, '5ml'),
(1796, 'Blink fresh', 'drop', '1x1', 191, '5ml'),
(1797, 'Santodex', 'drop', '1x1', 191, '5ml'),
(1798, 'Santodex', 'ointment', '1x1', 191, '3.5g'),
(1799, 'Optoflox', 'drop', '1x1', 191, '5ml'),
(1800, 'Optachlor', 'drop', '1x1', 188, '5ml'),
(1801, 'Methachlor', 'drop', '1x1', 188, '5ml'),
(1802, 'Nebra', 'drop', '1x1', 188, '5ml'),
(1803, 'Polytears', 'drop', '1x1', 193, '15ml'),
(1804, 'Q mox', 'drop', '1x1', 193, '5ml'),
(1805, 'Opticon A', 'drop', '1x1', 193, '15ml'),
(1806, 'Mydriacyl', 'drop', '1x1', 190, '15ml'),
(1807, 'Tobrex', 'ointment', '1x1', 190, '3.5g'),
(1808, 'Tobrex', 'drop', '1x1', 190, '5ml'),
(1809, 'Tobradex', 'ointment', '1x1', 190, '3.5g'),
(1810, 'Tobradex', 'drop', '1x1', 190, '5ml'),
(1811, 'Tears natural II', 'drop', '1x1', 190, '15ml'),
(1812, 'Vigamox', 'drop', '1x1', 190, '5ml'),
(1813, 'Travatan', 'drop', '1x1', 190, '2.5ml'),
(1814, 'Hylu', 'drop', '1x1', 127, '5ml'),
(1815, 'Tears plus', 'drop', '1x1', 109, '10ml'),
(1816, 'Otosporin', 'drop', '1x1', 65, '5ml'),
(1817, 'Fuskin', 'cream', '1x1', 182, '15g'),
(1818, 'provate', 'cream', '1x1', 184, '15g'),
(1819, 'Cefim', 'syrup', '1x1', 138, '30ml'),
(1820, 'Jezeta', 'tablet', '1x10', 138, '10/10mg'),
(1821, 'Pelton', 'syrup', '1x1', 94, '120ml'),
(1822, 'Softin F', 'tablet', '1x10', 176, '60mg'),
(1823, 'FML Neo', 'drop', '1x1', 109, '5ml'),
(1824, 'Pat-', 'tablet', '1x30', 101, '4'),
(1825, 'DX3', 'injection', '1x5', 68, '5mg'),
(1826, 'Mercip', 'tablet', '1x10', 87, '500mg'),
(1827, 'Lotepred forte', 'drop', '1x1', 191, '5ml'),
(1828, 'Betnesol', 'drop', '1x1', 65, '5ml'),
(1829, 'Cyclogyl', 'drop', '1x1', 190, '15ml'),
(1830, 'Q-mox', 'drop', '1x1', 193, '5ml'),
(1831, 'X-gen', 'drop', '1x1', 127, '5ml'),
(1832, 'Cefipray', 'capsule', '1x5', 180, '400mg'),
(1833, 'Secnidal forte', 'tablet', '1x2', 16, '1g'),
(1834, 'Nesle bunyad', 'general', '1x1', 44, '1kg'),
(1835, 'Cal-', 'tablet', '1x1', 93, 'D'),
(1836, 'Tarisin', 'spray', '1x1', 191, '15ml'),
(1837, 'Oxycrom P', 'spray', '1x1', 191, '15ml'),
(1838, 'Ventolin', 'spray', '1x1', 65, '100mcg'),
(1839, 'Xylocain', 'liquid', '1x1', 109, '4%'),
(1840, 'Xaltide', 'spray', '1x1', 129, '100/50mcg'),
(1841, 'Salbo', 'spray', '1x1', 129, '100mcg'),
(1842, 'Inspirol', 'spray', '1x1', 68, '100mcg'),
(1843, 'Seretide', 'spray', '1x1', 65, '25/125mcg'),
(1844, 'Salmicort', 'spray', '1x1', 68, '25/250mcg'),
(1845, 'Clenil', 'spray', '1x1', 132, '250mcg'),
(1846, 'Solophar', 'spray', '1x1', 147, '50ml'),
(1847, 'Hivate', 'spray', '1x1', 184, '50mcg'),
(1848, 'Rinoclenil', 'spray', '1x1', 132, '100mcg'),
(1849, 'Xynosine CF', 'spray', '1x1', 97, '0.05%'),
(1850, 'Xynosine saline', 'spray', '1x1', 97, '30ml'),
(1851, 'Xolisan', 'spray', '1x1', 191, '20ml'),
(1852, 'Xynosine', 'spray', '1x1', 97, '0.1%'),
(1853, 'Rhinosone', 'spray', '1x1', 69, '15ml'),
(1854, 'Rhinosone P', 'spray', '1x1', 69, '15ml'),
(1855, 'Norsaline-P', 'spray', '1x1', 124, '30ml'),
(1856, 'Nebra Eye', 'ointment', '1x1', 188, '5G'),
(1857, 'Cortisporin Eye', 'ointment', '1x1', 65, '3G'),
(1858, 'Methachlor Eye', 'ointment', '1x1', 188, '3G'),
(1859, 'Gixer', 'syrup', '1x1', 109, '60ml'),
(1860, 'Britanyl', 'syrup', '1x1', 109, '60ml'),
(1861, 'Acicon', 'syrup', '1x1', 109, '60ml'),
(1862, 'Polyfer', 'syrup', '1x1', 109, '60ml'),
(1863, 'Polyfer FA', 'syrup', '1x1', 109, '60ml'),
(1864, 'Muconyl Exp', 'syrup', '1x1', 109, '60ml'),
(1865, 'Cefspan', 'syrup', '1x1', 109, '100mg'),
(1866, 'Cefspan DS', 'syrup', '1x1', 109, '200mg'),
(1867, 'Domel', 'syrup', '1x1', 109, '60ml'),
(1868, 'Rifapin H', 'syrup', '1x1', 110, '100/50mg'),
(1869, 'Cavalor', 'syrup', '1x1', 109, '125mg/5ml'),
(1870, 'Cavalor', 'syrup', '1x1', 109, '250mg/5ml'),
(1871, 'Prospan', 'syrup', '1x1', 86, '120ml'),
(1872, 'Prospan M', 'syrup', '1x1', 86, '120ml'),
(1873, 'Remisole Neo', 'syrup', '1x1', 188, '60ml'),
(1874, 'Remipar', 'syrup', '1x1', 188, '30ml'),
(1875, 'Estar', 'tablet', '2x7', 85, '5mg'),
(1876, 'Tamsol', 'capsule', '2x10', 94, '0.4mg'),
(1877, 'Tamsol D', 'capsule', '1x20', 94, '0.4/0.5mg'),
(1878, 'Daily one', 'tablet', '3x10', 94, 'M/V'),
(1879, 'Fexorex', 'tablet', '1x10', 196, '120mg'),
(1880, 'Citolin', 'tablet', '1x10', 94, '500mg'),
(1881, 'Miso', 'tablet', '1x10', 94, '200mcg'),
(1882, 'Pelton', 'tablet', '5x10', 94, '10mg'),
(1883, 'Pelton V', 'tablet', '5x10', 94, '10mg'),
(1884, 'Pelton C', 'tablet', '5x10', 94, '10mg'),
(1885, 'Foxirex', 'tablet', '1x10', 196, '500mg'),
(1886, 'Neusec', 'capsule', '2x7', 196, '20mg'),
(1887, 'Opepzole', 'capsule', '2x7', 94, '20mg'),
(1888, 'Protole', 'capsule', '1x10', 94, '20mg'),
(1889, 'Inflox', 'capsule', '1x10', 196, '500mg'),
(1890, 'Ebasin', 'tablet', '1x10', 196, '10mg'),
(1891, 'Volden Forte', 'tablet', '2x10', 196, '50mg'),
(1892, 'Sonum', 'tablet', '2x10', 196, '550mg'),
(1893, 'Dicloyan-P', 'tablet', '2x10', 196, '50mg'),
(1894, 'Artinal-K', 'tablet', '2x10', 94, '75mg'),
(1895, 'So-Fem', 'tablet', '2x10', 196, '20mg'),
(1896, 'Histar', 'tablet', '1x10', 196, '10mg'),
(1897, 'Histar', 'syrup', '1x1', 196, '60ml'),
(1898, 'Ur-cef', 'syrup', '1x1', 196, '100mg'),
(1899, 'Ur-cef Ds', 'syrup', '1x1', 196, '200mg'),
(1900, 'Ostech', 'tablet', '2x10', 197, '750/350mg'),
(1901, 'Ostech Plus', 'syrup', '2x10', 197, '500/300/168mg'),
(1902, 'Myocardium', 'tablet', '3x10', 198, '250mg'),
(1903, 'Eucarbon', 'tablet', '1x10', 196, 'Charcol'),
(1904, 'Betamark', 'tablet', '2x10', 196, '20mg'),
(1905, 'Zogital', 'capsule', '2x7', 196, '20/1100mg'),
(1906, 'Xiph', 'tablet', '3x10', 199, '20mg'),
(1907, 'Lutek', 'tablet', '3x10', 194, 'Eye vit'),
(1908, 'Zinc', 'syrup', '1x1', 196, '60ml'),
(1909, 'Santomet', 'lotion', '1x1', 191, '20ml'),
(1910, 'Dermosporin', 'lotion', '1x1', 134, '20ml'),
(1911, 'Hair Max Plus', 'spray', '1x1', 191, '5%'),
(1912, 'Photonic Max', 'spray', '1x1', 182, '120ml'),
(1913, 'Ultra soft', 'liquid', '1x1', 182, '120ml'),
(1914, 'SunBlock 60+', 'lotion', '1x1', 179, '60G'),
(1915, 'Betaderm', 'lotion', '1x1', 124, '60ml'),
(1916, 'U-vel 60', 'cream', '1x1', 200, '30g'),
(1917, 'De-lice', 'cosmetics', '1x1', 182, '20ml'),
(1918, 'Ketowin', 'lotion', '1x1', 125, '60ml'),
(1919, 'Femicyd', 'cosmetics', '1x1', 182, '60ml'),
(1920, 'Dermsave', 'lotion', '1x1', 200, '`100ml'),
(1921, 'Clycin-T', 'lotion', '1x1', 125, '30ml'),
(1922, 'Clobederm', 'lotion', '1x1', 124, '20ml'),
(1923, 'Dalacin T', 'lotion', '1x1', 95, '30ml'),
(1924, 'Duofilm', 'lotion', '1x1', 95, '15ml'),
(1925, 'Provate', 'lotion', '1x1', 184, '20ml'),
(1926, 'Provate-S', 'lotion', '1x1', 184, '20ml'),
(1927, 'Triforge', 'tablet', '4x7', 86, '5/160/12.5mg'),
(1928, 'Noclot', 'tablet', '2x10', 96, '75mg'),
(1929, 'Lodopin', 'tablet', '2x10', 87, '2.5mg'),
(1930, 'Lodopin', 'tablet', '2x10', 87, '5mg'),
(1931, 'Lodopin', 'tablet', '2x10', 87, '10mg'),
(1932, 'Augmentin', 'drop', '1x1', 65, '20ml'),
(1933, 'Spadix', 'tablet', '3x10', 70, '80/80mg'),
(1934, 'Azomax', 'syrup', '1x1', 105, '15ml'),
(1935, 'Nail polish remover', 'liquid', '1x1', 201, '50ml'),
(1936, 'Nail polish colour remover', 'liquid', '1x1', 201, '65ml'),
(1937, 'Crack', 'cream', '1x1', 201, '50g'),
(1938, 'Neocobal', 'tablet', '1x1', 165, '500mcg'),
(1939, 'Zahi cough', 'syrup', '1x1', 93, '120ml'),
(1940, 'Moxipluse', 'capsule', '1x5', 165, '400mg'),
(1941, 'Medicip', 'tablet', '1x10', 94, '500mg'),
(1942, 'Clarabac', 'tablet', '1x10', 94, '500mg'),
(1943, 'Clarabac', 'tablet', '1x10', 94, '250mg'),
(1944, 'Veldon forte', 'tablet', '2x10', 158, '75mg'),
(1945, 'Losaan', 'tablet', '2x10', 83, '50mg'),
(1946, 'Monis XR', 'tablet', '3x10', 83, '60mg'),
(1947, 'Ferosoft', 'tablet', '2x10', 138, 'FA'),
(1948, 'Aldactone A', 'tablet', '1x1', 114, '25mg'),
(1949, 'Coversam', 'tablet', '1x10', 80, '8/5mg'),
(1950, 'Daktarin Oral gel', 'gel', '1x1', 66, '20g'),
(1951, 'Oxidil IV', 'injection', '1x1', 128, '1G'),
(1952, 'Oxidil IV', 'injection', '1x1', 128, '500mg'),
(1953, 'Oxidil IV', 'injection', '1x1', 128, '250mg'),
(1954, 'Oxidil IM', 'injection', '1x1', 128, '500mg'),
(1955, 'Oxidil IM', 'injection', '1x1', 128, '250mg'),
(1956, 'Risek', 'injection', '1x1', 129, '40mg'),
(1957, 'Norbec', 'injection', '1x1', 94, '1G'),
(1958, 'Norbec', 'injection', '1x1', 94, '500mg'),
(1959, 'Norbec', 'injection', '1x1', 94, '250mg'),
(1960, 'Bestrix', 'injection', '1x1', 85, '1G'),
(1961, 'Bestrix', 'injection', '1x1', 85, '500mg'),
(1962, 'Bestrix', 'injection', '1x1', 85, '250mg'),
(1963, 'Inocef', 'injection', '1x1', 109, '1G'),
(1964, 'Inocef', 'injection', '1x1', 109, '500mg'),
(1965, 'Inocef', 'injection', '1x1', 109, '250mg'),
(1966, 'Claforan', 'injection', '1x1', 16, '1G'),
(1967, 'Claforan', 'injection', '1x1', 16, '500mg'),
(1968, 'Claforan', 'injection', '1x1', 16, '250mg'),
(1969, 'Cefcom', 'injection', '1x1', 109, '1G'),
(1970, 'Cefcom', 'injection', '1x1', 109, '500mg'),
(1971, 'Cefcom', 'injection', '1x1', 109, '250mg'),
(1972, 'Exef', 'injection', '1x1', 140, '1G'),
(1973, 'Exef', 'injection', '1x1', 140, '500mg'),
(1974, 'Exef', 'injection', '1x1', 140, '250mg'),
(1975, 'Acabel', 'injection', '1x1', 112, '8mg'),
(1976, 'Gravibinan', 'injection', '1x1', 116, '2ML'),
(1977, 'Gravibinan', 'injection', '1x1', 116, '1ml'),
(1978, 'Lincocin', 'injection', '1x5', 95, '600mg/2ml'),
(1979, 'Lonacort', 'injection', '1x1', 97, '1ml'),
(1980, 'Apoclox', 'injection', '1x1', 203, '250MG'),
(1981, 'Apoclox', 'injection', '1x1', 203, '500mg'),
(1982, 'Flagyl', 'infusion', '1x1', 16, '100ml'),
(1983, 'Novidat', 'infusion', '1x1', 128, '200mg/100ml'),
(1984, 'Voren', 'injection', '1x10', 72, '75mg'),
(1985, 'Neuro-bedoxime', 'injection', '1x25', 69, '3ml'),
(1986, 'Neurobion', 'injection', '1x25', 87, '2ml'),
(1987, 'No-spa', 'injection', '1x25', 16, '2ml'),
(1988, 'Spadix', 'injection', '1x6', 70, '4ml'),
(1989, 'Decadron', 'injection', '1x25', 79, '1ml'),
(1990, 'Dyclo', 'injection', '1x20', 140, '3ml'),
(1991, 'Dicloran', 'injection', '1x5', 128, '3ml'),
(1992, 'Zantac', 'injection', '1x5', 65, '2ml'),
(1993, 'Lasix', 'injection', '1x50', 16, '2ml'),
(1994, 'Benzibiotec', 'injection', '1x1', 97, '1.2mil/unit'),
(1995, 'Tramal', 'injection', '1x5', 114, '2ml'),
(1996, 'D3', 'injection', '1x1', 119, '1ml'),
(1997, 'Gravinate', 'injection', '1x25', 114, '50mg/1ml'),
(1998, 'Devom', 'injection', '1x253', 75, '50mg/1ml'),
(1999, 'Genticyn', 'injection', '1x5', 204, '20mg'),
(2000, 'D-well', 'injection', '1x1', 119, '1ml'),
(2001, 'ENF-D', 'injection', '1x1', 119, '1ml'),
(2002, 'Indrop-D', 'injection', '1x1', 141, '1ml'),
(2003, 'Onset', 'injection', '1x1', 100, '8mg'),
(2004, 'Hepa-merz', 'injection', '1x1', 73, '10ml'),
(2005, 'Sunny D', 'injection', '1x5', 175, '1ml'),
(2006, 'Neuromet', 'injection', '1x10', 87, '500mcg'),
(2007, 'Qbal', 'injection', '1x10', 141, '500mcg'),
(2008, 'Mecobal', 'injection', '1x10', 134, '500mcg'),
(2009, 'Nervon', 'injection', '1x10', 129, '500mcg'),
(2010, 'Methycobal', 'injection', '1x10', 138, '500mcg'),
(2011, 'Testoviron depot', 'injection', '1x3', 116, '1ml'),
(2012, 'Torodol', 'injection', '1x5', 87, '2ml'),
(2013, 'Conaz', 'lotion', '1x1', 124, '60ml'),
(2014, 'Scabion', 'lotion', '1x1', 124, '60ml'),
(2015, 'Actim', 'tablet', '1x14', 128, '5mg'),
(2016, 'Actim', 'tablet', '1x14', 128, '10mg'),
(2017, 'Tegral', 'syrup', '1x1', 76, '100ml'),
(2018, 'Ziac', 'capsule', '1x5', 205, '400mg'),
(2019, 'Esoyan', 'capsule', '2x7', 205, '20mg'),
(2020, 'Esoyan', 'capsule', '2x7', 205, '40mg'),
(2021, 'Eprazid', 'capsule', '2x7', 205, '20mg'),
(2022, 'Eprazid', 'capsule', '2x7', 205, '40mg'),
(2023, 'Esa', 'capsule', '2x7', 205, '20mg'),
(2024, 'Esa', 'capsule', '2x7', 205, '40mg'),
(2025, 'Esozole', 'capsule', '2x7', 205, '20mg'),
(2026, 'Esozole', 'capsule', '2x7', 205, '40mg'),
(2027, 'Zoglit', 'capsule', '2x7', 205, '20mg'),
(2028, 'Zoglit', 'capsule', '2x7', 205, '40mg'),
(2029, 'Vosul', 'tablet', '2x10', 205, '25mg'),
(2030, 'Levotril', 'tablet', '1x10', 205, '500mg'),
(2031, 'Lexof', 'tablet', '1x10', 205, '500mg'),
(2032, 'Ciprogray', 'tablet', '1x10', 205, '500mg'),
(2033, 'Ebgit', 'tablet', '1x10', 160, '10mg'),
(2034, 'Cipmaf', 'tablet', '1x10', 205, '500mg'),
(2035, 'Fagastril', 'tablet', '1x10', 205, '20mg'),
(2036, 'Fagastril', 'tablet', '1x10', 205, '40mg'),
(2037, 'Zeocit', 'tablet', '1x10', 160, '5mg'),
(2038, 'Cephagray', 'syrup', '1x1', 205, '125mg/5ml'),
(2039, 'Springkast', 'tablet', '1x14', 205, '10mg'),
(2040, 'Simgesic', 'tablet', '2x10', 205, '37.5/325mg'),
(2041, 'Cephagray', 'capsule', '2x6', 205, '250mg'),
(2042, 'Fostrum', 'capsule', '2x6', 205, '500mg'),
(2043, 'Lorip', 'tablet', '1x10', 205, '10mg'),
(2044, 'Ziclopel', 'capsule', '1x4', 205, '50mg'),
(2045, 'Gladio', 'tablet', '1x10', 205, '10mg'),
(2046, 'Mac', 'tablet', '2x7', 205, '10mg'),
(2047, 'Volden fort K', 'tablet', '2x10', 205, '75mg'),
(2048, 'puldol', 'tablet', '2x10', 205, '50mg'),
(2049, 'Mobix', 'tablet', '1x10', 205, '15mg'),
(2050, 'Efibac', 'tablet', '1x10', 205, '4mg'),
(2051, 'Mixtard PF', 'vaccines', '1x1', 206, '30HM'),
(2052, 'Tibol', 'tablet', '1x28', 79, '2.5mg'),
(2053, 'Presage', 'injection', '1x1', 151, '5000iu'),
(2054, 'Humalog mix', 'vaccines', '1x5', 207, '25'),
(2055, 'Humalog', 'vaccines', '1x1', 207, '10ml vial'),
(2056, 'Innogen', 'vaccines', '1x1', 85, '30/70'),
(2057, 'Clexane', 'injection', '1x2', 16, '4000iu'),
(2058, 'Clexane', 'injection', '1x2', 16, '6000iu'),
(2059, 'Clexane', 'injection', '1x2', 16, '8000iu'),
(2060, 'Novorapid', 'vaccines', '1x5', 206, 'Flex pen'),
(2061, 'Humulin', 'vaccines', '1x1', 207, '70/30'),
(2062, 'Humulin', 'vaccines', '1x1', 207, 'R'),
(2063, 'Humulin', 'vaccines', '1x1', 207, 'N'),
(2064, 'Calamox', 'injection', '1x1', 141, '0.3G'),
(2065, 'Mixtard', 'vaccines', '1x1', 206, '30HM'),
(2066, 'Lantus Solostar', 'vaccines', '1x5', 16, '3ml'),
(2067, 'Ivf-C', 'injection', '1x1', 208, '5000iu'),
(2068, 'Ivf-M', 'injection', '1x1', 208, '150iu'),
(2069, 'Humulin', 'vaccines', '1x5', 207, 'Cartridges');
INSERT INTO `inventory` (`id`, `name`, `type`, `pack`, `fk_company_id`, `strength`) VALUES
(2070, 'Venofer', 'injection', '1x5', 79, '100mg'),
(2071, 'Imatet', 'vaccines', '2x5', 71, '0.05mg'),
(2072, 'Nevanac', 'drop', '1x1', 190, '0.1%'),
(2073, 'Novonorm', 'tablet', '2x15', 206, '0.5mg'),
(2074, 'Novonorm', 'tablet', '2x15', 206, '1mg'),
(2075, 'Novonorm', 'tablet', '2x15', 206, '2mg'),
(2076, 'Seroft', 'tablet', '3x10', 100, '50mg'),
(2077, 'Esot', 'tablet', '2x7', 136, '40mg'),
(2078, 'Ufrim', 'tablet', '1x14', 167, '10mg'),
(2079, 'Pytex', 'tablet', '2x10', 167, '20mg'),
(2080, 'Fortius', 'tablet', '1x10', 167, '5mg'),
(2081, 'Epitab XR', 'tablet', '5x10', 176, '200mg'),
(2082, 'Olanzia', 'tablet', '1x10', 176, '5mg'),
(2083, 'Olanzia', 'tablet', '1x10', 176, '10mg'),
(2084, 'Seamega', 'capsule', '1x30', 177, 'soft gel'),
(2085, 'Biofad', 'cream', '1x1', 209, '30G'),
(2086, 'Dr koff', 'syrup', '1x1', 210, '120ml'),
(2087, 'Heamocare', 'syrup', '1x1', 210, '120ml'),
(2088, 'Pasmolex', 'syrup', '1x1', 210, '120ml'),
(2089, 'Glyvisol', 'syrup', '1x1', 210, '240ml'),
(2090, 'Depricap', 'syrup', '1x1', 134, '60ml'),
(2091, 'Pregnovit', 'tablet', '1x60', 210, 'swiss formula'),
(2092, 'Cytotrexate', 'tablet', '1x100', 211, '2.5mg'),
(2093, 'Cytotrexate', 'tablet', '1x10', 211, '10mg'),
(2094, 'Gynazol 1', 'tablet', '1x1', 150, '500mg'),
(2095, 'Drate plus', 'tablet', '1x4', 212, 'D'),
(2096, 'Spasfon', 'tablet', '3x10', 210, '80/80mg'),
(2097, 'Hi-lacta', 'capsule', '6x10', 210, '500mg'),
(2098, 'Ezilax', 'syrup', '1x1', 210, '60ml'),
(2099, 'Pasmolex', 'drop', '1x1', 210, '20ml'),
(2100, 'Acenac', 'tablet', '3x10', 213, '100mg'),
(2101, 'Acenac SR', 'capsule', '3x10', 213, '200mg'),
(2102, 'Digestine', 'capsule', '3x10', 112, '40mg'),
(2103, 'Zechin', 'tablet', '1x14', 213, '20mg'),
(2104, 'Pericid', 'tablet', '5x10', 211, '10mg'),
(2105, 'Gliptin', 'tablet', '1x14', 210, '50mg'),
(2106, 'Berica', 'tablet', '3x10', 212, '60mg'),
(2107, 'Plagril plus', 'tablet', '1x10', 184, '75mg'),
(2108, 'Safcor', 'tablet', '1x14', 184, '5mg'),
(2109, 'Gaba', 'capsule', '2x10', 184, '100mg'),
(2110, 'Gaba', 'capsule', '2x10', 134, '300mg'),
(2111, 'Lanzit', 'capsule', '1x14', 213, '30mg'),
(2112, 'Terbisil', 'tablet', '1x10', 184, '125mg'),
(2113, 'Terbisil', 'tablet', '1x10', 184, '250mg'),
(2114, 'Oxylevo', 'tablet', '1x10', 205, '250mg'),
(2115, 'Co-depricap', 'capsule', '2x7', 134, '3/25mg'),
(2116, 'Co-depricap', 'capsule', '2x7', 134, '6/25mg'),
(2117, 'Venalax SR', 'capsule', '2x7', 74, '75mg'),
(2118, 'Venalax', 'tablet', '2x10', 74, '37.5'),
(2119, 'Depricap', 'capsule', '3x10', 134, '20mg'),
(2120, 'Sar-K', 'tablet', '2x10', 184, '50mg'),
(2121, 'Sar-K plus', 'tablet', '2x10', 184, '50/12.5mg'),
(2122, 'Paroxin CR', 'tablet', '3x10', 214, '25mg'),
(2123, 'Paroxin CR', 'tablet', '3x10', 214, '12.5mg'),
(2124, 'Amyline', 'tablet', '5x20', 75, '25mg'),
(2125, 'Protohib', 'capsule', '2x7', 211, '40mg'),
(2126, 'Thiolax', 'capsule', '2x10', 212, '4mg'),
(2127, 'Hypotin', 'tablet', '2x10', 184, '5mg'),
(2128, 'Hypotin', 'tablet', '2x10', 184, '10mg'),
(2129, 'Lomper', 'capsule', '2x7', 75, '20mg'),
(2130, 'Ulcenil', 'tablet', '2x10', 75, '20mg'),
(2131, 'Ulcenil', 'tablet', '2x10', 75, '40mg'),
(2132, 'Xival', 'capsule', '1x5', 75, '400mg'),
(2133, 'Benprost', 'tablet', '1x10', 134, '20mcg'),
(2134, 'Stir-up', 'tablet', '2x10', 134, '10mg'),
(2135, 'Loxat', 'tablet', '1x10', 75, '200mg'),
(2136, 'Es-pramcit', 'tablet', '2x10', 134, '10mg'),
(2137, 'Dysen forte', 'tablet', '1x2', 134, '1000mg'),
(2138, 'Colospas', 'tablet', '3x10', 134, '135mg'),
(2139, 'Descol', 'tablet', '1x10', 134, '10mg'),
(2140, 'Descol', 'tablet', '1x10', 134, '20mg'),
(2141, 'Preneu', 'capsule', '2x7', 134, '75mg'),
(2142, 'Fluderm', 'capsule', '1x1', 134, '150mg'),
(2143, 'Rheumatin K', 'tablet', '2x10', 75, '75mg'),
(2144, 'Adolan', 'tablet', '1x10', 75, '50mg'),
(2145, 'Ezumac', 'capsule', '2x7', 75, '20mg'),
(2146, 'Ezumac', 'capsule', '2x7', 75, '40mg'),
(2147, 'Rheumatin K', 'tablet', '2x10', 75, '50mg'),
(2148, 'Ranola', 'tablet', '2x7', 86, '500mg'),
(2149, 'Misar-H', 'tablet', '2x7', 86, '80/12.5mg'),
(2150, 'Deximox', 'drop', '1x1', 109, '5ml'),
(2151, 'Eyebradex', 'drop', '1x1', 109, '5ml'),
(2152, 'FML forte', 'drop', '1x1', 109, '5ml'),
(2153, 'Prefin A', 'drop', '1x1', 109, '10ml'),
(2154, 'Misar', 'tablet', '1x10', 86, '20mg'),
(2155, 'Misar', 'tablet', '1x10', 86, '40mg'),
(2156, 'Normitab', 'tablet', '2x14', 134, '25mg'),
(2157, 'Buzon', 'tablet', '1x10', 134, '3mg'),
(2158, 'Mecobal', 'tablet', '3x10', 134, '500mcg'),
(2159, 'Protohib', 'capsule', '2x7', 211, '20mg'),
(2160, 'Rheumatin', 'tablet', '2x10', 75, '50mg'),
(2161, 'Rheumatin SR', 'tablet', '2x10', 75, '100mg'),
(2162, 'Pramcit', 'tablet', '2x10', 134, '20mg'),
(2163, 'Buzon', 'tablet', '2x10', 134, '2mg'),
(2164, 'Buzan', 'tablet', '1x10', 134, '4mg'),
(2165, 'Es-pramcit', 'tablet', '1x14', 134, '20mg'),
(2166, 'Normitab', 'tablet', '2x14', 134, '50mg'),
(2167, 'Normitab', 'tablet', '2x14', 134, '100mg'),
(2168, 'Famila', 'tablet', '3x28', 97, '28F'),
(2169, 'Folic acid', 'tablet', '1x1', 97, '5mg'),
(2170, 'Foltab', 'tablet', '1x1', 97, '5mg'),
(2171, 'NEO-K', 'tablet', '1x1', 97, '500mg'),
(2172, 'Nifedil', 'tablet', '1x1', 97, '10mg'),
(2173, 'Asthotifen', 'syrup', '1x1', 97, '60ml'),
(2174, 'Zosartan-k', 'tablet', '2x10', 97, '50mg'),
(2175, 'Zafnol', 'tablet', '2x10', 97, '50mg'),
(2176, 'Zodip', 'tablet', '2x10', 97, '5mg'),
(2177, 'Simvazaf', 'tablet', '1x10', 97, '10mg'),
(2178, 'Simvazaf', 'tablet', '1x10', 97, '20mg'),
(2179, 'Montaza', 'tablet', '1x14', 97, '10mg'),
(2180, 'Montaza', 'tablet', '1x14', 97, '5mg'),
(2181, 'Debridat', 'tablet', '2x10', 97, '200mg'),
(2182, 'Debridat', 'tablet', '2x10', 97, '100mg'),
(2183, 'Floramex', 'capsule', '2x10', 97, '2mg'),
(2184, 'Diclozaf', 'tablet', '3x10', 97, '25mg'),
(2185, 'CPzef', 'tablet', '1x10', 97, '250mg'),
(2186, 'CPzaf', 'tablet', '1x10', 97, '500mg'),
(2187, 'Diuza', 'tablet', '3x10', 97, '25mg'),
(2188, 'Martazep', 'tablet', '2x10', 97, '30mg'),
(2189, 'Martazep', 'tablet', '2x10', 97, '15mg'),
(2190, 'Famtaza', 'tablet', '1x10', 97, '20mg'),
(2191, 'Famtaza', 'tablet', '1x10', 97, '40mg'),
(2192, 'ST-mom', 'tablet', '1x10', 97, '200mcg'),
(2193, 'Colezaf', 'tablet', '1x10', 97, '20mg'),
(2194, 'Colezaf', 'tablet', '1x10', 97, '10mg'),
(2195, 'Actif', 'capsule', '2x7', 215, '20mg'),
(2196, 'Actif', 'capsule', '2x7', 215, '40mg'),
(2197, 'Weblon', 'capsule', '1x10', 215, '250/190mg'),
(2198, 'Hexidyl', 'tablet', '10x10', 97, '2mg'),
(2199, 'Zamlo', 'tablet', '2x10', 97, '5mg'),
(2200, 'Zamlo-h', 'tablet', '2x10', 97, '5/12.5mg'),
(2201, 'Asthotifen', 'tablet', '3x10', 97, '1mg'),
(2202, 'Atenolol', 'tablet', '2x10', 97, '100mg'),
(2203, 'Cardace', 'tablet', '2x10', 97, '10mg'),
(2204, 'Cardace', 'tablet', '2x10', 97, '5mg'),
(2205, 'Neurobex', 'syrup', '1x1', 216, '120ml'),
(2206, 'Emkit', 'tablet', '1x1', 97, '1.5mg'),
(2207, 'Emkit', 'tablet', '1x2', 97, '0.75mg'),
(2208, 'Debridat', 'syrup', '1x1', 97, '120ml'),
(2209, 'Kleen Enema', 'spray', '1x1', 134, '135ml'),
(2210, 'Diclozaf', 'tablet', '2x10', 97, '50mg'),
(2211, 'ENZ', 'capsule', '2x10', 101, '10'),
(2212, 'Minicol', 'drop', '1x1', 217, '30ml'),
(2213, 'Varience HB', 'syrup', '1x1', 101, '120ml'),
(2214, 'Heptocam', 'syrup', '1x1', 220, '120ml'),
(2215, 'MP cal D', 'syrup', '1x1', 218, '120ml'),
(2216, 'MP fer', 'syrup', '1x1', 218, '120ml'),
(2217, 'Inofolic', 'sachet', '1x10', 208, '200mcg'),
(2218, 'Vita-6', 'tablet', '2x10', 220, '50mg'),
(2219, 'Raposin-D', 'tablet', '2x10', 219, '50mg'),
(2220, 'Raposin', 'tablet', '2x10', 219, '50mg'),
(2221, 'Probase', 'tablet', '2x10', 101, '5mg'),
(2222, 'Cal-Xtra', 'tablet', '2x10', 221, '750/400/80mg'),
(2223, 'Mobil-k', 'tablet', '2x10', 101, '75mg'),
(2224, 'Niglys SR', 'capsule', '3x10', 224, '2.6mg'),
(2225, 'Niglys SR', 'capsule', '3x10', 224, '6.4mg'),
(2226, 'Amodip', 'tablet', '2x10', 101, '10mg'),
(2227, 'Amodip', 'tablet', '2x10', 101, '5mg'),
(2228, 'Blaze plus', 'tablet', '2x10', 101, '50mg'),
(2229, 'Amodip-v', 'tablet', '2x7', 101, '10/160mg'),
(2230, 'Amodip-v', 'tablet', '2x7', 101, '5/160mg'),
(2231, 'Amodip-v', 'tablet', '2x7', 101, '5/80mg'),
(2232, 'd-Gest', 'tablet', '2x10', 101, '10mgh'),
(2233, 'Carsel', 'tablet', '3x10', 224, '25mg'),
(2234, 'Carsel', 'tablet', '3x10', 224, '50mg'),
(2235, 'Carsel', 'tablet', '3x10', 224, '100mg'),
(2236, 'Carsel plus', 'tablet', '3x10', 224, '50mg'),
(2237, 'Carsel plus', 'tablet', '3x10', 224, '100mg'),
(2238, 'Myconil', 'drop', '1x1.', 71, '30ml'),
(2239, 'Uro-care', 'sachet', '10x10', 218, '300mg'),
(2240, 'Ramargon', 'tablet', '2x10', 225, '30mg'),
(2241, 'MPcal', 'tablet', '3x10', 218, 'D'),
(2242, 'MP fer', 'tablet', '3x10', 218, '200mcg'),
(2243, 'Onset-', 'tablet', '1x10', 223, '8mg'),
(2244, 'Pc-lac', 'syrup', '1x1', 222, '120ml'),
(2245, 'Sensival', 'tablet', '2x10', 223, '25mg'),
(2246, 'Mibs', 'tablet', '3x10', 219, '135mg'),
(2247, 'Canta', 'tablet', '2x10', 219, '5mg'),
(2248, 'Atoxan', 'tablet', '3x10', 226, '30mg'),
(2249, 'Olepra', 'tablet', '1x10', 227, '10mg'),
(2250, 'Olepra', 'tablet', '1x10', 227, '5mg'),
(2251, 'Siesta', 'tablet', '2x10', 227, '10mg'),
(2252, 'Prolexa', 'tablet', '1x14', 227, '20mg'),
(2253, 'Prolexa', 'tablet', '3x10', 227, '10mg'),
(2254, 'Benzim', 'capsule', '2x7', 228, '40mg'),
(2255, 'Benzim', 'capsule', '4x5', 228, '20mg'),
(2256, 'Zune', 'tablet', '2x10', 228, '20mg'),
(2257, 'Zune', 'tablet', '2x10', 228, '40mg'),
(2258, 'M.com', 'tablet', '2x10', 228, '15mg'),
(2259, 'M.com', 'tablet', '2x10', 228, '7.5mg'),
(2260, 'Antiflam', 'tablet', '3x10', 228, '75mg'),
(2261, 'Antiflam', 'tablet', '3x10', 228, '50mg'),
(2262, 'Ozip', 'tablet', '1x10', 160, '10mg'),
(2263, 'Ozip', 'tablet', '1x10', 160, '5mg'),
(2264, 'Vepridone', 'tablet', '2x10', 227, '1mg'),
(2265, 'Vepridone', 'tablet', '2x10', 227, '2mg'),
(2266, 'Vepridone', 'tablet', '1x10', 227, '3mg'),
(2267, 'Vepridone', 'tablet', '1x10', 227, '4mg'),
(2268, 'Megit', 'tablet', '1x10', 160, '15mg'),
(2269, 'Neupred', 'syrup', '1x1', 230, '60ml'),
(2270, 'Vitaglobin', 'syrup', '1x1', 226, '250ml'),
(2271, 'Seleco', 'tablet', '2x10', 228, '200mg'),
(2272, 'Seleco', 'tablet', '2x10', 228, '100mg'),
(2273, 'Glipin', 'tablet', '5x10', 160, '100mg'),
(2274, 'Exen', 'tablet', '5x6', 228, 'D'),
(2275, 'Medigesic', 'tablet', '3x10', 228, '35/450mg'),
(2276, 'Medigesic', 'tablet', '3x10', 228, 'forte'),
(2277, 'Tair', 'tablet', '2x10', 228, '10mg'),
(2278, 'Protonix', 'tablet', '3x10', 228, '40mg'),
(2279, 'Dexxoo', 'capsule', '3x10', 231, '30mg'),
(2280, 'Reline', 'tablet', '3x10', 229, '50mgh'),
(2281, 'Devenda', 'tablet', '3x10', 227, '500mg'),
(2282, 'Secure', 'capsule', '1x7', 228, '400mg'),
(2283, 'Rabixin', 'capsule', '2x10', 227, '20mg'),
(2284, 'Tobra', 'drop', '1x1', 69, '5ml'),
(2285, 'Tobra-d', 'drop', '1x1', 69, '5ml'),
(2286, 'Pcam', 'injection', '1x5', 87, '20mg'),
(2287, 'Esomax', 'capsule', '2x7', 87, '40mg'),
(2288, 'Esomax', 'capsule', '2x7', 87, '20mg'),
(2289, 'Multibionta', 'capsule', '2x10', 87, 'M'),
(2290, 'Rast', 'tablet', '1x10', 70, '5mg'),
(2291, 'Canrec', 'tablet', '2x7', 87, '8mg'),
(2292, 'Canrec plus', 'tablet', '2x7', 87, '16+12.5mg'),
(2293, 'Neurogabin-M', 'capsule', '1x10', 87, '100mg'),
(2294, 'Neurogabin-M', 'capsule', '1x10', 87, '300mg'),
(2295, 'Glory', 'tablet', '2x10', 105, '2mg'),
(2296, 'Glory', 'tablet', '2x10', 105, '4mg'),
(2297, 'Cosome', 'syrup', '1x1', 87, '120ml'),
(2298, 'Nebulizeer mask', 'surgical', '1x1', 232, 'Adult'),
(2299, 'Nebulizer mask', 'surgical', '1x1', 232, 'Peads'),
(2300, 'Nebulizer mask', 'surgical', '1x1', 232, 'infant'),
(2301, 'Nassal cannula', 'surgical', '1x1', 232, 'All size'),
(2302, 'Mepore', 'surgical', '1x1', 233, '9x10'),
(2303, 'Mepore', 'surgical', '1x1', 233, '9x15'),
(2304, 'Mepore', 'surgical', '1x1', 233, '9x20'),
(2305, 'Mepore', 'surgical', '1x1', 233, '9x25'),
(2306, 'NG tube Argyle', 'surgical', '1x1', 234, '5 to 12FR'),
(2307, 'NG tube china', 'surgical', '1x1', 232, '5 to 18FR'),
(2308, 'Urine Bag Unuguard', 'surgical', '1x1', 235, '2000ml'),
(2309, 'Iv cannula', 'surgical', '1x1', 236, '18G'),
(2310, 'Iv cannula', 'surgical', '1x1', 236, '20G'),
(2311, 'Iv cannula', 'surgical', '1x1', 236, '22G'),
(2312, 'Iv cannula', 'surgical', '1x1', 236, '24G'),
(2313, 'Foley catheter', 'surgical', '1x1', 237, '6 to 18FR'),
(2314, 'Eye pad', 'surgical', '1x1', 232, 'Bp'),
(2315, 'Urine collector', 'surgical', '1x1', 232, 'Child'),
(2316, 'Gloves Dispo', 'surgical', '1x1', 232, '100piece'),
(2317, 'Iv set', 'surgical', '1x1', 232, 'china'),
(2318, 'Bandage', 'surgical', '1x1', 232, '2inch'),
(2319, 'Bandage', 'surgical', '1x1', 232, '3inch'),
(2320, 'Bandage', 'surgical', '1x1', 232, '4inch'),
(2321, 'Bandage', 'surgical', '1x1', 232, '6inch'),
(2322, 'Crep Bandage', 'surgical', '1x1', 232, '3inch'),
(2323, 'Crep bandage', 'surgical', '1x1', 232, '4inch'),
(2324, 'Crep bandage', 'surgical', '1x1', 232, '6Inch'),
(2325, 'Cotton wool', 'surgical', '1x1', 232, '50G'),
(2326, 'Cotton wool', 'surgical', '1x1', 232, '100G'),
(2327, 'Cotton wool', 'surgical', '1x1', 232, '200G'),
(2328, 'Cotton wool', 'surgical', '1x1', 232, '400G'),
(2329, 'Dirogest', 'tablet', '2x10', 97, '10mg'),
(2330, 'Sharbat Faulad', 'syrup', '1x1', 238, '240ml'),
(2331, 'Sharbat Podina', 'syrup', '1x1', 238, '240ml'),
(2332, 'Safi', 'syrup', '1x1', 239, '175ml'),
(2333, 'Tut siah+Mulathi', 'syrup', '1x1', 240, '120ml'),
(2334, 'Gestofill', 'syrup', '1x1', 238, '120ml'),
(2335, 'Marhaba sharbat faulad', 'syrup', '1x1', 33, '240ml'),
(2336, 'Toot siah qarshi', 'syrup', '1x1', 238, '120ml'),
(2337, 'Suduri', 'syrup', '1x1', 239, '120ml'),
(2338, 'Colic', 'syrup', '1x1', 238, '60ml'),
(2339, 'Surficol', 'syrup', '1x1', 238, '120ml'),
(2340, 'Peppermint', 'syrup', '1x1', 242, '120,l'),
(2341, 'Hamdard Ghutti', 'syrup', '1x1', 239, '60ml'),
(2342, 'Marhaba Ghutti', 'syrup', '1x1', 33, '60ml'),
(2343, 'Lal Sharbat', 'syrup', '1x1', 238, '120ml'),
(2344, 'Colic', 'drop', '1x1', 238, '20ml'),
(2345, 'castor oil', 'syrup', '1x1', 33, '25ml'),
(2346, 'Castor oil', 'syrup', '1x1', 33, '50ml'),
(2347, 'Olive oil', 'syrup', '1x1', 33, '50ml'),
(2348, 'Carmina', 'tablet', '1x1', 239, 'plus'),
(2349, 'Verona', 'capsule', '1x20', 243, '700mg'),
(2350, 'Olive oil', 'syrup', '1x1', 33, '25ml'),
(2351, 'Almond oil', 'drop', '1x1', 33, '10ml'),
(2352, 'Rumatil', 'syrup', '1x1', 33, '25ml'),
(2353, 'Black seed iol', 'syrup', '1x1', 33, '25ml'),
(2354, 'Arq-e-gulab', 'syrup', '1x1', 33, '120ml'),
(2355, 'Arq-e-gulab', 'syrup', '1x1', 33, '50ml'),
(2356, 'Arq-e-gulab', 'syrup', '1x1', 33, '240ml'),
(2357, 'Arq-e-gulab', 'spray', '1x1', 33, '120ml'),
(2358, 'Arq-e-gulab', 'drop', '1x1', 33, '25ml'),
(2359, 'Black seed oil', 'syrup', '1x1', 33, '50ml'),
(2360, 'Almondd oil', 'drop', '1x1', 33, '25ml'),
(2361, 'Clotrim', 'lotion', '1x1', 97, '20ml'),
(2362, 'Zezot', 'capsule', '1x6', 141, '250mg'),
(2363, 'Corex', 'syrup', '1x1', 95, '60ml');

-- --------------------------------------------------------

--
-- Table structure for table `migrations`
--

CREATE TABLE `migrations` (
  `id` int(10) UNSIGNED NOT NULL,
  `migration` varchar(191) COLLATE utf8mb4_unicode_ci NOT NULL,
  `batch` int(11) NOT NULL
) ENGINE=InnoDB DEFAULT CHARSET=utf8mb4 COLLATE=utf8mb4_unicode_ci;

-- --------------------------------------------------------

--
-- Table structure for table `notifications`
--

CREATE TABLE `notifications` (
  `id` int(36) NOT NULL,
  `type` varchar(191) COLLATE utf8mb4_unicode_ci NOT NULL,
  `notifiable_type` varchar(191) COLLATE utf8mb4_unicode_ci NOT NULL,
  `notifiable_id` bigint(20) UNSIGNED NOT NULL,
  `data` text COLLATE utf8mb4_unicode_ci NOT NULL,
  `read_at` timestamp NULL DEFAULT NULL,
  `created_at` timestamp NULL DEFAULT NULL,
  `updated_at` timestamp NULL DEFAULT NULL
) ENGINE=InnoDB DEFAULT CHARSET=utf8mb4 COLLATE=utf8mb4_unicode_ci;

-- --------------------------------------------------------

--
-- Table structure for table `password_resets`
--

CREATE TABLE `password_resets` (
  `email` varchar(191) COLLATE utf8mb4_unicode_ci NOT NULL,
  `token` varchar(191) COLLATE utf8mb4_unicode_ci NOT NULL,
  `created_at` timestamp NULL DEFAULT NULL
) ENGINE=InnoDB DEFAULT CHARSET=utf8mb4 COLLATE=utf8mb4_unicode_ci;

-- --------------------------------------------------------

--
-- Table structure for table `payment_cheque_receipt_imgs`
--

CREATE TABLE `payment_cheque_receipt_imgs` (
  `id` int(10) UNSIGNED NOT NULL,
  `img` varchar(191) COLLATE utf8mb4_unicode_ci NOT NULL,
  `fk_payment_id` int(10) UNSIGNED NOT NULL
) ENGINE=InnoDB DEFAULT CHARSET=utf8mb4 COLLATE=utf8mb4_unicode_ci;

-- --------------------------------------------------------

--
-- Table structure for table `purchased_qty`
--

CREATE TABLE `purchased_qty` (
  `id` int(10) UNSIGNED NOT NULL,
  `qty` decimal(10,2) NOT NULL,
  `fk_purchase_price_id` int(10) UNSIGNED NOT NULL,
  `fk_sale_item_id` int(10) UNSIGNED NOT NULL
) ENGINE=InnoDB DEFAULT CHARSET=utf8mb4 COLLATE=utf8mb4_unicode_ci;

--
-- Dumping data for table `purchased_qty`
--

INSERT INTO `purchased_qty` (`id`, `qty`, `fk_purchase_price_id`, `fk_sale_item_id`) VALUES
(1, '1.00', 477, 1),
(2, '1.00', 497, 2),
(3, '8.00', 566, 3),
(4, '30.00', 537, 4),
(5, '1.00', 468, 5),
(6, '1.00', 52, 6),
(7, '1.00', 579, 7),
(8, '1.00', 464, 8),
(9, '10.00', 549, 9),
(10, '10.00', 633, 10),
(11, '14.00', 637, 11),
(12, '1.00', 579, 12),
(13, '2.00', 576, 13),
(14, '1.00', 572, 14),
(15, '1.00', 496, 15),
(16, '1.00', 486, 16),
(17, '10.00', 698, 17),
(18, '1.00', 573, 18),
(19, '10.00', 660, 19),
(20, '1.00', 687, 20),
(21, '1.00', 815, 21),
(22, '10.00', 724, 22),
(23, '5.00', 716, 23),
(24, '1.00', 3, 24),
(25, '28.00', 843, 25),
(26, '6.00', 840, 26),
(27, '20.00', 851, 27),
(28, '10.00', 744, 28),
(29, '10.00', 700, 29),
(30, '10.00', 884, 30),
(31, '10.00', 825, 31),
(32, '10.00', 695, 32),
(33, '10.00', 698, 33),
(34, '10.00', 732, 34),
(35, '1.00', 624, 35),
(36, '1.00', 984, 36),
(37, '28.00', 857, 37),
(38, '1.00', 594, 38),
(39, '1.00', 461, 39),
(40, '1.00', 683, 40),
(41, '1.00', 816, 41),
(42, '20.00', 1043, 42),
(43, '14.00', 937, 43),
(44, '1.00', 983, 44),
(45, '6.00', 840, 45),
(46, '1.00', 23, 46),
(47, '1.00', 1, 47),
(48, '10.00', 824, 48),
(49, '10.00', 825, 49),
(50, '20.00', 851, 50),
(51, '10.00', 1030, 51),
(52, '10.00', 554, 52),
(53, '1.00', 595, 53),
(54, '10.00', 906, 54),
(55, '20.00', 941, 55),
(56, '40.00', 671, 56),
(57, '1.00', 528, 57),
(58, '14.00', 1124, 58),
(59, '46.00', 731, 59),
(60, '1.00', 477, 60),
(61, '11.00', 725, 61),
(62, '1.00', 966, 62),
(63, '14.00', 1159, 63),
(64, '1.00', 15, 64),
(65, '5.00', 838, 65),
(66, '28.00', 1006, 66),
(67, '28.00', 1006, 67),
(68, '14.00', 1006, 68),
(69, '20.00', 996, 69),
(70, '10.00', 550, 70),
(71, '10.00', 820, 71),
(72, '10.00', 936, 72),
(73, '10.00', 538, 73),
(74, '10.00', 634, 74),
(75, '1.00', 625, 75),
(76, '20.00', 1043, 76),
(77, '30.00', 1042, 77),
(78, '10.00', 677, 78),
(79, '20.00', 510, 79),
(80, '4.00', 511, 80),
(81, '15.00', 872, 81),
(82, '5.00', 1155, 82),
(83, '10.00', 820, 83),
(84, '10.00', 1202, 84),
(85, '10.00', 1203, 85),
(86, '1.00', 1247, 86),
(87, '28.00', 1217, 87),
(88, '28.00', 1217, 88),
(89, '10.00', 1352, 89),
(90, '1.00', 579, 90),
(91, '20.00', 1420, 91),
(92, '14.00', 645, 92),
(93, '14.00', 646, 92),
(94, '25.00', 842, 93),
(95, '30.00', 870, 94),
(96, '10.00', 1051, 95),
(97, '1.00', 970, 96),
(98, '1.00', 610, 97),
(99, '20.00', 743, 98),
(100, '1.00', 477, 99),
(101, '2.00', 1392, 100),
(102, '5.00', 820, 101),
(103, '50.00', 1047, 102),
(104, '1.00', 979, 103),
(105, '14.00', 1188, 104),
(106, '10.00', 757, 105),
(107, '1.00', 1414, 106),
(108, '5.00', 820, 107),
(109, '2.00', 1390, 108),
(110, '20.00', 947, 109),
(111, '1.00', 490, 110),
(112, '0.00', 671, 111),
(113, '0.00', 1047, 112),
(114, '1.00', 454, 113),
(115, '10.00', 787, 114),
(116, '1.00', 560, 115),
(117, '1.00', 971, 116),
(118, '10.00', 1150, 117),
(119, '20.00', 886, 118),
(120, '10.00', 1502, 119),
(121, '1.00', 603, 120),
(122, '1.00', 1243, 121),
(123, '10.00', 837, 122),
(124, '10.00', 1496, 123),
(125, '7.00', 1508, 124),
(126, '1.00', 24, 125),
(127, '20.00', 673, 126),
(128, '30.00', 1051, 127),
(129, '20.00', 673, 128),
(130, '30.00', 1051, 129),
(131, '1.00', 581, 130),
(132, '90.00', 1030, 131),
(133, '1.00', 1598, 132),
(134, '1.00', 669, 133),
(135, '20.00', 824, 134),
(136, '4.00', 885, 135),
(137, '10.00', 1392, 136),
(138, '20.00', 822, 137),
(139, '1.00', 592, 138),
(140, '10.00', 820, 139),
(141, '1.00', 620, 140),
(142, '1.00', 1243, 141),
(143, '12.00', 542, 142),
(144, '30.00', 1143, 143),
(145, '10.00', 820, 144),
(146, '1.00', 719, 145),
(147, '10.00', 1511, 146),
(148, '10.00', 1511, 147),
(149, '5.00', 1390, 148),
(150, '15.00', 725, 149),
(151, '10.00', 1261, 150),
(152, '1.00', 970, 151),
(153, '10.00', 1665, 152),
(154, '14.00', 1538, 153),
(155, '1.00', 461, 154),
(156, '1.00', 594, 155),
(157, '14.00', 1482, 156),
(158, '20.00', 1230, 157),
(159, '14.00', 847, 158),
(160, '10.00', 1477, 159),
(161, '10.00', 936, 160),
(162, '20.00', 1029, 161),
(163, '30.00', 921, 162),
(164, '30.00', 1080, 163),
(165, '20.00', 912, 164),
(166, '20.00', 545, 165),
(167, '14.00', 1545, 166),
(168, '20.00', 1678, 167),
(169, '3.00', 1210, 168),
(170, '1.00', 1733, 169),
(171, '10.00', 549, 170),
(172, '10.00', 698, 171),
(173, '10.00', 726, 172),
(174, '20.00', 1205, 173),
(175, '10.00', 757, 173),
(176, '40.00', 640, 174),
(177, '20.00', 829, 175),
(178, '10.00', 829, 176),
(179, '7.00', 1168, 177),
(180, '7.00', 1169, 177),
(181, '14.00', 1167, 177),
(182, '14.00', 904, 178),
(183, '30.00', 772, 179),
(184, '5.00', 822, 180),
(185, '5.00', 1390, 181),
(186, '5.00', 822, 182),
(187, '5.00', 1390, 183),
(188, '10.00', 1635, 184),
(189, '10.00', 1099, 185),
(190, '7.00', 1644, 186),
(191, '10.00', 752, 187),
(192, '0.00', 1637, 188),
(193, '1.00', 1725, 189),
(194, '5.00', 1503, 190),
(195, '10.00', 744, 191),
(196, '14.00', 1108, 192),
(197, '10.00', 1489, 193),
(198, '0.00', 885, 194),
(199, '6.00', 725, 195),
(200, '10.00', 820, 196),
(201, '10.00', 716, 197),
(202, '1.00', 1243, 198),
(203, '1.00', 593, 199),
(204, '10.00', 726, 200),
(205, '1.00', 814, 201),
(206, '1.00', 463, 202),
(207, '10.00', 757, 203),
(208, '10.00', 750, 204),
(209, '14.00', 1643, 205),
(210, '14.00', 1006, 206),
(211, '14.00', 1610, 207),
(212, '1.00', 1723, 208),
(213, '1.00', 618, 209),
(214, '10.00', 1213, 210),
(215, '14.00', 1643, 211),
(216, '10.00', 825, 212),
(217, '5.00', 1036, 213),
(218, '5.00', 820, 214),
(219, '1.00', 625, 215),
(220, '10.00', 698, 216),
(221, '10.00', 632, 217),
(222, '20.00', 805, 218),
(223, '30.00', 1346, 219),
(224, '20.00', 805, 220),
(225, '1.00', 1247, 221),
(226, '1.00', 980, 222),
(227, '10.00', 1785, 223),
(228, '14.00', 1159, 224),
(229, '20.00', 1660, 225),
(230, '1.00', 1768, 226),
(231, '4.00', 566, 227),
(232, '1.00', 985, 228),
(233, '10.00', 1563, 229),
(234, '20.00', 706, 230),
(235, '14.00', 1006, 231),
(236, '10.00', 820, 232),
(237, '10.00', 820, 233),
(238, '1.00', 572, 234),
(239, '10.00', 820, 235),
(240, '1.00', 1408, 236),
(241, '30.00', 809, 237),
(242, '20.00', 1694, 238),
(243, '10.00', 1047, 239),
(244, '30.00', 1046, 240),
(245, '10.00', 1203, 241),
(246, '1.00', 531, 242),
(247, '1.00', 1648, 243),
(248, '10.00', 1620, 244),
(249, '1.00', 1763, 245),
(250, '10.00', 1028, 246),
(251, '1.00', 1721, 247),
(252, '14.00', 1514, 248),
(253, '5.00', 1155, 249),
(254, '20.00', 1430, 250),
(255, '1.00', 747, 251),
(256, '1.00', 1243, 252),
(257, '1.00', 839, 253),
(258, '15.00', 1420, 254),
(259, '20.00', 690, 255),
(260, '20.00', 936, 256),
(261, '10.00', 822, 257),
(262, '5.00', 1036, 258),
(263, '1.00', 1786, 259),
(264, '6.00', 1509, 260),
(265, '1.00', 1852, 261),
(266, '1.00', 971, 262),
(267, '14.00', 1545, 263),
(268, '7.00', 1642, 264),
(269, '5.00', 1420, 265),
(270, '10.00', 764, 266),
(271, '1.00', 1842, 267),
(272, '1.00', 1764, 268),
(273, '1.00', 1390, 269),
(274, '1.00', 1755, 270),
(275, '1.00', 1651, 271),
(276, '10.00', 1047, 272),
(277, '6.00', 1016, 273),
(278, '30.00', 1253, 274),
(279, '14.00', 1005, 275),
(280, '5.00', 1155, 276),
(281, '5.00', 1392, 277),
(282, '10.00', 1322, 278),
(283, '10.00', 1714, 279),
(284, '10.00', 1322, 280),
(285, '10.00', 1714, 281),
(286, '28.00', 1278, 282),
(287, '10.00', 1207, 283),
(288, '10.00', 1553, 284),
(289, '20.00', 1552, 284),
(290, '5.00', 838, 285),
(291, '5.00', 1501, 286),
(292, '20.00', 1584, 287),
(293, '10.00', 1371, 288),
(294, '10.00', 1067, 289),
(295, '1.00', 577, 290),
(296, '1.00', 1731, 291),
(297, '10.00', 716, 292),
(298, '10.00', 822, 293),
(299, '1.00', 1861, 294),
(300, '2.00', 1755, 295),
(301, '14.00', 1381, 296),
(302, '6.00', 1011, 297),
(303, '5.00', 1155, 298),
(304, '5.00', 820, 299),
(305, '10.00', 1824, 300),
(306, '20.00', 1728, 301),
(307, '14.00', 2084, 302),
(308, '10.00', 1805, 303),
(309, '1.00', 579, 304),
(310, '14.00', 1643, 305),
(311, '10.00', 1664, 306),
(312, '20.00', 1809, 307),
(313, '10.00', 2134, 307),
(314, '10.00', 1825, 308),
(315, '14.00', 1643, 309),
(316, '10.00', 1664, 310),
(317, '20.00', 1809, 311),
(318, '10.00', 2134, 311),
(319, '10.00', 1825, 312),
(320, '2.00', 983, 313),
(321, '1.00', 1723, 314),
(322, '10.00', 837, 315),
(323, '10.00', 837, 316),
(324, '10.00', 732, 317),
(325, '10.00', 1042, 318),
(326, '10.00', 1036, 319),
(327, '10.00', 2052, 320),
(328, '10.00', 1561, 321),
(329, '10.00', 1919, 322),
(330, '1.00', 1868, 323),
(331, '10.00', 1595, 324),
(332, '10.00', 1595, 325),
(333, '10.00', 1955, 326),
(334, '10.00', 1954, 327),
(335, '10.00', 936, 328),
(336, '12.00', 1325, 329),
(337, '8.00', 1528, 330),
(338, '14.00', 2138, 331),
(339, '1.00', 839, 332),
(340, '7.00', 1170, 333),
(341, '10.00', 2152, 334),
(342, '1.00', 492, 335),
(343, '24.00', 2135, 336),
(344, '50.00', 1009, 337),
(345, '1.00', 89, 338),
(346, '30.00', 1549, 339),
(347, '28.00', 845, 340),
(348, '6.00', 1328, 341),
(349, '10.00', 2052, 342),
(350, '10.00', 1422, 343),
(351, '10.00', 1948, 344),
(352, '30.00', 2057, 345),
(353, '14.00', 1127, 346),
(354, '10.00', 776, 347),
(355, '20.00', 1344, 348),
(356, '15.00', 1420, 349),
(357, '14.00', 1988, 350),
(358, '1.00', 898, 351),
(359, '10.00', 2043, 352),
(360, '24.00', 2121, 353),
(361, '80.00', 1033, 354),
(362, '15.00', 1420, 355),
(363, '10.00', 1183, 356),
(364, '10.00', 2014, 357),
(365, '30.00', 1142, 358),
(366, '15.00', 2045, 359),
(367, '1.00', 594, 360),
(368, '1.00', 840, 361),
(369, '2.00', 544, 362),
(370, '1.00', 895, 363),
(371, '1.00', 973, 364),
(372, '3.00', 840, 365),
(373, '1.00', 589, 366),
(374, '1.00', 469, 367),
(375, '10.00', 856, 368),
(376, '10.00', 1552, 369),
(377, '60.00', 2009, 370),
(378, '14.00', 1170, 371),
(379, '14.00', 1215, 371),
(380, '28.00', 1384, 372),
(381, '1.00', 1725, 373),
(382, '2.00', 1413, 374),
(383, '10.00', 824, 375),
(384, '14.00', 1005, 376),
(385, '10.00', 1805, 377),
(386, '20.00', 1587, 378),
(387, '20.00', 1586, 379),
(388, '15.00', 1420, 380),
(389, '10.00', 820, 381),
(390, '1.00', 2219, 382),
(393, '1.00', 1763, 385),
(394, '28.00', 1005, 386),
(395, '14.00', 993, 387),
(396, '1.00', 466, 388),
(397, '6.00', 1923, 389),
(398, '20.00', 988, 390),
(399, '5.00', 1392, 391),
(400, '1.00', 1763, 392),
(401, '20.00', 1244, 393),
(402, '5.00', 1667, 394),
(403, '2.00', 1420, 395),
(404, '2.00', 633, 396),
(405, '0.00', 627, 397),
(406, '1.00', 964, 398),
(407, '1.00', 812, 399),
(408, '1.00', 2268, 400),
(409, '1.00', 1768, 401),
(410, '20.00', 626, 402),
(411, '10.00', 1785, 403),
(412, '10.00', 935, 404),
(413, '1.00', 1721, 405),
(414, '1.00', 813, 406),
(415, '1.00', 1721, 407),
(416, '9.00', 2189, 408),
(417, '6.00', 2189, 409),
(418, '1.00', 970, 410),
(419, '1.00', 2229, 411),
(420, '10.00', 698, 412),
(421, '1.00', 983, 413),
(422, '1.00', 1723, 414),
(423, '1.00', 22, 415),
(424, '1.00', 983, 416),
(425, '1.00', 1723, 417),
(426, '1.00', 22, 418),
(427, '1.00', 1765, 419),
(428, '10.00', 1785, 420),
(429, '1.00', 814, 421),
(430, '1.00', 614, 422),
(431, '20.00', 1563, 423),
(432, '20.00', 1563, 424),
(433, '20.00', 853, 425),
(434, '20.00', 1475, 426),
(435, '14.00', 2026, 427),
(436, '1.00', 87, 428),
(437, '60.00', 1144, 429),
(438, '40.00', 2165, 430),
(439, '6.00', 837, 431),
(440, '20.00', 823, 432),
(441, '30.00', 1060, 433),
(442, '14.00', 1641, 434),
(443, '20.00', 1047, 435),
(444, '1.00', 625, 436),
(445, '50.00', 854, 437),
(446, '1.00', 47, 438),
(447, '50.00', 854, 439),
(448, '1.00', 47, 440),
(449, '30.00', 2291, 441),
(450, '17.00', 2292, 442),
(451, '1.00', 625, 443),
(452, '10.00', 1142, 444),
(453, '1.00', 2239, 445),
(454, '1.00', 2254, 446),
(455, '10.00', 1069, 447),
(456, '14.00', 1673, 448),
(457, '1.00', 560, 449),
(458, '10.00', 1357, 450),
(459, '40.00', 1356, 450),
(460, '10.00', 1355, 450),
(461, '30.00', 1026, 451),
(462, '30.00', 740, 452),
(463, '10.00', 2354, 453),
(464, '20.00', 1998, 454),
(465, '20.00', 662, 455),
(466, '1.00', 2218, 456),
(467, '10.00', 933, 457),
(468, '10.00', 1142, 458),
(469, '30.00', 1142, 459),
(470, '1.00', 2310, 460),
(471, '1.00', 2303, 461),
(472, '10.00', 824, 462),
(473, '1.00', 964, 463),
(474, '1.00', 78, 464),
(475, '20.00', 1729, 465),
(476, '1.00', 2349, 466),
(477, '1.00', 973, 467),
(478, '50.00', 1047, 468),
(479, '1.00', 1231, 469),
(480, '50.00', 1047, 470),
(481, '10.00', 934, 471),
(482, '10.00', 1042, 472),
(483, '0.00', 1166, 473),
(484, '14.00', 1454, 474),
(485, '20.00', 1086, 475),
(486, '14.00', 1215, 476),
(487, '14.00', 1215, 477),
(488, '40.00', 947, 478),
(489, '14.00', 1103, 479),
(490, '14.00', 1221, 479),
(491, '14.00', 937, 480),
(492, '1.00', 967, 481),
(493, '1.00', 985, 482),
(494, '1.00', 598, 483),
(495, '30.00', 2047, 484),
(496, '10.00', 1967, 485),
(497, '10.00', 1948, 486),
(498, '20.00', 1729, 487),
(499, '20.00', 1578, 488),
(500, '10.00', 837, 489),
(501, '14.00', 2026, 490),
(502, '10.00', 1549, 491),
(503, '2.00', 487, 492),
(504, '1.00', 1731, 493),
(505, '10.00', 1130, 494),
(506, '1.00', 1231, 495),
(507, '1.00', 2196, 496),
(508, '1.00', 2202, 497),
(509, '14.00', 1118, 498),
(510, '10.00', 1555, 499),
(511, '20.00', 2169, 500),
(512, '20.00', 1070, 501),
(513, '20.00', 1967, 502),
(514, '14.00', 2026, 503),
(515, '1.00', 38, 504),
(516, '10.00', 2052, 505),
(517, '15.00', 1420, 506),
(518, '10.00', 837, 507),
(519, '6.00', 1635, 508),
(520, '12.00', 712, 509),
(521, '20.00', 671, 510),
(522, '1.00', 973, 511),
(523, '1.00', 2080, 512),
(524, '20.00', 671, 513),
(525, '1.00', 973, 514),
(526, '1.00', 2080, 515),
(527, '1.00', 625, 516),
(528, '1.00', 2018, 517),
(529, '30.00', 2117, 518),
(530, '1.00', 2284, 519),
(531, '1.00', 2399, 520),
(532, '9.00', 878, 521),
(533, '20.00', 879, 521),
(534, '10.00', 934, 522),
(535, '15.00', 1613, 523),
(536, '14.00', 1644, 524),
(537, '10.00', 1620, 525),
(538, '10.00', 1091, 526),
(539, '1.00', 625, 527),
(540, '4.00', 1512, 528),
(541, '1.00', 5, 529),
(542, '15.00', 1246, 530),
(543, '1.00', 2227, 531),
(544, '1.00', 1243, 532),
(545, '1.00', 819, 533),
(546, '10.00', 1424, 534),
(547, '30.00', 1203, 535),
(548, '1.00', 1211, 536),
(549, '1.00', 579, 537),
(550, '10.00', 744, 538),
(551, '20.00', 1207, 539),
(552, '30.00', 873, 540),
(553, '14.00', 2026, 541),
(554, '30.00', 1219, 542),
(555, '14.00', 1264, 543),
(556, '10.00', 1551, 544),
(557, '1.00', 2397, 545),
(558, '2.00', 1036, 546),
(559, '14.00', 1095, 547),
(560, '30.00', 1373, 548),
(561, '30.00', 1087, 549),
(562, '10.00', 1586, 550),
(563, '30.00', 2166, 551),
(564, '10.00', 698, 552),
(565, '4.00', 1036, 553),
(566, '1.00', 616, 554),
(567, '1.00', 82, 555),
(568, '15.00', 738, 556),
(569, '2.00', 633, 557),
(570, '1.00', 1710, 558),
(571, '1.00', 819, 559),
(572, '1.00', 2017, 560),
(573, '30.00', 1805, 561),
(574, '20.00', 1939, 562),
(575, '28.00', 2026, 563),
(576, '30.00', 1142, 564),
(577, '3.00', 1420, 565),
(578, '5.00', 1509, 566),
(579, '20.00', 1047, 567),
(580, '10.00', 1028, 568),
(581, '1.00', 2017, 569),
(582, '1.00', 970, 570),
(583, '28.00', 796, 571),
(584, '1.00', 1414, 572),
(585, '1.00', 2251, 573),
(586, '1.00', 2298, 574),
(587, '1.00', 2250, 575),
(588, '10.00', 1424, 576),
(589, '1.00', 1864, 577),
(590, '1.00', 625, 578),
(591, '9.00', 885, 579),
(592, '10.00', 566, 580),
(593, '6.00', 537, 581),
(594, '10.00', 1425, 582),
(595, '5.00', 1420, 583),
(596, '10.00', 2172, 584),
(597, '1.00', 895, 585),
(598, '1.00', 625, 586),
(599, '30.00', 1970, 587),
(600, '2.00', 2271, 588),
(601, '1.00', 2257, 589),
(602, '1.00', 2270, 590),
(603, '10.00', 1453, 591),
(604, '15.00', 1989, 592),
(605, '1.00', 956, 593),
(606, '1.00', 1007, 594),
(607, '1.00', 52, 595),
(608, '20.00', 767, 596),
(609, '1.00', 30, 597),
(610, '1.00', 580, 598),
(611, '7.00', 1166, 599),
(612, '1.00', 484, 600),
(613, '10.00', 1620, 601),
(614, '10.00', 1620, 602),
(615, '1.00', 1751, 603),
(616, '1.00', 2195, 604),
(617, '2.00', 1667, 605),
(618, '1.00', 973, 606),
(619, '10.00', 566, 607),
(620, '1.00', 970, 608),
(621, '28.00', 1538, 609),
(622, '10.00', 935, 610),
(623, '50.00', 709, 611),
(624, '14.00', 1098, 612),
(625, '1.00', 1739, 613),
(626, '2.00', 966, 614),
(627, '1.00', 1715, 615),
(628, '10.00', 1551, 616),
(629, '10.00', 1207, 617),
(630, '1.00', 2230, 618),
(631, '5.00', 820, 619),
(632, '1.00', 463, 620),
(633, '10.00', 1207, 621),
(634, '14.00', 1469, 622),
(635, '1.00', 2359, 623),
(636, '14.00', 1637, 624),
(637, '1.00', 2374, 625),
(638, '2.00', 632, 626),
(639, '7.00', 1642, 627),
(640, '6.00', 1992, 628),
(641, '20.00', 2166, 629),
(642, '90.00', 2043, 630),
(643, '14.00', 1826, 631),
(644, '1.00', 1732, 632),
(645, '2.00', 1211, 633),
(646, '2.00', 1211, 634),
(647, '10.00', 825, 635),
(648, '1.00', 2160, 636),
(649, '30.00', 1142, 637),
(650, '1.00', 2312, 638),
(651, '1.00', 2330, 639),
(652, '1.00', 2343, 640),
(653, '14.00', 1401, 641),
(654, '30.00', 1142, 642),
(655, '10.00', 751, 643),
(656, '14.00', 2026, 644),
(657, '14.00', 1108, 645),
(658, '1.00', 1414, 646),
(659, '10.00', 1422, 647),
(660, '20.00', 1430, 648),
(661, '20.00', 672, 649),
(662, '1.00', 2202, 650),
(663, '1.00', 1210, 651),
(664, '1.00', 1934, 652),
(665, '1.00', 2300, 653),
(666, '1.00', 624, 654),
(667, '1.00', 2226, 655),
(668, '30.00', 1142, 656),
(669, '14.00', 1612, 657),
(670, '14.00', 2034, 658),
(671, '14.00', 1642, 659),
(672, '14.00', 1004, 660),
(673, '14.00', 1004, 661),
(674, '1.00', 2195, 662),
(675, '1.00', 2211, 663),
(676, '1.00', 1766, 664),
(677, '30.00', 2058, 665),
(678, '1.00', 2125, 666),
(679, '10.00', 1586, 667),
(680, '10.00', 1370, 668),
(681, '1.00', 1656, 669),
(682, '10.00', 1370, 670),
(683, '1.00', 1656, 671),
(684, '10.00', 2436, 672),
(685, '10.00', 2436, 673),
(686, '10.00', 1548, 674),
(687, '1.00', 987, 675),
(688, '10.00', 1213, 676),
(689, '1.00', 1766, 677),
(690, '1.00', 1763, 678),
(691, '10.00', 837, 679),
(692, '14.00', 1672, 680),
(693, '1.00', 1732, 681),
(694, '14.00', 2420, 682),
(695, '1.00', 576, 683),
(696, '2.00', 1672, 684),
(697, '28.00', 655, 685),
(698, '14.00', 1005, 686),
(699, '1.00', 1412, 687),
(700, '1.00', 2392, 688),
(701, '3.00', 1036, 689),
(702, '10.00', 671, 690),
(703, '1.00', 1767, 691),
(704, '1.00', 812, 692),
(705, '1.00', 640, 693),
(706, '6.00', 1992, 694),
(707, '5.00', 1392, 695),
(708, '0.00', 2274, 696),
(709, '1.00', 1768, 697),
(710, '14.00', 768, 698),
(711, '1.00', 963, 699),
(712, '1.00', 2022, 700),
(713, '1.00', 462, 701),
(714, '2.00', 2007, 702),
(715, '10.00', 751, 703),
(716, '1.00', 1292, 704),
(717, '10.00', 858, 705),
(718, '0.00', 813, 706),
(719, '10.00', 2042, 707),
(720, '10.00', 1047, 708),
(721, '14.00', 2026, 709),
(722, '20.00', 1023, 710),
(723, '1.00', 2295, 711),
(724, '10.00', 1894, 712),
(725, '1.00', 1218, 713),
(726, '1.00', 839, 714),
(727, '10.00', 1614, 715),
(728, '10.00', 2430, 716),
(729, '1.00', 2402, 717),
(730, '1.00', 971, 718),
(731, '10.00', 698, 719),
(732, '30.00', 2045, 720),
(733, '1.00', 2399, 721),
(734, '5.00', 693, 722),
(735, '14.00', 1382, 723),
(736, '14.00', 1676, 724),
(737, '21.00', 1365, 725),
(738, '20.00', 1727, 726),
(739, '10.00', 1703, 727),
(740, '10.00', 834, 728),
(741, '20.00', 946, 729),
(742, '10.00', 2277, 730),
(743, '1.00', 2321, 731),
(744, '4.00', 851, 732),
(745, '40.00', 1810, 733),
(746, '1.00', 712, 734),
(747, '14.00', 1117, 735),
(748, '20.00', 2164, 736),
(749, '1.00', 985, 737),
(750, '1.00', 1231, 738),
(751, '1.00', 2194, 739),
(752, '14.00', 2416, 740),
(753, '10.00', 1086, 741),
(754, '20.00', 2278, 742),
(755, '40.00', 1242, 743),
(756, '20.00', 1588, 744),
(757, '14.00', 1124, 745),
(758, '14.00', 1642, 746),
(759, '20.00', 1561, 747),
(760, '1.00', 1907, 748),
(761, '10.00', 2514, 749),
(762, '1.00', 2256, 750),
(763, '14.00', 2405, 751),
(764, '10.00', 1726, 752),
(765, '10.00', 1561, 753),
(766, '14.00', 1005, 754),
(767, '10.00', 1805, 755),
(768, '10.00', 1547, 756),
(769, '10.00', 1972, 757),
(770, '1.00', 6, 758),
(771, '1.00', 2441, 759),
(772, '1.00', 1732, 760),
(773, '1.00', 1650, 761),
(774, '1.00', 729, 762),
(775, '12.00', 2020, 763),
(776, '6.00', 1392, 764),
(777, '12.00', 2020, 765),
(778, '6.00', 1392, 766),
(779, '10.00', 698, 767),
(780, '14.00', 2026, 768),
(781, '1.00', 2297, 769),
(782, '1.00', 2314, 770),
(783, '5.00', 2472, 771),
(784, '6.00', 840, 772),
(785, '10.00', 1498, 773),
(786, '1.00', 2387, 774),
(787, '30.00', 1142, 775),
(788, '10.00', 858, 776),
(789, '1.00', 2023, 777),
(790, '1.00', 2251, 778),
(791, '7.00', 1264, 779),
(792, '7.00', 1984, 779),
(793, '1.00', 971, 780),
(794, '1.00', 1722, 781),
(795, '10.00', 554, 782),
(796, '1.00', 1742, 783),
(797, '1.00', 579, 784),
(798, '20.00', 1509, 785),
(799, '2.00', 1036, 786),
(800, '28.00', 653, 787),
(801, '28.00', 1556, 788),
(802, '28.00', 653, 789),
(803, '28.00', 1556, 790),
(804, '6.00', 1011, 791),
(805, '10.00', 2192, 792),
(806, '1.00', 2377, 793),
(807, '14.00', 1997, 794),
(808, '14.00', 1991, 795),
(809, '14.00', 2088, 796),
(810, '1.00', 579, 797),
(811, '14.00', 1383, 798),
(812, '1.00', 2338, 799),
(813, '1.00', 1906, 800),
(814, '1.00', 605, 801),
(815, '1.00', 2374, 802),
(816, '1.00', 2296, 803),
(817, '1.00', 1761, 804),
(818, '4.00', 2463, 805),
(819, '4.00', 2463, 806),
(820, '10.00', 1497, 807),
(821, '14.00', 2541, 808),
(822, '14.00', 1996, 809),
(823, '14.00', 1381, 810),
(824, '14.00', 1683, 810),
(825, '1.00', 2399, 811),
(826, '2.00', 2463, 812),
(827, '1.00', 470, 813),
(828, '1.00', 1908, 814),
(829, '2.00', 579, 815),
(830, '14.00', 2416, 816),
(831, '10.00', 1796, 817),
(832, '10.00', 1509, 818),
(833, '14.00', 2088, 819),
(834, '1.00', 2378, 820),
(835, '1.00', 1768, 821),
(836, '1.00', 1764, 822),
(837, '30.00', 735, 823),
(838, '30.00', 2453, 824),
(839, '21.00', 1603, 825),
(840, '1.00', 2074, 826),
(841, '30.00', 722, 827),
(842, '1.00', 2392, 828),
(843, '10.00', 1948, 829),
(844, '1.00', 1765, 830),
(845, '10.00', 2593, 831),
(846, '4.00', 2556, 832),
(847, '1.00', 2554, 833),
(848, '10.00', 1283, 834),
(849, '10.00', 1972, 835),
(850, '1.00', 1210, 836),
(851, '1.00', 2023, 837),
(852, '1.00', 1210, 838),
(853, '1.00', 1733, 839),
(854, '30.00', 1142, 840),
(855, '10.00', 1524, 841),
(856, '1.00', 967, 842),
(857, '14.00', 1899, 843),
(858, '1.00', 819, 844),
(859, '1.00', 1773, 845),
(860, '1.00', 2374, 846),
(861, '10.00', 526, 847),
(862, '36.00', 2121, 848),
(863, '7.00', 938, 849),
(864, '5.00', 692, 850),
(865, '10.00', 1670, 851),
(866, '30.00', 1142, 852),
(867, '14.00', 1157, 853),
(868, '1.00', 8, 854),
(869, '5.00', 1420, 855),
(870, '10.00', 1028, 856),
(871, '10.00', 2169, 857),
(872, '30.00', 2011, 858),
(873, '20.00', 1564, 859),
(874, '1.00', 1768, 860),
(875, '1.00', 1768, 861),
(876, '6.00', 1572, 862),
(877, '7.00', 2416, 863),
(878, '10.00', 757, 864),
(879, '7.00', 834, 865),
(880, '5.00', 1390, 866),
(881, '1.00', 2596, 867),
(882, '2.00', 1036, 868),
(883, '1.00', 2610, 869),
(884, '14.00', 1641, 870),
(885, '10.00', 1399, 871),
(886, '1.00', 813, 872),
(887, '20.00', 927, 873),
(888, '14.00', 2438, 874),
(889, '30.00', 2287, 875),
(890, '1.00', 2347, 876),
(891, '1.00', 2324, 877),
(892, '10.00', 776, 878),
(893, '20.00', 1142, 879),
(894, '10.00', 2004, 879),
(895, '14.00', 2026, 880),
(896, '10.00', 2451, 881),
(897, '10.00', 1948, 882),
(898, '1.00', 816, 883),
(899, '21.00', 2518, 884),
(900, '30.00', 2421, 885),
(901, '30.00', 539, 886),
(902, '30.00', 2008, 887),
(903, '7.00', 1640, 888),
(904, '14.00', 2000, 888),
(905, '14.00', 511, 889),
(906, '14.00', 1820, 890),
(907, '42.00', 2521, 890),
(908, '10.00', 649, 891),
(909, '30.00', 650, 891),
(910, '20.00', 2628, 891),
(911, '1.00', 1231, 892),
(912, '1.00', 2226, 893),
(913, '1.00', 2662, 894),
(914, '14.00', 1994, 895),
(915, '1.00', 808, 896),
(916, '10.00', 1821, 897),
(917, '1.00', 1212, 898),
(918, '1.00', 2319, 899),
(919, '30.00', 674, 900),
(920, '1.00', 2319, 901),
(921, '30.00', 674, 902),
(922, '10.00', 1824, 903),
(923, '20.00', 2514, 904),
(924, '1.00', 1865, 905),
(925, '10.00', 2645, 906),
(926, '1.00', 1247, 907),
(927, '1.00', 531, 908),
(928, '14.00', 2543, 909),
(929, '1.00', 2284, 910),
(930, '1.00', 2392, 911),
(931, '1.00', 966, 912),
(932, '2.00', 1036, 913),
(933, '4.00', 1918, 914),
(934, '10.00', 1206, 915),
(935, '10.00', 2020, 916),
(936, '2.00', 2192, 917),
(937, '14.00', 1214, 918),
(938, '10.00', 2643, 919),
(939, '10.00', 2014, 920),
(940, '10.00', 2002, 921),
(941, '2.00', 2575, 922),
(942, '1.00', 2226, 923),
(943, '10.00', 698, 924),
(944, '10.00', 1051, 925),
(945, '10.00', 837, 926),
(946, '6.00', 2400, 927),
(947, '21.00', 1366, 928),
(948, '1.00', 108, 929),
(949, '1.00', 94, 930),
(950, '1.00', 1752, 931),
(951, '120.00', 2004, 932),
(952, '12.00', 1992, 933),
(953, '1.00', 1767, 934),
(954, '10.00', 1972, 935),
(955, '1.00', 21, 936),
(956, '15.00', 869, 937),
(957, '10.00', 724, 938),
(958, '1.00', 1767, 939),
(959, '2.00', 2547, 940),
(960, '6.00', 1016, 941),
(961, '2.00', 2585, 942),
(962, '10.00', 2020, 943),
(963, '0.00', 1199, 944),
(964, '20.00', 640, 945),
(965, '10.00', 2020, 946),
(966, '5.00', 1392, 947),
(967, '10.00', 2811, 948),
(968, '10.00', 2042, 949),
(969, '8.00', 2659, 950),
(970, '1.00', 1768, 951),
(971, '1.00', 2023, 952),
(972, '5.00', 2707, 953),
(973, '5.00', 2706, 954),
(974, '4.00', 582, 955),
(975, '1.00', 727, 956),
(976, '1.00', 1784, 957),
(977, '20.00', 2517, 958),
(978, '20.00', 2517, 959),
(979, '1.00', 1721, 960),
(980, '1.00', 21, 961),
(981, '1.00', 719, 962),
(982, '10.00', 824, 963),
(983, '10.00', 2448, 964),
(984, '14.00', 1628, 965),
(985, '10.00', 2020, 966),
(986, '6.00', 2474, 967),
(987, '30.00', 1042, 968),
(988, '1.00', 2377, 969),
(989, '14.00', 2673, 970),
(990, '15.00', 872, 971),
(991, '1.00', 576, 972),
(992, '1.00', 1768, 973),
(993, '1.00', 2380, 974),
(994, '13.00', 2020, 975),
(995, '1.00', 2334, 976),
(996, '1.00', 575, 977),
(997, '1.00', 579, 978),
(998, '10.00', 634, 979),
(999, '2.00', 884, 980),
(1000, '1.00', 2513, 981),
(1001, '1.00', 1218, 982),
(1002, '10.00', 2664, 983),
(1003, '1.00', 1763, 984),
(1004, '1.00', 2007, 985),
(1005, '1.00', 2692, 986),
(1006, '1.00', 1861, 987),
(1007, '2.00', 576, 988),
(1008, '6.00', 840, 989),
(1009, '1.00', 1751, 990),
(1010, '20.00', 751, 991),
(1011, '28.00', 2432, 992),
(1012, '14.00', 1173, 993),
(1013, '14.00', 1216, 993),
(1014, '10.00', 1547, 994),
(1015, '20.00', 1967, 995),
(1016, '3.00', 2020, 996),
(1017, '10.00', 1664, 997),
(1018, '5.00', 675, 998),
(1019, '1.00', 953, 999),
(1020, '1.00', 2237, 1000),
(1021, '4.00', 2053, 1001),
(1022, '14.00', 2406, 1002),
(1023, '14.00', 1460, 1003),
(1024, '30.00', 2494, 1004),
(1025, '1.00', 2132, 1005),
(1026, '1.00', 985, 1006),
(1027, '1.00', 2724, 1007),
(1028, '1.00', 1773, 1008),
(1029, '1.00', 966, 1009),
(1030, '1.00', 2296, 1010),
(1031, '1.00', 2849, 1011),
(1032, '2.00', 2129, 1012),
(1033, '30.00', 1246, 1013),
(1034, '6.00', 929, 1014),
(1035, '1.00', 2198, 1015),
(1036, '1.00', 2209, 1016),
(1037, '1.00', 52, 1017),
(1038, '14.00', 842, 1018),
(1039, '1.00', 2513, 1019),
(1040, '14.00', 1683, 1020),
(1041, '14.00', 1280, 1021),
(1042, '10.00', 1562, 1022),
(1043, '10.00', 2664, 1023),
(1044, '10.00', 1251, 1024),
(1045, '10.00', 2664, 1025),
(1046, '10.00', 1251, 1026),
(1047, '20.00', 822, 1027),
(1048, '1.00', 2724, 1028),
(1049, '1.00', 2297, 1029),
(1050, '1.00', 2343, 1030),
(1051, '10.00', 2020, 1031),
(1052, '10.00', 2444, 1032),
(1053, '10.00', 1972, 1033),
(1054, '1.00', 1733, 1034),
(1055, '1.00', 579, 1035),
(1056, '10.00', 757, 1036),
(1057, '30.00', 2009, 1037),
(1058, '10.00', 2857, 1038),
(1059, '20.00', 2168, 1039),
(1060, '10.00', 1043, 1040),
(1061, '1.00', 23, 1041),
(1062, '6.00', 1510, 1042),
(1063, '20.00', 2027, 1043),
(1064, '1.00', 2182, 1044),
(1065, '14.00', 1174, 1045),
(1066, '1.00', 614, 1046),
(1067, '1.00', 585, 1047),
(1068, '10.00', 1514, 1048),
(1069, '1.00', 967, 1049),
(1070, '10.00', 2514, 1050),
(1071, '7.00', 1582, 1051),
(1072, '7.00', 1672, 1052),
(1073, '10.00', 1771, 1053),
(1074, '10.00', 2042, 1054),
(1075, '10.00', 2659, 1055),
(1076, '1.00', 2578, 1056),
(1077, '1.00', 1907, 1057),
(1078, '1.00', 2272, 1058),
(1079, '10.00', 2767, 1059),
(1080, '20.00', 2878, 1060),
(1081, '10.00', 2042, 1061),
(1082, '30.00', 1042, 1062),
(1083, '1.00', 813, 1063),
(1084, '1.00', 2251, 1064),
(1085, '1.00', 2340, 1065),
(1086, '1.00', 1755, 1066),
(1087, '2.00', 1420, 1067),
(1088, '3.00', 1989, 1067),
(1089, '30.00', 703, 1068),
(1090, '20.00', 1509, 1069),
(1091, '30.00', 1139, 1070),
(1092, '1.00', 20, 1071),
(1093, '10.00', 2714, 1072),
(1094, '10.00', 1497, 1073),
(1095, '5.00', 1422, 1074),
(1096, '1.00', 3203, 1075),
(1097, '1.00', 3203, 1076),
(1098, '14.00', 756, 1077),
(1099, '14.00', 1287, 1078),
(1100, '14.00', 1464, 1079),
(1101, '20.00', 640, 1080),
(1102, '10.00', 2664, 1081),
(1103, '14.00', 1963, 1082),
(1104, '10.00', 824, 1083),
(1105, '1.00', 2012, 1084),
(1106, '1.00', 1732, 1085),
(1107, '1.00', 1441, 1086),
(1108, '28.00', 1208, 1087),
(1109, '10.00', 2411, 1088),
(1110, '30.00', 2004, 1089),
(1111, '10.00', 2277, 1090),
(1112, '1.00', 1218, 1091),
(1113, '1.00', 2588, 1092),
(1114, '10.00', 1824, 1093),
(1115, '6.00', 1026, 1094),
(1116, '1.00', 1218, 1095),
(1117, '10.00', 1524, 1096),
(1118, '5.00', 2643, 1097),
(1119, '1.00', 2727, 1098),
(1120, '14.00', 2432, 1099),
(1121, '5.00', 1390, 1100),
(1122, '12.00', 2403, 1101),
(1123, '1.00', 2445, 1102),
(1124, '1.00', 2726, 1103),
(1125, '2.00', 2735, 1104),
(1126, '2.00', 987, 1105),
(1127, '1.00', 1718, 1106),
(1128, '1.00', 2022, 1107),
(1129, '1.00', 2015, 1108),
(1130, '1.00', 1801, 1109),
(1131, '2.00', 725, 1110),
(1132, '1.00', 1211, 1111),
(1133, '1.00', 480, 1112),
(1134, '1.00', 1784, 1113),
(1135, '1.00', 2023, 1114),
(1136, '1.00', 964, 1115),
(1137, '10.00', 1564, 1116),
(1138, '10.00', 1999, 1116),
(1139, '10.00', 1905, 1117),
(1140, '7.00', 2671, 1118),
(1141, '5.00', 840, 1119),
(1142, '10.00', 2444, 1120),
(1143, '1.00', 2720, 1121),
(1144, '15.00', 2287, 1122),
(1145, '20.00', 832, 1123),
(1146, '10.00', 670, 1124),
(1147, '20.00', 1362, 1125),
(1148, '14.00', 1516, 1126),
(1149, '1.00', 3200, 1127),
(1150, '1.00', 1732, 1128),
(1151, '1.00', 1732, 1129),
(1152, '1.00', 462, 1130),
(1153, '7.00', 2671, 1131),
(1154, '7.00', 3221, 1131),
(1155, '20.00', 2431, 1132),
(1156, '1.00', 2445, 1133),
(1157, '2.00', 2691, 1134),
(1158, '1.00', 3202, 1135),
(1159, '1.00', 3202, 1136),
(1160, '1.00', 1763, 1137),
(1161, '28.00', 2432, 1138),
(1162, '1.00', 2380, 1139),
(1163, '50.00', 1047, 1140),
(1164, '10.00', 2664, 1141),
(1165, '1.00', 2849, 1142);

-- --------------------------------------------------------

--
-- Table structure for table `purchase_price_history`
--

CREATE TABLE `purchase_price_history` (
  `id` int(10) UNSIGNED NOT NULL,
  `price` decimal(10,2) NOT NULL,
  `date` date NOT NULL,
  `fk_inventory_id` int(10) UNSIGNED NOT NULL
) ENGINE=InnoDB DEFAULT CHARSET=utf8mb4 COLLATE=utf8mb4_unicode_ci;

--
-- Dumping data for table `purchase_price_history`
--

INSERT INTO `purchase_price_history` (`id`, `price`, `date`, `fk_inventory_id`) VALUES
(1, '120.00', '2018-10-29', 1),
(2, '250.00', '2018-10-29', 67),
(3, '80.00', '2018-10-29', 63),
(4, '150.00', '2018-10-29', 65),
(5, '100.00', '2018-10-29', 64),
(6, '190.00', '2018-10-29', 62),
(7, '60.00', '2018-10-29', 35),
(8, '60.00', '2018-10-29', 34),
(9, '40.00', '2018-10-29', 25),
(10, '300.00', '2018-10-29', 74),
(11, '75.00', '2018-10-29', 46),
(12, '80.00', '2018-10-29', 49),
(13, '100.00', '2018-10-29', 145),
(14, '190.00', '2018-10-29', 69),
(15, '210.00', '2018-10-29', 70),
(16, '200.00', '2018-10-29', 75),
(17, '200.00', '2018-10-29', 3),
(18, '280.00', '2018-10-29', 4),
(19, '360.00', '2018-10-29', 5),
(20, '200.00', '2018-10-29', 6),
(21, '150.00', '2018-10-29', 7),
(22, '160.00', '2018-10-29', 146),
(23, '140.00', '2018-10-29', 147),
(24, '200.00', '2018-10-29', 9),
(25, '320.00', '2018-10-29', 8),
(26, '200.00', '2018-10-29', 10),
(27, '350.00', '2018-10-29', 11),
(28, '170.00', '2018-10-29', 12),
(29, '190.00', '2018-10-29', 13),
(30, '100.00', '2018-10-29', 14),
(31, '160.00', '2018-10-29', 15),
(32, '200.00', '2018-10-29', 17),
(33, '150.00', '2018-10-29', 18),
(34, '100.00', '2018-10-29', 19),
(35, '150.00', '2018-10-29', 20),
(36, '70.00', '2018-10-29', 21),
(37, '50.00', '2018-10-29', 23),
(38, '130.00', '2018-10-29', 22),
(39, '200.00', '2018-10-29', 24),
(40, '50.00', '2018-10-29', 27),
(41, '120.00', '2018-10-29', 30),
(42, '100.00', '2018-10-29', 36),
(43, '100.00', '2018-10-29', 37),
(44, '200.00', '2018-10-29', 38),
(45, '300.00', '2018-10-29', 39),
(47, '250.00', '2018-10-29', 40),
(50, '350.00', '2018-10-29', 41),
(52, '200.00', '2018-10-29', 42),
(54, '300.00', '2018-10-29', 44),
(57, '170.00', '2018-10-29', 45),
(59, '300.00', '2018-10-29', 47),
(61, '270.00', '2018-10-29', 48),
(64, '80.00', '2018-10-29', 50),
(66, '250.00', '2018-10-29', 51),
(68, '160.00', '2018-10-29', 52),
(71, '75.00', '2018-10-29', 53),
(72, '200.00', '2018-10-29', 17),
(73, '60.00', '2018-10-29', 54),
(75, '200.00', '2018-10-29', 56),
(78, '30.00', '2018-10-29', 57),
(80, '40.00', '2018-10-29', 58),
(82, '50.00', '2018-10-29', 60),
(85, '90.00', '2018-10-29', 59),
(87, '130.00', '2018-10-29', 61),
(89, '90.00', '2018-10-29', 26),
(92, '530.00', '2018-10-29', 144),
(94, '200.00', '2018-10-29', 28),
(97, '190.00', '2018-10-29', 29),
(101, '150.00', '2018-10-29', 31),
(104, '100.00', '2018-10-29', 32),
(108, '100.00', '2018-10-29', 33),
(277, '170.00', '2018-10-29', 45),
(449, '280.00', '2018-10-29', 76),
(450, '280.00', '2018-10-29', 77),
(451, '280.00', '2018-10-29', 78),
(452, '190.00', '2018-10-29', 79),
(453, '160.00', '2018-10-29', 80),
(454, '240.00', '2018-10-29', 81),
(455, '200.00', '2018-10-29', 83),
(456, '240.00', '2018-10-29', 82),
(457, '190.00', '2018-10-29', 84),
(458, '190.00', '2018-10-29', 87),
(459, '220.00', '2018-10-29', 86),
(460, '190.00', '2018-10-29', 85),
(461, '280.00', '2018-10-29', 2),
(462, '218.00', '2018-10-29', 88),
(463, '208.00', '2018-10-29', 89),
(464, '168.00', '2018-10-29', 91),
(465, '168.00', '2018-10-29', 92),
(466, '178.00', '2018-10-29', 90),
(467, '168.00', '2018-10-29', 92),
(468, '355.00', '2018-10-29', 93),
(469, '355.00', '2018-10-29', 93),
(470, '900.00', '2018-10-29', 99),
(471, '427.00', '2018-10-29', 97),
(472, '427.00', '2018-10-29', 98),
(473, '254.00', '2018-10-29', 100),
(474, '245.00', '2018-10-29', 101),
(475, '236.00', '2018-10-29', 102),
(476, '236.00', '2018-10-29', 102),
(477, '236.00', '2018-10-29', 103),
(478, '462.00', '2018-10-29', 107),
(479, '462.00', '2018-10-29', 106),
(480, '462.00', '2018-10-29', 105),
(481, '727.00', '2018-10-29', 126),
(482, '727.00', '2018-10-29', 127),
(483, '427.00', '2018-10-29', 97),
(484, '418.00', '2018-10-29', 96),
(485, '1679.00', '2018-10-29', 108),
(486, '1679.00', '2018-10-29', 108),
(487, '1679.00', '2018-10-29', 109),
(488, '772.00', '2018-10-29', 112),
(489, '772.00', '2018-10-29', 113),
(490, '846.00', '2018-10-29', 114),
(491, '920.00', '2018-10-29', 115),
(492, '1037.00', '2018-10-29', 116),
(493, '850.00', '2018-10-29', 123),
(494, '850.00', '2018-10-29', 124),
(495, '850.00', '2018-10-29', 125),
(496, '1726.00', '2018-10-30', 118),
(497, '800.00', '2018-10-30', 119),
(498, '800.00', '2018-10-30', 120),
(499, '1726.00', '2018-10-30', 121),
(500, '800.00', '2018-10-30', 148),
(501, '770.00', '2018-10-30', 132),
(502, '770.00', '2018-10-30', 131),
(503, '1302.00', '2018-10-30', 117),
(504, '4.00', '2018-10-30', 150),
(505, '30.00', '2018-10-30', 151),
(506, '6.72', '2018-10-30', 152),
(507, '9.18', '2018-10-30', 153),
(508, '17.00', '2018-10-30', 154),
(509, '4.73', '2018-10-30', 155),
(510, '7.14', '2018-10-30', 156),
(511, '14.26', '2018-10-30', 157),
(512, '7.31', '2018-10-30', 158),
(513, '11.82', '2018-10-30', 159),
(514, '15.42', '2018-10-30', 160),
(515, '38.68', '2018-10-30', 161),
(516, '11.90', '2018-10-30', 162),
(517, '5.95', '2018-10-30', 163),
(518, '2.04', '2018-10-30', 164),
(519, '3.66', '2018-10-30', 165),
(520, '498.95', '2018-10-30', 166),
(521, '17.68', '2018-10-30', 170),
(522, '4.76', '2018-10-30', 195),
(523, '31.88', '2018-10-30', 171),
(524, '5.27', '2018-10-30', 172),
(525, '5.27', '2018-10-30', 172),
(526, '13.77', '2018-10-30', 167),
(527, '31.45', '2018-10-30', 174),
(528, '39.95', '2018-10-30', 175),
(529, '90.95', '2018-10-30', 176),
(530, '53.55', '2018-10-30', 196),
(531, '90.95', '2018-10-30', 197),
(532, '15.98', '2018-10-30', 209),
(533, '18.87', '2018-10-30', 200),
(534, '53.72', '2018-10-30', 199),
(535, '31.58', '2018-10-30', 198),
(536, '15.98', '2018-10-30', 207),
(537, '0.77', '2018-10-30', 201),
(538, '4.02', '2018-10-30', 202),
(539, '1.43', '2018-10-30', 203),
(540, '42.25', '2018-10-30', 204),
(541, '7.48', '2018-10-30', 205),
(542, '14.66', '2018-10-30', 206),
(543, '40.25', '2018-10-30', 211),
(544, '17.00', '2018-10-30', 212),
(545, '1.11', '2018-10-30', 213),
(546, '36.72', '2018-10-30', 214),
(547, '38.25', '2018-10-30', 215),
(548, '28.31', '2018-10-30', 216),
(549, '7.48', '2018-10-30', 217),
(550, '15.05', '2018-10-30', 218),
(551, '2.76', '2018-10-30', 219),
(552, '1.70', '2018-10-30', 220),
(553, '1.00', '2018-10-30', 221),
(554, '1.36', '2018-10-30', 222),
(555, '0.85', '2018-10-30', 223),
(556, '42.67', '2018-10-30', 224),
(557, '48.88', '2018-10-30', 226),
(558, '61.01', '2018-10-30', 225),
(559, '62.22', '2018-10-30', 225),
(560, '73.95', '2018-10-30', 227),
(561, '34.85', '2018-10-30', 230),
(562, '12.75', '2018-10-30', 231),
(563, '3.83', '2018-10-30', 232),
(564, '18.70', '2018-10-30', 233),
(565, '4.59', '2018-10-30', 229),
(566, '3.74', '2018-10-30', 228),
(567, '85.00', '2018-10-30', 234),
(568, '10.03', '2018-10-30', 235),
(569, '1.38', '2018-10-30', 236),
(570, '1.39', '2018-10-30', 236),
(571, '10.84', '2018-10-30', 237),
(572, '72.25', '2018-10-31', 177),
(573, '59.50', '2018-10-31', 178),
(574, '30.96', '2018-10-31', 179),
(575, '30.96', '2018-10-31', 180),
(576, '55.61', '2018-10-31', 181),
(577, '145.35', '2018-10-31', 182),
(578, '53.55', '2018-10-31', 183),
(579, '43.71', '2018-10-31', 184),
(580, '52.81', '2018-10-31', 185),
(581, '92.77', '2018-10-31', 186),
(582, '51.85', '2018-10-31', 334),
(583, '70.85', '2018-10-31', 187),
(584, '65.89', '2018-10-31', 189),
(585, '47.36', '2018-10-31', 190),
(586, '68.00', '2018-10-31', 194),
(587, '123.25', '2018-10-31', 238),
(588, '97.75', '2018-10-31', 239),
(589, '97.75', '2018-10-31', 240),
(590, '97.75', '2018-10-31', 241),
(591, '63.75', '2018-10-31', 243),
(592, '71.40', '2018-10-31', 242),
(593, '44.91', '2018-10-31', 244),
(594, '72.85', '2018-10-31', 245),
(595, '55.88', '2018-10-31', 246),
(596, '43.72', '2018-10-31', 247),
(597, '29.75', '2018-10-31', 248),
(598, '24.65', '2018-10-31', 249),
(599, '24.65', '2018-10-31', 249),
(600, '260.10', '2018-10-31', 250),
(601, '260.10', '2018-10-31', 250),
(602, '85.00', '2018-10-31', 251),
(603, '34.00', '2018-10-31', 252),
(604, '254.15', '2018-10-31', 254),
(605, '44.83', '2018-10-31', 255),
(606, '44.83', '2018-10-31', 255),
(607, '33.92', '2018-10-31', 256),
(608, '33.92', '2018-10-31', 256),
(609, '25.68', '2018-10-31', 257),
(610, '33.84', '2018-10-31', 258),
(611, '15.14', '2018-10-31', 259),
(612, '15.14', '2018-10-31', 259),
(613, '15.14', '2018-10-31', 259),
(614, '41.89', '2018-10-31', 260),
(615, '55.25', '2018-10-31', 262),
(616, '55.25', '2018-10-31', 262),
(617, '55.25', '2018-10-31', 262),
(618, '78.33', '2018-10-31', 263),
(619, '76.73', '2018-10-31', 263),
(620, '134.66', '2018-10-31', 264),
(621, '125.80', '2018-10-31', 265),
(622, '140.25', '2018-10-31', 266),
(623, '128.31', '2018-10-31', 267),
(624, '59.29', '2018-10-31', 268),
(625, '68.00', '2018-10-31', 269),
(626, '442.85', '2018-10-31', 191),
(627, '290.70', '2018-10-31', 192),
(628, '175.53', '2018-10-31', 193),
(629, '5.44', '2018-10-31', 290),
(630, '5.44', '2018-10-31', 290),
(631, '1.79', '2018-10-31', 291),
(632, '9.61', '2018-10-31', 289),
(633, '4.93', '2018-10-31', 287),
(634, '6.80', '2018-10-31', 286),
(635, '10.48', '2018-10-31', 295),
(636, '5.35', '2018-10-31', 296),
(637, '16.08', '2018-10-31', 298),
(638, '14.03', '2018-10-31', 297),
(639, '14.03', '2018-10-31', 297),
(640, '4.17', '2018-10-31', 283),
(641, '4.17', '2018-10-31', 283),
(642, '11.79', '2018-10-31', 285),
(643, '6.97', '2018-10-31', 284),
(644, '6.97', '2018-10-31', 284),
(645, '44.92', '2018-10-31', 282),
(646, '44.92', '2018-10-31', 282),
(647, '44.92', '2018-10-31', 281),
(648, '44.92', '2018-10-31', 281),
(649, '44.65', '2018-10-31', 279),
(650, '44.65', '2018-10-31', 279),
(651, '44.65', '2018-10-31', 280),
(652, '34.64', '2018-10-31', 273),
(653, '40.19', '2018-10-31', 274),
(654, '39.10', '2018-10-31', 275),
(655, '65.45', '2018-10-31', 276),
(656, '70.36', '2018-10-31', 277),
(657, '59.50', '2018-10-31', 299),
(658, '4.28', '2018-10-31', 300),
(659, '4.28', '2018-10-31', 300),
(660, '5.14', '2018-10-31', 302),
(661, '9.32', '2018-10-31', 303),
(662, '10.38', '2018-10-31', 304),
(663, '34.00', '2018-10-31', 306),
(664, '17.24', '2018-10-31', 307),
(665, '17.24', '2018-10-31', 307),
(666, '11.83', '2018-10-31', 308),
(667, '15.78', '2018-10-31', 309),
(668, '3.06', '2018-10-31', 288),
(669, '29.75', '2018-10-31', 301),
(670, '1.08', '2018-10-31', 353),
(671, '14.48', '2018-10-31', 315),
(672, '9.54', '2018-10-31', 314),
(673, '9.82', '2018-10-31', 314),
(674, '4.25', '2018-10-31', 499),
(675, '8.76', '2018-10-31', 317),
(676, '145.35', '2018-10-31', 182),
(677, '8.76', '2018-10-31', 388),
(678, '10.48', '2018-10-31', 387),
(679, '23.38', '2018-10-31', 389),
(680, '49.30', '2018-10-31', 384),
(681, '175.95', '2018-10-31', 379),
(682, '63.75', '2018-10-31', 382),
(683, '101.15', '2018-10-31', 386),
(684, '85.85', '2018-10-31', 383),
(685, '75.65', '2018-10-31', 381),
(686, '135.15', '2018-10-31', 385),
(687, '148.75', '2018-10-31', 377),
(688, '81.60', '2018-10-31', 380),
(689, '17.17', '2018-10-31', 371),
(690, '34.72', '2018-10-31', 373),
(691, '12.99', '2018-10-31', 372),
(692, '57.04', '2018-10-31', 375),
(693, '85.00', '2018-10-31', 500),
(694, '29.41', '2018-10-31', 338),
(695, '31.54', '2018-10-31', 374),
(696, '7.46', '2018-10-31', 368),
(697, '12.41', '2018-10-31', 369),
(698, '3.40', '2018-10-31', 367),
(699, '36.98', '2018-10-31', 365),
(700, '22.95', '2018-10-31', 364),
(701, '4.12', '2018-10-31', 362),
(702, '8.29', '2018-10-31', 363),
(703, '6.68', '2018-10-31', 361),
(704, '14.42', '2018-10-31', 359),
(705, '13.40', '2018-10-31', 360),
(706, '8.27', '2018-10-31', 358),
(707, '2.60', '2018-10-31', 357),
(708, '2.60', '2018-10-31', 357),
(709, '1.44', '2018-10-31', 356),
(710, '2.45', '2018-10-31', 350),
(711, '1.29', '2018-10-31', 349),
(712, '3.17', '2018-10-31', 355),
(713, '3.95', '2018-10-31', 354),
(714, '9.69', '2018-10-31', 348),
(715, '5.40', '2018-10-31', 347),
(716, '4.62', '2018-10-31', 345),
(717, '7.14', '2018-10-31', 351),
(718, '7.14', '2018-10-31', 351),
(719, '30.60', '2018-10-31', 340),
(720, '43.35', '2018-10-31', 342),
(721, '26.35', '2018-10-31', 339),
(722, '1.19', '2018-10-31', 344),
(723, '2.80', '2018-10-31', 343),
(724, '18.62', '2018-10-31', 337),
(725, '4.36', '2018-10-31', 336),
(726, '2.21', '2018-10-31', 335),
(727, '35.36', '2018-10-31', 334),
(728, '31.96', '2018-10-31', 333),
(729, '108.80', '2018-10-31', 332),
(730, '82.45', '2018-10-31', 331),
(731, '11.94', '2018-10-31', 316),
(732, '14.49', '2018-10-31', 305),
(733, '5.49', '2018-10-31', 318),
(734, '7.25', '2018-10-31', 319),
(735, '12.42', '2018-10-31', 311),
(736, '2.28', '2018-10-31', 312),
(737, '5.42', '2018-10-31', 310),
(738, '7.06', '2018-10-31', 319),
(739, '7.06', '2018-10-31', 320),
(740, '7.06', '2018-10-31', 330),
(741, '19.81', '2018-10-31', 323),
(742, '22.02', '2018-10-31', 321),
(743, '25.67', '2018-10-31', 322),
(744, '17.43', '2018-10-31', 325),
(745, '20.99', '2018-10-31', 324),
(746, '403.75', '2018-10-31', 326),
(747, '135.15', '2018-10-31', 329),
(748, '452.20', '2018-10-31', 328),
(749, '460.70', '2018-10-31', 328),
(750, '34.00', '2018-11-01', 400),
(751, '12.92', '2018-11-01', 401),
(752, '13.34', '2018-11-01', 403),
(753, '20.83', '2018-11-01', 405),
(754, '15.30', '2018-11-01', 406),
(755, '31.45', '2018-11-01', 404),
(756, '20.40', '2018-11-01', 411),
(757, '12.50', '2018-11-01', 402),
(758, '10.68', '2018-11-01', 580),
(759, '15.30', '2018-11-01', 581),
(760, '93.50', '2018-11-01', 417),
(761, '18.70', '2018-11-01', 407),
(762, '15.13', '2018-11-01', 418),
(763, '18.79', '2018-11-01', 419),
(764, '11.05', '2018-11-01', 420),
(765, '11.05', '2018-11-01', 420),
(766, '26.14', '2018-11-01', 421),
(767, '15.30', '2018-11-01', 422),
(768, '22.28', '2018-11-01', 396),
(769, '22.28', '2018-11-01', 396),
(770, '21.88', '2018-11-01', 394),
(771, '23.80', '2018-11-01', 397),
(772, '25.50', '2018-11-01', 390),
(773, '8.50', '2018-11-01', 393),
(774, '31.03', '2018-11-01', 391),
(775, '20.49', '2018-11-01', 392),
(776, '11.73', '2018-11-01', 398),
(777, '19.55', '2018-11-01', 399),
(778, '5.53', '2018-11-01', 423),
(779, '5.53', '2018-11-01', 424),
(780, '5.61', '2018-11-01', 425),
(781, '18.19', '2018-11-01', 427),
(782, '17.85', '2018-11-01', 428),
(783, '14.20', '2018-11-01', 429),
(784, '12.33', '2018-11-01', 430),
(785, '42.50', '2018-11-01', 431),
(786, '34.00', '2018-11-01', 432),
(787, '25.50', '2018-11-01', 433),
(788, '13.34', '2018-11-01', 434),
(789, '8.58', '2018-11-01', 435),
(790, '12.07', '2018-11-01', 441),
(791, '16.24', '2018-11-01', 442),
(792, '9.35', '2018-11-01', 440),
(793, '13.77', '2018-11-01', 437),
(794, '13.77', '2018-11-01', 438),
(795, '18.19', '2018-11-01', 439),
(796, '9.56', '2018-11-01', 443),
(797, '10.34', '2018-11-01', 443),
(798, '6.28', '2018-11-01', 444),
(799, '13.51', '2018-11-01', 445),
(800, '13.51', '2018-11-01', 445),
(801, '9.69', '2018-11-01', 446),
(802, '14.45', '2018-11-01', 447),
(803, '14.45', '2018-11-01', 447),
(804, '24.40', '2018-11-01', 451),
(805, '4.89', '2018-11-01', 448),
(806, '1.74', '2018-11-01', 449),
(807, '376.34', '2018-11-01', 450),
(808, '170.00', '2018-11-01', 452),
(809, '7.93', '2018-11-01', 453),
(810, '12.75', '2018-11-01', 454),
(811, '459.00', '2018-11-01', 455),
(812, '113.05', '2018-11-01', 501),
(813, '215.05', '2018-11-01', 502),
(814, '87.55', '2018-11-01', 503),
(815, '154.70', '2018-11-01', 505),
(816, '80.75', '2018-11-01', 504),
(817, '2.47', '2018-11-01', 506),
(818, '56.10', '2018-11-01', 507),
(819, '34.00', '2018-11-01', 508),
(820, '7.48', '2018-11-01', 509),
(821, '5.10', '2018-11-01', 512),
(822, '3.06', '2018-11-01', 510),
(823, '3.06', '2018-11-01', 511),
(824, '3.91', '2018-11-01', 513),
(825, '5.35', '2018-11-01', 514),
(826, '2.27', '2018-11-01', 515),
(827, '123.25', '2018-11-01', 520),
(828, '731.00', '2018-11-01', 526),
(829, '5.61', '2018-11-01', 516),
(830, '21.25', '2018-11-01', 527),
(831, '4.25', '2018-11-01', 525),
(832, '5.10', '2018-11-01', 521),
(833, '5.44', '2018-11-01', 524),
(834, '4.25', '2018-11-01', 523),
(835, '2.64', '2018-11-01', 522),
(836, '3.03', '2018-11-01', 518),
(837, '4.73', '2018-11-01', 517),
(838, '6.01', '2018-11-01', 519),
(839, '85.00', '2018-11-01', 579),
(840, '18.70', '2018-11-01', 578),
(841, '26.35', '2018-11-01', 577),
(842, '14.45', '2018-11-01', 574),
(843, '13.60', '2018-11-01', 575),
(844, '10.20', '2018-11-01', 576),
(845, '12.29', '2018-11-01', 593),
(846, '12.75', '2018-11-01', 597),
(847, '16.69', '2018-11-01', 595),
(848, '18.19', '2018-11-01', 596),
(849, '5.44', '2018-11-01', 592),
(850, '34.00', '2018-11-01', 496),
(851, '1.46', '2018-11-01', 495),
(852, '1.61', '2018-11-01', 497),
(853, '1.61', '2018-11-01', 497),
(854, '0.96', '2018-11-01', 498),
(855, '0.96', '2018-11-01', 498),
(856, '41.57', '2018-11-01', 485),
(857, '21.25', '2018-11-01', 492),
(858, '1.05', '2018-11-01', 494),
(859, '28.73', '2018-11-01', 487),
(860, '32.21', '2018-11-01', 487),
(861, '49.57', '2018-11-01', 490),
(862, '48.28', '2018-11-01', 491),
(863, '44.29', '2018-11-01', 488),
(864, '1.36', '2018-11-01', 483),
(865, '1.41', '2018-11-01', 483),
(866, '1.70', '2018-11-01', 484),
(867, '1.70', '2018-11-01', 484),
(868, '15.30', '2018-11-01', 482),
(869, '26.35', '2018-11-01', 480),
(870, '26.35', '2018-11-01', 480),
(871, '6.66', '2018-11-01', 477),
(872, '19.83', '2018-11-01', 479),
(873, '13.18', '2018-11-01', 478),
(874, '15.73', '2018-11-01', 475),
(875, '15.73', '2018-11-01', 475),
(876, '13.52', '2018-11-01', 476),
(877, '12.24', '2018-11-01', 476),
(878, '3.23', '2018-11-01', 473),
(879, '3.23', '2018-11-01', 473),
(880, '3.23', '2018-11-01', 473),
(881, '24.99', '2018-11-01', 474),
(882, '24.99', '2018-11-01', 474),
(883, '11.77', '2018-11-01', 472),
(884, '11.77', '2018-11-01', 472),
(885, '6.12', '2018-11-01', 471),
(886, '6.12', '2018-11-01', 471),
(887, '18.19', '2018-11-01', 469),
(888, '18.19', '2018-11-01', 469),
(889, '33.41', '2018-11-01', 468),
(890, '1.43', '2018-11-01', 470),
(891, '1.43', '2018-11-01', 470),
(892, '15.05', '2018-11-01', 467),
(893, '15.05', '2018-11-01', 467),
(894, '23.04', '2018-11-01', 465),
(895, '30.60', '2018-11-01', 464),
(896, '110.50', '2018-11-01', 463),
(897, '153.48', '2018-11-01', 462),
(898, '165.75', '2018-11-01', 461),
(899, '8.50', '2018-11-01', 460),
(900, '6.59', '2018-11-01', 459),
(901, '9.09', '2018-11-01', 457),
(902, '11.05', '2018-11-01', 458),
(903, '468.96', '2018-11-01', 456),
(904, '18.70', '2018-11-01', 561),
(905, '7.79', '2018-11-01', 562),
(906, '2.65', '2018-11-01', 558),
(907, '15.36', '2018-11-01', 556),
(908, '11.53', '2018-11-01', 557),
(909, '7.77', '2018-11-01', 554),
(910, '12.44', '2018-11-01', 555),
(911, '12.44', '2018-11-01', 555),
(912, '13.05', '2018-11-01', 551),
(913, '5.02', '2018-11-01', 553),
(914, '6.80', '2018-11-01', 569),
(915, '9.35', '2018-11-01', 570),
(916, '3.26', '2018-11-01', 598),
(917, '11.05', '2018-11-01', 567),
(918, '8.67', '2018-11-01', 568),
(919, '16.69', '2018-11-01', 563),
(920, '13.81', '2018-11-01', 565),
(921, '7.96', '2018-11-01', 564),
(922, '16.15', '2018-11-01', 559),
(923, '11.90', '2018-11-01', 560),
(924, '15.30', '2018-11-01', 561),
(925, '25.16', '2018-11-01', 599),
(926, '8.93', '2018-11-01', 552),
(927, '28.81', '2018-11-01', 550),
(928, '28.31', '2018-11-01', 549),
(929, '38.93', '2018-11-01', 548),
(930, '4.17', '2018-11-01', 546),
(931, '5.81', '2018-11-01', 547),
(932, '4.68', '2018-11-01', 543),
(933, '8.50', '2018-11-01', 544),
(934, '8.50', '2018-11-01', 544),
(935, '12.75', '2018-11-01', 545),
(936, '5.78', '2018-11-01', 542),
(937, '8.74', '2018-11-01', 541),
(938, '15.17', '2018-11-01', 540),
(939, '8.50', '2018-11-01', 539),
(940, '4.68', '2018-11-01', 537),
(941, '6.85', '2018-11-01', 536),
(942, '10.20', '2018-11-01', 538),
(943, '4.25', '2018-11-01', 535),
(944, '7.65', '2018-11-01', 534),
(945, '7.65', '2018-11-01', 534),
(946, '3.57', '2018-11-01', 533),
(947, '2.72', '2018-11-01', 532),
(948, '25.50', '2018-11-01', 530),
(949, '9.78', '2018-11-01', 531),
(950, '16.15', '2018-11-01', 529),
(951, '45.90', '2018-11-01', 601),
(952, '212.50', '2018-11-01', 602),
(953, '238.00', '2018-11-01', 603),
(954, '74.80', '2018-11-01', 604),
(955, '27.11', '2018-11-01', 606),
(956, '103.70', '2018-11-01', 607),
(957, '112.20', '2018-11-01', 607),
(958, '38.25', '2018-11-01', 608),
(959, '45.90', '2018-11-01', 609),
(960, '102.00', '2018-11-01', 610),
(961, '34.00', '2018-11-01', 611),
(962, '143.65', '2018-11-01', 612),
(963, '187.00', '2018-11-01', 613),
(964, '34.00', '2018-11-01', 614),
(965, '187.00', '2018-11-01', 613),
(966, '46.75', '2018-11-01', 615),
(967, '30.60', '2018-11-01', 617),
(968, '46.75', '2018-11-01', 616),
(969, '107.95', '2018-11-01', 619),
(970, '68.00', '2018-11-01', 620),
(971, '63.75', '2018-11-01', 621),
(972, '31.45', '2018-11-01', 622),
(973, '65.45', '2018-11-01', 618),
(974, '69.70', '2018-11-01', 623),
(975, '29.75', '2018-11-01', 626),
(976, '30.60', '2018-11-01', 627),
(977, '43.35', '2018-11-01', 628),
(978, '55.25', '2018-11-01', 629),
(979, '68.00', '2018-11-01', 630),
(980, '79.05', '2018-11-01', 631),
(981, '51.00', '2018-11-01', 632),
(982, '56.95', '2018-11-01', 633),
(983, '141.95', '2018-11-01', 271),
(984, '144.50', '2018-11-01', 272),
(985, '142.80', '2018-11-01', 270),
(986, '6.80', '2018-11-01', 286),
(987, '118.15', '2018-11-02', 691),
(988, '22.95', '2018-11-02', 364),
(989, '18.58', '2018-11-02', 366),
(990, '18.64', '2018-11-02', 337),
(991, '58.25', '2018-11-02', 690),
(992, '55.06', '2018-11-02', 692),
(993, '17.30', '2018-11-02', 676),
(994, '4.53', '2018-11-02', 677),
(995, '6.94', '2018-11-02', 678),
(996, '59.50', '2018-11-02', 683),
(997, '7.86', '2018-11-02', 686),
(998, '7.86', '2018-11-02', 685),
(999, '14.96', '2018-11-02', 682),
(1000, '10.37', '2018-11-02', 681),
(1001, '19.38', '2018-11-02', 684),
(1002, '9.48', '2018-11-02', 680),
(1003, '4.25', '2018-11-02', 679),
(1004, '17.85', '2018-11-02', 687),
(1005, '9.59', '2018-11-02', 688),
(1006, '3.64', '2018-11-02', 689),
(1007, '76.74', '2018-11-02', 634),
(1008, '0.56', '2018-11-02', 635),
(1009, '1.13', '2018-11-02', 636),
(1010, '11.73', '2018-11-02', 641),
(1011, '17.99', '2018-11-02', 639),
(1012, '23.21', '2018-11-02', 640),
(1013, '9.18', '2018-11-02', 637),
(1014, '4.85', '2018-11-02', 642),
(1015, '13.34', '2018-11-02', 643),
(1016, '28.73', '2018-11-02', 644),
(1017, '11.05', '2018-11-02', 646),
(1018, '21.25', '2018-11-02', 645),
(1019, '11.05', '2018-11-02', 646),
(1020, '7.99', '2018-11-02', 648),
(1021, '39.61', '2018-11-02', 650),
(1022, '39.61', '2018-11-02', 650),
(1023, '3.61', '2018-11-02', 649),
(1024, '9.78', '2018-11-02', 651),
(1025, '28.73', '2018-11-02', 644),
(1026, '3.40', '2018-11-02', 647),
(1027, '1.95', '2018-11-02', 653),
(1028, '4.55', '2018-11-02', 654),
(1029, '2.14', '2018-11-02', 655),
(1030, '4.01', '2018-11-02', 658),
(1031, '16.49', '2018-11-02', 657),
(1032, '16.49', '2018-11-02', 657),
(1033, '9.20', '2018-11-02', 656),
(1034, '39.44', '2018-11-02', 650),
(1035, '13.94', '2018-11-02', 659),
(1036, '11.26', '2018-11-02', 664),
(1037, '2.35', '2018-11-02', 663),
(1038, '10.97', '2018-11-02', 665),
(1039, '15.73', '2018-11-02', 661),
(1040, '11.53', '2018-11-02', 660),
(1041, '11.53', '2018-11-02', 660),
(1042, '2.89', '2018-11-02', 662),
(1043, '4.76', '2018-11-02', 667),
(1044, '2.58', '2018-11-02', 668),
(1045, '1.22', '2018-11-02', 669),
(1046, '2.18', '2018-11-02', 670),
(1047, '1.36', '2018-11-02', 671),
(1048, '0.78', '2018-11-02', 672),
(1049, '2.14', '2018-11-02', 673),
(1050, '5.78', '2018-11-02', 675),
(1051, '1.81', '2018-11-02', 674),
(1052, '20.03', '2018-11-02', 693),
(1053, '83.00', '2018-11-02', 694),
(1054, '7.23', '2018-11-02', 715),
(1055, '4.25', '2018-11-02', 716),
(1056, '0.96', '2018-11-02', 717),
(1057, '0.96', '2018-11-02', 717),
(1058, '4.76', '2018-11-02', 718),
(1059, '4.85', '2018-11-02', 718),
(1060, '8.08', '2018-11-02', 719),
(1061, '7.82', '2018-11-02', 720),
(1062, '7.82', '2018-11-02', 720),
(1063, '1.25', '2018-11-02', 734),
(1064, '11.22', '2018-11-02', 737),
(1065, '11.33', '2018-11-02', 723),
(1066, '3.77', '2018-11-02', 730),
(1067, '21.25', '2018-11-02', 735),
(1068, '18.06', '2018-11-02', 729),
(1069, '9.65', '2018-11-02', 728),
(1070, '4.39', '2018-11-02', 725),
(1071, '2.13', '2018-11-02', 724),
(1072, '9.48', '2018-11-02', 727),
(1073, '6.89', '2018-11-02', 726),
(1074, '5.35', '2018-11-02', 721),
(1075, '593.30', '2018-11-02', 736),
(1076, '6.15', '2018-11-02', 731),
(1077, '4.75', '2018-11-02', 733),
(1078, '4.75', '2018-11-02', 733),
(1079, '2.30', '2018-11-02', 741),
(1080, '2.73', '2018-11-02', 751),
(1081, '451.05', '2018-11-02', 745),
(1082, '15.75', '2018-11-02', 742),
(1083, '16.08', '2018-11-02', 743),
(1084, '16.08', '2018-11-02', 743),
(1085, '24.65', '2018-11-02', 738),
(1086, '33.15', '2018-11-02', 750),
(1087, '18.11', '2018-11-02', 740),
(1088, '27.20', '2018-11-02', 739),
(1089, '27.63', '2018-11-02', 747),
(1090, '29.75', '2018-11-02', 747),
(1091, '25.42', '2018-11-02', 746),
(1092, '25.50', '2018-11-02', 748),
(1093, '55.93', '2018-11-02', 749),
(1094, '25.19', '2018-11-02', 744),
(1095, '26.10', '2018-11-02', 705),
(1096, '16.06', '2018-11-02', 706),
(1097, '15.30', '2018-11-02', 706),
(1098, '21.25', '2018-11-02', 707),
(1099, '10.03', '2018-11-02', 714),
(1100, '18.79', '2018-11-02', 710),
(1101, '12.75', '2018-11-02', 711),
(1102, '20.40', '2018-11-02', 709),
(1103, '20.23', '2018-11-02', 703),
(1104, '20.83', '2018-11-02', 704),
(1105, '18.28', '2018-11-02', 708),
(1106, '12.54', '2018-11-02', 713),
(1107, '13.60', '2018-11-02', 712),
(1108, '19.29', '2018-11-02', 701),
(1109, '32.54', '2018-11-02', 702),
(1110, '16.58', '2018-11-02', 755),
(1111, '11.83', '2018-11-02', 754),
(1112, '20.03', '2018-11-02', 756),
(1113, '4.25', '2018-11-02', 753),
(1114, '7.23', '2018-11-02', 752),
(1115, '10.68', '2018-11-02', 758),
(1116, '17.85', '2018-11-02', 759),
(1117, '6.80', '2018-11-02', 700),
(1118, '7.23', '2018-11-02', 699),
(1119, '6.80', '2018-11-02', 700),
(1120, '18.02', '2018-11-02', 695),
(1121, '18.09', '2018-11-02', 696),
(1122, '25.50', '2018-11-02', 697),
(1123, '19.13', '2018-11-02', 698),
(1124, '19.55', '2018-11-02', 409),
(1125, '20.40', '2018-11-02', 411),
(1126, '15.30', '2018-11-02', 413),
(1127, '22.10', '2018-11-02', 414),
(1128, '25.50', '2018-11-02', 412),
(1129, '14.45', '2018-11-02', 766),
(1130, '26.35', '2018-11-02', 767),
(1131, '6.63', '2018-11-02', 768),
(1132, '15.56', '2018-11-02', 762),
(1133, '3.32', '2018-11-02', 763),
(1134, '16.49', '2018-11-02', 765),
(1135, '16.49', '2018-11-02', 765),
(1136, '4.25', '2018-11-02', 769),
(1137, '6.04', '2018-11-02', 771),
(1138, '4.93', '2018-11-02', 760),
(1139, '5.10', '2018-11-02', 760),
(1140, '6.46', '2018-11-02', 761),
(1141, '12.75', '2018-11-02', 772),
(1142, '0.94', '2018-11-02', 773),
(1143, '0.94', '2018-11-02', 773),
(1144, '1.24', '2018-11-02', 770),
(1145, '16.43', '2018-11-02', 791),
(1146, '30.60', '2018-11-02', 793),
(1147, '18.70', '2018-11-02', 792),
(1148, '18.70', '2018-11-02', 792),
(1149, '13.60', '2018-11-02', 795),
(1150, '22.10', '2018-11-02', 794),
(1151, '13.43', '2018-11-02', 800),
(1152, '14.99', '2018-11-02', 798),
(1153, '11.14', '2018-11-02', 797),
(1154, '17.94', '2018-11-02', 799),
(1155, '3.32', '2018-11-02', 796),
(1156, '8.50', '2018-11-02', 784),
(1157, '17.85', '2018-11-02', 788),
(1158, '11.73', '2018-11-02', 787),
(1159, '14.96', '2018-11-02', 786),
(1160, '16.06', '2018-11-02', 781),
(1161, '27.97', '2018-11-02', 785),
(1162, '17.00', '2018-11-02', 783),
(1163, '17.00', '2018-11-02', 783),
(1164, '12.07', '2018-11-02', 782),
(1165, '12.75', '2018-11-02', 789),
(1166, '19.55', '2018-11-02', 778),
(1167, '19.55', '2018-11-02', 778),
(1168, '19.55', '2018-11-02', 778),
(1169, '19.55', '2018-11-02', 778),
(1170, '20.40', '2018-11-02', 779),
(1171, '23.80', '2018-11-02', 777),
(1172, '23.80', '2018-11-02', 777),
(1173, '23.80', '2018-11-02', 776),
(1174, '30.60', '2018-11-02', 775),
(1175, '10.12', '2018-11-02', 774),
(1176, '123.25', '2018-11-02', 801),
(1177, '178.50', '2018-11-02', 802),
(1178, '51.00', '2018-11-02', 803),
(1179, '127.50', '2018-11-02', 804),
(1180, '148.75', '2018-11-02', 805),
(1181, '2040.85', '2018-11-02', 806),
(1182, '204.00', '2018-11-02', 807),
(1183, '12.75', '2018-11-02', 808),
(1184, '12.75', '2018-11-02', 810),
(1185, '11.61', '2018-11-02', 809),
(1186, '7.57', '2018-11-02', 811),
(1187, '12.75', '2018-11-02', 812),
(1188, '4.25', '2018-11-02', 813),
(1189, '8.50', '2018-11-02', 814),
(1190, '95.63', '2018-11-02', 815),
(1191, '13.43', '2018-11-02', 816),
(1192, '10.63', '2018-11-02', 817),
(1193, '5.53', '2018-11-02', 818),
(1194, '5.64', '2018-11-02', 818),
(1195, '5.53', '2018-11-02', 818),
(1196, '6.96', '2018-11-02', 819),
(1197, '123.25', '2018-11-02', 820),
(1198, '123.25', '2018-11-02', 821),
(1199, '123.25', '2018-11-02', 822),
(1200, '8.19', '2018-11-02', 824),
(1201, '8.19', '2018-11-02', 824),
(1202, '14.99', '2018-11-02', 826),
(1203, '9.35', '2018-11-02', 825),
(1204, '16.83', '2018-11-02', 827),
(1205, '12.50', '2018-11-03', 402),
(1206, '13.34', '2018-11-03', 403),
(1207, '13.52', '2018-11-03', 493),
(1208, '21.25', '2018-11-03', 492),
(1209, '30.60', '2018-11-03', 464),
(1210, '25.00', '2018-11-03', 828),
(1211, '112.00', '2018-11-03', 829),
(1212, '51.00', '2018-11-03', 830),
(1213, '12.75', '2018-11-03', 764),
(1214, '10.32', '2018-11-03', 831),
(1215, '20.40', '2018-11-03', 779),
(1216, '23.80', '2018-11-03', 776),
(1217, '30.60', '2018-11-03', 775),
(1218, '65.45', '2018-11-03', 618),
(1219, '17.00', '2018-11-03', 791),
(1220, '19.83', '2018-11-03', 832),
(1221, '20.27', '2018-11-03', 703),
(1222, '21.97', '2018-11-03', 707),
(1223, '10.13', '2018-11-03', 774),
(1224, '277.10', '2018-11-03', 327),
(1225, '8.30', '2018-11-03', 358),
(1226, '56.95', '2018-11-03', 376),
(1227, '31.54', '2018-11-03', 374),
(1228, '29.41', '2018-11-03', 338),
(1229, '30.60', '2018-11-03', 301),
(1230, '11.94', '2018-11-03', 316),
(1231, '101.15', '2018-11-03', 386),
(1232, '1037.00', '2018-11-03', 116),
(1233, '308.00', '2018-11-03', 833),
(1234, '186.00', '2018-11-03', 90),
(1235, '370.00', '2018-11-03', 95),
(1236, '73.10', '2018-11-03', 245),
(1237, '155.41', '2018-11-03', 577),
(1238, '112.79', '2018-11-03', 578),
(1239, '30.37', '2018-11-03', 617),
(1240, '3.92', '2018-11-03', 513),
(1241, '5.78', '2018-11-03', 675),
(1242, '22.10', '2018-11-03', 978),
(1243, '34.00', '2018-11-03', 252),
(1244, '3.74', '2018-11-03', 979),
(1245, '255.00', '2018-11-03', 977),
(1246, '3.62', '2018-11-03', 976),
(1247, '44.20', '2018-11-03', 980),
(1248, '178.50', '2018-11-03', 66),
(1249, '3.27', '2018-11-03', 886),
(1250, '3.27', '2018-11-03', 886),
(1251, '2.13', '2018-11-03', 877),
(1252, '2.13', '2018-11-03', 877),
(1253, '17.85', '2018-11-03', 880),
(1254, '4.93', '2018-11-03', 888),
(1255, '21.34', '2018-11-03', 883),
(1256, '12.24', '2018-11-03', 884),
(1257, '21.42', '2018-11-03', 881),
(1258, '13.34', '2018-11-03', 876),
(1259, '16.06', '2018-11-03', 885),
(1260, '25.88', '2018-11-03', 882),
(1261, '18.02', '2018-11-03', 878),
(1262, '10.71', '2018-11-03', 879),
(1263, '5.78', '2018-11-03', 889),
(1264, '15.73', '2018-11-03', 890),
(1265, '13.52', '2018-11-03', 892),
(1266, '10.63', '2018-11-03', 891),
(1267, '14.54', '2018-11-03', 895),
(1268, '18.79', '2018-11-03', 896),
(1269, '19.38', '2018-11-03', 896),
(1270, '11.48', '2018-11-03', 897),
(1271, '11.65', '2018-11-03', 898),
(1272, '11.65', '2018-11-03', 898),
(1273, '55.25', '2018-11-03', 899),
(1274, '66.98', '2018-11-03', 901),
(1275, '15.64', '2018-11-03', 893),
(1276, '8.67', '2018-11-03', 894),
(1277, '8.67', '2018-11-03', 894),
(1278, '16.39', '2018-11-03', 908),
(1279, '26.10', '2018-11-03', 910),
(1280, '15.90', '2018-11-03', 909),
(1281, '19.98', '2018-11-03', 906),
(1282, '18.70', '2018-11-03', 907),
(1283, '36.55', '2018-11-03', 902),
(1284, '19.21', '2018-11-03', 903),
(1285, '6.55', '2018-11-03', 904),
(1286, '6.55', '2018-11-03', 904),
(1287, '11.05', '2018-11-03', 905),
(1288, '11.05', '2018-11-03', 905),
(1289, '173.40', '2018-11-03', 846),
(1290, '55.93', '2018-11-03', 835),
(1291, '63.75', '2018-11-03', 836),
(1292, '57.80', '2018-11-03', 838),
(1293, '34.85', '2018-11-03', 863),
(1294, '50.07', '2018-11-03', 858),
(1295, '62.43', '2018-11-03', 840),
(1296, '44.88', '2018-11-03', 841),
(1297, '41.65', '2018-11-03', 844),
(1298, '2.89', '2018-11-03', 842),
(1299, '12.33', '2018-11-03', 845),
(1300, '14.71', '2018-11-03', 846),
(1301, '10.63', '2018-11-03', 849),
(1302, '12.44', '2018-11-03', 848),
(1303, '7.46', '2018-11-03', 847),
(1304, '2.82', '2018-11-03', 850),
(1305, '2.84', '2018-11-03', 851),
(1306, '6.97', '2018-11-03', 852),
(1307, '11.59', '2018-11-03', 853),
(1308, '23.21', '2018-11-03', 854),
(1309, '7.44', '2018-11-03', 855),
(1310, '4.30', '2018-11-03', 856),
(1311, '5.70', '2018-11-03', 860),
(1312, '3.83', '2018-11-03', 861),
(1313, '2.32', '2018-11-03', 858),
(1314, '4.00', '2018-11-03', 857),
(1315, '4.12', '2018-11-03', 859),
(1316, '4.16', '2018-11-03', 859),
(1317, '10.63', '2018-11-03', 862),
(1318, '3.57', '2018-11-03', 863),
(1319, '141.95', '2018-11-03', 864),
(1320, '4.81', '2018-11-03', 865),
(1321, '6.16', '2018-11-03', 868),
(1322, '6.12', '2018-11-03', 867),
(1323, '40.80', '2018-11-03', 869),
(1324, '29.58', '2018-11-03', 870),
(1325, '13.31', '2018-11-03', 871),
(1326, '13.43', '2018-11-03', 872),
(1327, '14.28', '2018-11-03', 873),
(1328, '7.23', '2018-11-03', 875),
(1329, '120.70', '2018-11-03', 932),
(1330, '119.00', '2018-11-03', 932),
(1331, '183.60', '2018-11-03', 933),
(1332, '205.70', '2018-11-03', 934),
(1333, '205.70', '2018-11-03', 934),
(1334, '1.84', '2018-11-03', 942),
(1335, '1.95', '2018-11-03', 943),
(1336, '51.00', '2018-11-03', 1009),
(1337, '3.91', '2018-11-03', 941),
(1338, '18.28', '2018-11-03', 939),
(1339, '26.18', '2018-11-03', 938),
(1340, '17.64', '2018-11-03', 875),
(1341, '8.93', '2018-11-03', 874),
(1342, '8.93', '2018-11-03', 874),
(1343, '12.75', '2018-11-03', 946),
(1344, '6.50', '2018-11-03', 945),
(1345, '6.50', '2018-11-03', 945),
(1346, '2.80', '2018-11-03', 949),
(1347, '2.72', '2018-11-03', 949),
(1348, '9.35', '2018-11-03', 947),
(1349, '7.17', '2018-11-03', 947),
(1350, '3.03', '2018-11-03', 948),
(1351, '3.03', '2018-11-03', 948),
(1352, '4.76', '2018-11-03', 957),
(1353, '4.68', '2018-11-03', 957),
(1354, '8.71', '2018-11-03', 951),
(1355, '8.80', '2018-11-03', 956),
(1356, '8.80', '2018-11-03', 956),
(1357, '8.80', '2018-11-03', 956),
(1358, '4.93', '2018-11-03', 955),
(1359, '6.29', '2018-11-03', 960),
(1360, '6.29', '2018-11-03', 960),
(1361, '9.56', '2018-11-03', 961),
(1362, '9.56', '2018-11-03', 961),
(1363, '165.75', '2018-11-03', 950),
(1364, '453.05', '2018-11-03', 953),
(1365, '9.43', '2018-11-03', 952),
(1366, '7.52', '2018-11-03', 954),
(1367, '90.95', '2018-11-03', 962),
(1368, '266.90', '2018-11-03', 1010),
(1369, '25.16', '2018-11-03', 964),
(1370, '44.20', '2018-11-03', 963),
(1371, '44.20', '2018-11-03', 963),
(1372, '34.47', '2018-11-03', 967),
(1373, '21.08', '2018-11-03', 966),
(1374, '136.85', '2018-11-03', 972),
(1375, '12.92', '2018-11-03', 968),
(1376, '466.65', '2018-11-03', 971),
(1377, '135.80', '2018-11-03', 969),
(1378, '135.80', '2018-11-03', 969),
(1379, '154.70', '2018-11-03', 970),
(1380, '4.55', '2018-11-03', 973),
(1381, '5.37', '2018-11-03', 974),
(1382, '8.19', '2018-11-03', 975),
(1383, '12.75', '2018-11-03', 982),
(1384, '6.67', '2018-11-03', 981),
(1385, '26.41', '2018-11-03', 983),
(1386, '44.74', '2018-11-03', 987),
(1387, '18.92', '2018-11-03', 986),
(1388, '12.14', '2018-11-03', 984),
(1389, '91.49', '2018-11-03', 985),
(1390, '5.95', '2018-11-03', 995),
(1391, '5.95', '2018-11-03', 994),
(1392, '5.95', '2018-11-03', 996),
(1393, '10.99', '2018-11-03', 997),
(1394, '22.74', '2018-11-03', 1000),
(1395, '8.08', '2018-11-03', 998),
(1396, '375.70', '2018-11-03', 991),
(1397, '16.66', '2018-11-03', 992),
(1398, '44.96', '2018-11-03', 1001),
(1399, '10.14', '2018-11-03', 1002),
(1400, '56.27', '2018-11-03', 1003),
(1401, '32.60', '2018-11-03', 1004),
(1402, '32.90', '2018-11-03', 993),
(1403, '19.83', '2018-11-03', 1005),
(1404, '19.83', '2018-11-03', 1005),
(1405, '12.75', '2018-11-03', 988),
(1406, '9.52', '2018-11-03', 989),
(1407, '9.52', '2018-11-03', 990),
(1408, '59.50', '2018-11-03', 1006),
(1409, '134.30', '2018-11-03', 1007),
(1410, '47.36', '2018-11-03', 911),
(1411, '70.13', '2018-11-03', 912),
(1412, '43.35', '2018-11-03', 913),
(1413, '153.85', '2018-11-03', 914),
(1414, '181.90', '2018-11-03', 915),
(1415, '69.70', '2018-11-03', 920),
(1416, '76.50', '2018-11-03', 919),
(1417, '72.68', '2018-11-03', 918),
(1418, '27.20', '2018-11-03', 916),
(1419, '35.70', '2018-11-03', 917),
(1420, '4.53', '2018-11-03', 931),
(1421, '12.58', '2018-11-03', 927),
(1422, '8.76', '2018-11-03', 926),
(1423, '4.25', '2018-11-03', 930),
(1424, '4.36', '2018-11-03', 925),
(1425, '0.94', '2018-11-03', 929),
(1426, '2.47', '2018-11-03', 921),
(1427, '7.40', '2018-11-03', 922),
(1428, '5.30', '2018-11-03', 924),
(1429, '5.30', '2018-11-03', 924),
(1430, '3.87', '2018-11-03', 923),
(1431, '11.35', '2018-11-03', 1011),
(1432, '6.83', '2018-11-03', 999),
(1433, '104.55', '2018-11-03', 1012),
(1434, '170.00', '2018-11-03', 1013),
(1435, '76.50', '2018-11-03', 1014),
(1436, '68.00', '2018-11-03', 1015),
(1437, '68.00', '2018-11-03', 1015),
(1438, '59.50', '2018-11-03', 1016),
(1439, '59.50', '2018-11-03', 1018),
(1440, '76.50', '2018-11-03', 1017),
(1441, '182.75', '2018-11-03', 1019),
(1442, '55.25', '2018-11-03', 1020),
(1443, '233.75', '2018-11-03', 1021),
(1444, '159.80', '2018-11-03', 1022),
(1445, '144.50', '2018-11-03', 1023),
(1446, '3.28', '2018-11-03', 1024),
(1447, '7.93', '2018-11-03', 1025),
(1448, '7.93', '2018-11-03', 1025),
(1449, '0.60', '2018-11-03', 1026),
(1450, '2.80', '2018-11-03', 1027),
(1451, '213.35', '2018-11-03', 1028),
(1452, '459.85', '2018-11-03', 1029),
(1453, '21.68', '2018-11-04', 1063),
(1454, '6.80', '2018-11-04', 1070),
(1455, '3.40', '2018-11-04', 1069),
(1456, '14.45', '2018-11-04', 1071),
(1457, '25.50', '2018-11-04', 1074),
(1458, '14.79', '2018-11-04', 1079),
(1459, '22.10', '2018-11-04', 1050),
(1460, '14.26', '2018-11-04', 1045),
(1461, '13.77', '2018-11-04', 1057),
(1462, '11.82', '2018-11-04', 1134),
(1463, '22.64', '2018-11-04', 1052),
(1464, '19.13', '2018-11-04', 1058),
(1465, '15.90', '2018-11-04', 1062),
(1466, '15.90', '2018-11-04', 1061),
(1467, '13.81', '2018-11-04', 1056),
(1468, '3.69', '2018-11-04', 1049),
(1469, '9.27', '2018-11-04', 1078),
(1470, '14.36', '2018-11-04', 1077),
(1471, '17.00', '2018-11-04', 1068),
(1472, '25.50', '2018-11-04', 1067),
(1473, '8.58', '2018-11-04', 1076),
(1474, '32.13', '2018-11-04', 1040),
(1475, '11.56', '2018-11-04', 1044),
(1476, '11.05', '2018-11-04', 1032),
(1477, '24.06', '2018-11-04', 1055),
(1478, '21.42', '2018-11-04', 1060),
(1479, '14.62', '2018-11-04', 1065),
(1480, '7.40', '2018-11-04', 1135),
(1481, '11.22', '2018-11-04', 1136),
(1482, '18.53', '2018-11-04', 1066),
(1483, '1.11', '2018-11-04', 1032),
(1484, '1.36', '2018-11-04', 1031),
(1485, '13.01', '2018-11-04', 1033),
(1486, '308.55', '2018-11-04', 1034),
(1487, '90.95', '2018-11-04', 1035),
(1488, '8.76', '2018-11-04', 1064),
(1489, '3.66', '2018-11-04', 1048),
(1490, '3.66', '2018-11-04', 1048),
(1491, '6.38', '2018-11-04', 1137),
(1492, '10.63', '2018-11-04', 1038),
(1493, '4.51', '2018-11-04', 1036),
(1494, '26.61', '2018-11-04', 1075),
(1495, '17.17', '2018-11-04', 1094),
(1496, '13.18', '2018-11-04', 1082),
(1497, '24.31', '2018-11-04', 1083),
(1498, '6.89', '2018-11-04', 1123),
(1499, '27.12', '2018-11-04', 1091),
(1500, '3.27', '2018-11-04', 1138),
(1501, '63.75', '2018-11-04', 1090),
(1502, '14.20', '2018-11-04', 1133),
(1503, '8.76', '2018-11-04', 1088),
(1504, '7.23', '2018-11-04', 1118),
(1505, '11.90', '2018-11-04', 1120),
(1506, '11.90', '2018-11-04', 1120),
(1507, '5.10', '2018-11-04', 1128),
(1508, '13.34', '2018-11-04', 1086),
(1509, '4.76', '2018-11-04', 1124),
(1510, '4.25', '2018-11-04', 1129),
(1511, '10.88', '2018-11-04', 1126),
(1512, '5.10', '2018-11-04', 1122),
(1513, '15.73', '2018-11-04', 1127),
(1514, '13.66', '2018-11-04', 1105),
(1515, '10.29', '2018-11-04', 1084),
(1516, '8.84', '2018-11-04', 1125),
(1517, '5.65', '2018-11-04', 1121),
(1518, '4.68', '2018-11-04', 1110),
(1519, '4.68', '2018-11-04', 1110),
(1520, '4.68', '2018-11-04', 1132),
(1521, '140.25', '2018-11-04', 1089),
(1522, '5.78', '2018-11-04', 1109),
(1523, '4.85', '2018-11-04', 1111),
(1524, '5.10', '2018-11-04', 1113),
(1525, '5.10', '2018-11-04', 1113),
(1526, '9.63', '2018-11-04', 1114),
(1527, '9.35', '2018-11-04', 1114),
(1528, '4.51', '2018-11-04', 1115),
(1529, '14.88', '2018-11-04', 1116),
(1530, '15.73', '2018-11-04', 1100),
(1531, '10.88', '2018-11-04', 1098),
(1532, '10.88', '2018-11-04', 1098),
(1533, '15.30', '2018-11-04', 1099),
(1534, '15.13', '2018-11-04', 1099),
(1535, '13.26', '2018-11-04', 1104),
(1536, '16.15', '2018-11-04', 1102),
(1537, '10.50', '2018-11-04', 1172),
(1538, '18.57', '2018-11-04', 1173),
(1539, '41.06', '2018-11-04', 1174),
(1540, '15.30', '2018-11-04', 1175),
(1541, '16.92', '2018-11-04', 1186),
(1542, '19.29', '2018-11-04', 1178),
(1543, '12.92', '2018-11-04', 1182),
(1544, '11.56', '2018-11-04', 1183),
(1545, '19.38', '2018-11-04', 1177),
(1546, '14.71', '2018-11-04', 1176),
(1547, '14.88', '2018-11-04', 1187),
(1548, '14.88', '2018-11-04', 1187),
(1549, '28.05', '2018-11-04', 1188),
(1550, '36.13', '2018-11-04', 1189),
(1551, '32.73', '2018-11-04', 1192),
(1552, '10.54', '2018-11-04', 1190),
(1553, '10.54', '2018-11-04', 1190),
(1554, '10.54', '2018-11-04', 1190),
(1555, '17.60', '2018-11-04', 1191),
(1556, '6.07', '2018-11-04', 1193),
(1557, '6.07', '2018-11-04', 1193),
(1558, '10.12', '2018-11-04', 1200),
(1559, '33.15', '2018-11-04', 1194),
(1560, '24.65', '2018-11-04', 1195),
(1561, '4.34', '2018-11-04', 1196),
(1562, '17.00', '2018-11-04', 1199),
(1563, '7.40', '2018-11-04', 1197),
(1564, '7.40', '2018-11-04', 1197),
(1565, '11.48', '2018-11-04', 1198),
(1566, '11.48', '2018-11-04', 1198),
(1567, '11.48', '2018-11-04', 1198),
(1568, '7.99', '2018-11-04', 1139),
(1569, '7.99', '2018-11-04', 1139),
(1570, '11.14', '2018-11-04', 1143),
(1571, '22.87', '2018-11-04', 1144),
(1572, '70.55', '2018-11-04', 1145),
(1573, '13.60', '2018-11-04', 1142),
(1574, '11.69', '2018-11-04', 1141),
(1575, '16.06', '2018-11-04', 1147),
(1576, '11.69', '2018-11-04', 1141),
(1577, '9.35', '2018-11-04', 1148),
(1578, '15.30', '2018-11-04', 1149),
(1579, '28.01', '2018-11-04', 1150),
(1580, '20.83', '2018-11-04', 1152),
(1581, '20.83', '2018-11-04', 1152),
(1582, '14.14', '2018-11-04', 1151),
(1583, '17.00', '2018-11-04', 1154),
(1584, '33.15', '2018-11-04', 1155),
(1585, '16.74', '2018-11-04', 1156),
(1586, '16.15', '2018-11-04', 1158),
(1587, '8.67', '2018-11-04', 1157),
(1588, '8.67', '2018-11-04', 1157),
(1589, '338.30', '2018-11-04', 1159),
(1590, '36.98', '2018-11-04', 1161),
(1591, '21.25', '2018-11-04', 1160),
(1592, '39.10', '2018-11-04', 1162),
(1593, '8.84', '2018-11-04', 1165),
(1594, '8.84', '2018-11-04', 1165),
(1595, '59.16', '2018-11-04', 1167),
(1596, '25.50', '2018-11-04', 1168),
(1597, '55.93', '2018-11-04', 1169),
(1598, '76.50', '2018-11-04', 1205),
(1599, '22.10', '2018-11-04', 1201),
(1600, '22.10', '2018-11-04', 1202),
(1601, '22.10', '2018-11-04', 1203),
(1602, '20.40', '2018-11-04', 1215),
(1603, '20.83', '2018-11-04', 1181),
(1604, '22.53', '2018-11-04', 1204),
(1605, '46.75', '2018-11-04', 1206),
(1606, '11.90', '2018-11-04', 1207),
(1607, '33.15', '2018-11-04', 1208),
(1608, '16.58', '2018-11-04', 1211),
(1609, '22.10', '2018-11-04', 1212),
(1610, '20.27', '2018-11-04', 1180),
(1611, '19.04', '2018-11-04', 1213),
(1612, '34.00', '2018-11-04', 1214),
(1613, '14.24', '2018-11-04', 1238),
(1614, '22.36', '2018-11-04', 1239),
(1615, '11.69', '2018-11-04', 1240),
(1616, '11.69', '2018-11-04', 1240),
(1617, '18.70', '2018-11-04', 1210),
(1618, '22.95', '2018-11-04', 1209),
(1619, '12.75', '2018-11-04', 1241),
(1620, '8.58', '2018-11-04', 1242),
(1621, '8.76', '2018-11-04', 1243),
(1622, '13.60', '2018-11-04', 1244),
(1623, '24.23', '2018-11-04', 1245),
(1624, '24.23', '2018-11-04', 1245),
(1625, '11.05', '2018-11-04', 1246),
(1626, '17.00', '2018-11-04', 1247),
(1627, '15.73', '2018-11-04', 1247),
(1628, '17.00', '2018-11-04', 1248),
(1629, '14.03', '2018-11-04', 1184),
(1630, '4.39', '2018-11-04', 1250),
(1631, '7.23', '2018-11-04', 1257),
(1632, '17.85', '2018-11-04', 1258),
(1633, '9.69', '2018-11-04', 1249),
(1634, '4.25', '2018-11-04', 1250),
(1635, '6.89', '2018-11-04', 1251),
(1636, '6.21', '2018-11-04', 1252),
(1637, '19.13', '2018-11-04', 1260),
(1638, '24.65', '2018-11-04', 1262),
(1639, '14.45', '2018-11-04', 1259),
(1640, '22.70', '2018-11-04', 1261),
(1641, '10.63', '2018-11-04', 1253),
(1642, '20.23', '2018-11-04', 1254),
(1643, '13.52', '2018-11-04', 1255),
(1644, '18.45', '2018-11-04', 1256),
(1645, '237.15', '2018-11-04', 1216),
(1646, '108.38', '2018-11-04', 1217),
(1647, '140.25', '2018-11-04', 1218),
(1648, '77.35', '2018-11-04', 1219),
(1649, '79.05', '2018-11-04', 1221),
(1650, '192.95', '2018-11-04', 1222),
(1651, '337.45', '2018-11-04', 1223),
(1652, '117.30', '2018-11-04', 1263),
(1653, '50.86', '2018-11-04', 1224),
(1654, '87.55', '2018-11-04', 1264),
(1655, '943.50', '2018-11-04', 1225),
(1656, '90.10', '2018-11-04', 1226),
(1657, '10.82', '2018-11-04', 1228),
(1658, '314.50', '2018-11-04', 1227),
(1659, '318.75', '2018-11-04', 1229),
(1660, '5.10', '2018-11-04', 1230),
(1661, '10.80', '2018-11-04', 1232),
(1662, '5.19', '2018-11-04', 1233),
(1663, '3.28', '2018-11-04', 1234),
(1664, '9.18', '2018-11-04', 1231),
(1665, '16.24', '2018-11-04', 1235),
(1666, '18.82', '2018-11-04', 1236),
(1667, '4.19', '2018-11-04', 1220),
(1668, '11.01', '2018-11-04', 1237),
(1669, '2.42', '2018-11-05', 944),
(1670, '35.53', '2018-11-05', 1166),
(1671, '19.06', '2018-11-05', 1213),
(1672, '13.53', '2018-11-05', 1255),
(1673, '18.70', '2018-11-05', 1256),
(1674, '32.73', '2018-11-05', 1192),
(1675, '19.36', '2018-11-05', 1178),
(1676, '20.27', '2018-11-05', 1180),
(1677, '6.38', '2018-11-05', 1257),
(1678, '14.15', '2018-11-05', 1184),
(1679, '4.34', '2018-11-05', 1196),
(1680, '21.55', '2018-11-05', 1153),
(1681, '19.13', '2018-11-05', 1260),
(1682, '6.94', '2018-11-05', 1251),
(1683, '5.37', '2018-11-05', 974),
(1684, '8.19', '2018-11-05', 975),
(1685, '11.38', '2018-11-05', 1011),
(1686, '12.75', '2018-11-05', 982),
(1687, '459.00', '2018-11-05', 1265),
(1688, '11.78', '2018-11-05', 1266),
(1689, '3.03', '2018-11-05', 1267),
(1690, '7.28', '2018-11-05', 1268),
(1691, '26.06', '2018-11-05', 1269),
(1692, '7.44', '2018-11-05', 1270),
(1693, '49.56', '2018-11-05', 1271),
(1694, '8.58', '2018-11-05', 1272),
(1695, '17.43', '2018-11-05', 1273),
(1696, '5.44', '2018-11-05', 1274),
(1697, '44.63', '2018-11-05', 1275),
(1698, '26.86', '2018-11-05', 1276),
(1699, '36.91', '2018-11-05', 1278),
(1700, '34.17', '2018-11-05', 1277),
(1701, '20.40', '2018-11-05', 1280),
(1702, '34.00', '2018-11-05', 1279),
(1703, '12.96', '2018-11-05', 1281),
(1704, '51.85', '2018-11-05', 1283),
(1705, '57.80', '2018-11-05', 1282),
(1706, '148.75', '2018-11-05', 1284),
(1707, '39.95', '2018-11-05', 1285),
(1708, '79.05', '2018-11-05', 1286),
(1709, '140.25', '2018-11-05', 1287),
(1710, '178.50', '2018-11-05', 1288),
(1711, '1022.55', '2018-11-05', 1289),
(1712, '40.25', '2018-11-05', 1290),
(1713, '3.40', '2018-11-05', 1291),
(1714, '6.29', '2018-11-05', 1292),
(1715, '140.25', '2018-11-05', 1092),
(1716, '216.75', '2018-11-05', 1093),
(1717, '127.50', '2018-11-05', 1293),
(1718, '52.70', '2018-11-05', 1294),
(1719, '39.95', '2018-11-05', 1295),
(1720, '49.30', '2018-11-05', 1296),
(1721, '42.50', '2018-11-05', 1297),
(1722, '44.20', '2018-11-05', 1298),
(1723, '56.10', '2018-11-05', 181),
(1724, '52.70', '2018-11-05', 185),
(1725, '148.75', '2018-11-05', 377),
(1726, '25.67', '2018-11-05', 322),
(1727, '9.78', '2018-11-05', 314),
(1728, '5.14', '2018-11-05', 302),
(1729, '12.96', '2018-11-05', 1281),
(1730, '80.00', '2018-11-05', 1300),
(1731, '80.00', '2018-11-05', 1299),
(1732, '8.00', '2018-11-05', 1301),
(1733, '8.00', '2018-11-05', 1302),
(1734, '36.55', '2018-11-05', 1331),
(1735, '44.20', '2018-11-05', 1332),
(1736, '153.00', '2018-11-05', 1333),
(1737, '126.23', '2018-11-05', 1334),
(1738, '39.10', '2018-11-05', 1335),
(1739, '64.60', '2018-11-05', 1336),
(1740, '26.35', '2018-11-05', 1337),
(1741, '26.35', '2018-11-05', 1338),
(1742, '136.00', '2018-11-05', 1170),
(1743, '77.35', '2018-11-05', 1339),
(1744, '369.75', '2018-11-05', 1164),
(1745, '94.35', '2018-11-05', 1163),
(1746, '42.03', '2018-11-05', 1340),
(1747, '216.75', '2018-11-05', 1171),
(1748, '52.49', '2018-11-05', 1342),
(1749, '44.88', '2018-11-05', 1341),
(1750, '73.92', '2018-11-05', 227),
(1751, '4.04', '2018-11-05', 1343),
(1752, '30.05', '2018-11-05', 1344),
(1753, '45.05', '2018-11-05', 1345),
(1754, '555.05', '2018-11-05', 1345),
(1755, '43.71', '2018-11-05', 1346),
(1756, '40.80', '2018-11-05', 1346),
(1757, '140.25', '2018-11-05', 1303),
(1758, '225.25', '2018-11-05', 1304),
(1759, '306.00', '2018-11-05', 1305),
(1760, '212.50', '2018-11-05', 1306),
(1761, '212.50', '2018-11-05', 1307),
(1763, '58.65', '2018-11-05', 1309),
(1764, '58.65', '2018-11-05', 1309),
(1765, '34.00', '2018-11-05', 1311),
(1766, '58.65', '2018-11-05', 1312),
(1767, '61.20', '2018-11-05', 1310),
(1768, '45.53', '2018-11-05', 1313),
(1769, '46.34', '2018-11-05', 1314),
(1770, '38.25', '2018-11-05', 1315),
(1771, '27.63', '2018-11-05', 1316),
(1772, '80.00', '2018-11-05', 1317),
(1773, '100.00', '2018-11-05', 1318),
(1774, '54.40', '2018-11-05', 1319),
(1775, '66.30', '2018-11-05', 1320),
(1776, '263.50', '2018-11-05', 1321),
(1777, '63.75', '2018-11-05', 1322),
(1778, '246.50', '2018-11-05', 1323),
(1779, '215.05', '2018-11-05', 1324),
(1780, '19.55', '2018-11-05', 1325),
(1781, '25.87', '2018-11-05', 1326),
(1782, '148.75', '2018-11-05', 1327),
(1783, '71.40', '2018-11-05', 1328),
(1784, '102.00', '2018-11-05', 1308),
(1785, '3.50', '2018-11-05', 1347),
(1786, '68.00', '2018-11-05', 1330),
(1787, '25.50', '2018-11-06', 412),
(1788, '8.79', '2018-11-06', 481),
(1789, '15.87', '2018-11-06', 482),
(1790, '19.55', '2018-11-06', 409),
(1791, '12.92', '2018-11-06', 401),
(1792, '25.50', '2018-11-06', 433),
(1793, '6.66', '2018-11-06', 477),
(1794, '19.89', '2018-11-06', 479),
(1795, '911.00', '2018-11-06', 115),
(1796, '17.43', '2018-11-06', 325),
(1797, '4.36', '2018-11-06', 336),
(1798, '86.70', '2018-11-06', 383),
(1799, '140.25', '2018-11-06', 1287),
(1800, '25.50', '2018-11-06', 1067),
(1801, '82.45', '2018-11-06', 1348),
(1802, '14.88', '2018-11-06', 1116),
(1803, '19.13', '2018-11-06', 1106),
(1804, '14.24', '2018-11-06', 1133),
(1805, '10.97', '2018-11-06', 1126),
(1806, '17.93', '2018-11-06', 1350),
(1807, '13.18', '2018-11-06', 1082),
(1808, '24.31', '2018-11-06', 1083),
(1809, '3.49', '2018-11-06', 1131),
(1810, '9.35', '2018-11-06', 1349),
(1811, '24.06', '2018-11-06', 1055),
(1812, '38.25', '2018-11-06', 1451),
(1813, '25.93', '2018-11-06', 1447),
(1814, '259.25', '2018-11-06', 1452),
(1815, '408.00', '2018-11-06', 1465),
(1816, '408.00', '2018-11-06', 1453),
(1817, '16.58', '2018-11-06', 1448),
(1818, '9.95', '2018-11-06', 1461),
(1819, '10.88', '2018-11-06', 1463),
(1820, '18.19', '2018-11-06', 1464),
(1821, '12.67', '2018-11-06', 1462),
(1822, '480.25', '2018-11-06', 1449),
(1823, '267.75', '2018-11-06', 1450),
(1824, '12.44', '2018-11-06', 1457),
(1825, '12.35', '2018-11-06', 1458),
(1826, '20.03', '2018-11-06', 1455),
(1827, '20.57', '2018-11-06', 1456),
(1828, '12.16', '2018-11-06', 1444),
(1829, '20.57', '2018-11-06', 1456),
(1830, '4.87', '2018-11-06', 1459),
(1831, '25.50', '2018-11-06', 1454),
(1832, '18.18', '2018-11-06', 1460),
(1833, '5.82', '2018-11-06', 1466),
(1834, '6.21', '2018-11-06', 1445),
(1835, '5.27', '2018-11-06', 1445),
(1836, '11.21', '2018-11-06', 1446),
(1837, '4.25', '2018-11-06', 1443),
(1838, '2.98', '2018-11-06', 1442),
(1839, '182.75', '2018-11-06', 1474),
(1840, '56.43', '2018-11-06', 1473),
(1841, '208.25', '2018-11-06', 1471),
(1842, '208.25', '2018-11-06', 1472),
(1843, '183.60', '2018-11-06', 1470),
(1844, '148.75', '2018-11-06', 1469),
(1845, '157.25', '2018-11-06', 1468),
(1846, '165.75', '2018-11-06', 1467),
(1847, '41.65', '2018-11-06', 1369),
(1848, '25.50', '2018-11-06', 1365),
(1849, '26.14', '2018-11-06', 1365),
(1850, '29.75', '2018-11-06', 1368),
(1851, '29.75', '2018-11-06', 1366),
(1852, '29.75', '2018-11-06', 1366),
(1853, '51.00', '2018-11-06', 1363),
(1854, '34.00', '2018-11-06', 1367),
(1855, '32.73', '2018-11-06', 1362),
(1856, '216.75', '2018-11-06', 1361),
(1857, '216.75', '2018-11-06', 1364),
(1858, '42.50', '2018-11-06', 1360),
(1859, '204.00', '2018-11-06', 1359),
(1860, '39.95', '2018-11-06', 1356);
INSERT INTO `purchase_price_history` (`id`, `price`, `date`, `fk_inventory_id`) VALUES
(1861, '34.63', '2018-11-06', 1358),
(1862, '45.05', '2018-11-06', 1355),
(1863, '21.25', '2018-11-06', 1357),
(1864, '34.00', '2018-11-06', 1353),
(1865, '28.90', '2018-11-06', 1353),
(1866, '38.25', '2018-11-06', 1354),
(1867, '51.00', '2018-11-06', 1351),
(1868, '42.50', '2018-11-06', 1352),
(1869, '42.50', '2018-11-06', 1352),
(1870, '23.97', '2018-11-06', 1507),
(1871, '13.60', '2018-11-06', 1393),
(1872, '13.94', '2018-11-06', 1394),
(1873, '13.94', '2018-11-06', 1394),
(1874, '20.03', '2018-11-06', 1396),
(1875, '11.73', '2018-11-06', 1401),
(1876, '13.96', '2018-11-06', 1402),
(1877, '29.41', '2018-11-06', 1371),
(1878, '20.57', '2018-11-06', 1372),
(1879, '22.74', '2018-11-06', 1390),
(1880, '32.73', '2018-11-06', 1389),
(1881, '17.00', '2018-11-06', 1377),
(1882, '18.02', '2018-11-06', 1377),
(1883, '19.67', '2018-11-06', 1378),
(1884, '11.17', '2018-11-06', 1376),
(1885, '20.91', '2018-11-06', 1375),
(1886, '10.37', '2018-11-06', 1374),
(1887, '8.93', '2018-11-06', 1383),
(1888, '18.45', '2018-11-06', 1384),
(1889, '33.15', '2018-11-06', 1380),
(1890, '22.95', '2018-11-06', 1381),
(1891, '18.19', '2018-11-06', 1382),
(1892, '6.97', '2018-11-06', 1422),
(1893, '7.06', '2018-11-06', 1422),
(1894, '14.45', '2018-11-06', 1421),
(1895, '94.35', '2018-11-06', 1430),
(1896, '12.92', '2018-11-06', 1387),
(1897, '25.75', '2018-11-06', 1423),
(1898, '25.75', '2018-11-06', 1423),
(1899, '11.81', '2018-11-06', 1424),
(1900, '16.66', '2018-11-06', 1425),
(1901, '57.12', '2018-11-06', 1432),
(1902, '26.95', '2018-11-06', 1431),
(1903, '5.87', '2018-11-06', 1428),
(1904, '7.31', '2018-11-06', 1429),
(1905, '12.75', '2018-11-06', 1388),
(1906, '122.40', '2018-11-06', 1505),
(1907, '93.50', '2018-11-06', 1503),
(1908, '60.35', '2018-11-06', 1504),
(1909, '105.40', '2018-11-06', 1497),
(1910, '60.35', '2018-11-06', 1496),
(1911, '130.90', '2018-11-06', 1500),
(1912, '199.75', '2018-11-06', 1499),
(1913, '131.75', '2018-11-06', 1498),
(1914, '146.20', '2018-11-06', 1489),
(1915, '48.45', '2018-11-06', 1490),
(1916, '17.31', '2018-11-06', 1492),
(1917, '15.30', '2018-11-06', 1491),
(1918, '4.08', '2018-11-06', 1493),
(1919, '14.45', '2018-11-06', 1495),
(1920, '7.05', '2018-11-06', 1494),
(1921, '2.26', '2018-11-06', 1506),
(1922, '25.50', '2018-11-06', 1486),
(1923, '11.76', '2018-11-06', 1484),
(1924, '17.57', '2018-11-06', 1485),
(1925, '10.20', '2018-11-06', 1487),
(1926, '227.80', '2018-11-06', 1501),
(1927, '10.63', '2018-11-06', 1488),
(1928, '12.75', '2018-11-06', 1480),
(1929, '21.25', '2018-11-06', 1481),
(1930, '16.15', '2018-11-06', 1482),
(1931, '10.20', '2018-11-06', 1483),
(1932, '12.75', '2018-11-06', 1479),
(1933, '59.50', '2018-11-06', 1478),
(1934, '289.00', '2018-11-06', 1502),
(1935, '7.23', '2018-11-06', 1477),
(1936, '4.88', '2018-11-06', 1475),
(1937, '6.80', '2018-11-06', 1476),
(1938, '16.15', '2018-11-06', 1434),
(1939, '10.63', '2018-11-06', 1414),
(1940, '23.38', '2018-11-06', 1417),
(1941, '9.78', '2018-11-06', 1411),
(1942, '22.61', '2018-11-06', 1413),
(1943, '14.11', '2018-11-06', 1410),
(1944, '10.63', '2018-11-06', 1409),
(1945, '17.00', '2018-11-06', 1508),
(1946, '11.05', '2018-11-06', 1418),
(1947, '5.95', '2018-11-06', 1419),
(1948, '11.81', '2018-11-06', 1407),
(1949, '6.80', '2018-11-06', 1406),
(1950, '13.34', '2018-11-06', 1408),
(1951, '13.34', '2018-11-06', 1408),
(1952, '15.13', '2018-11-06', 1509),
(1953, '158.60', '2018-11-06', 1379),
(1954, '36.98', '2018-11-06', 1398),
(1955, '22.53', '2018-11-06', 1397),
(1956, '12.41', '2018-11-06', 1370),
(1957, '9.78', '2018-11-06', 1386),
(1958, '15.00', '2018-11-06', 1385),
(1959, '11.22', '2018-11-06', 1373),
(1960, '6.97', '2018-11-06', 1405),
(1961, '6.80', '2018-11-06', 1420),
(1962, '12.92', '2018-11-06', 1399),
(1963, '19.38', '2018-11-06', 1391),
(1964, '14.45', '2018-11-06', 1392),
(1965, '14.03', '2018-11-06', 1438),
(1966, '21.00', '2018-11-06', 1439),
(1967, '19.98', '2018-11-06', 1427),
(1968, '6.63', '2018-11-06', 1426),
(1969, '19.55', '2018-11-06', 1404),
(1970, '29.75', '2018-11-06', 1403),
(1971, '17.00', '2018-11-06', 1435),
(1972, '9.01', '2018-11-06', 1433),
(1973, '9.01', '2018-11-06', 1433),
(1974, '16.15', '2018-11-06', 1434),
(1975, '8.50', '2018-11-06', 1436),
(1976, '14.75', '2018-11-06', 1176),
(1977, '19.67', '2018-11-06', 1378),
(1978, '22.57', '2018-11-07', 928),
(1979, '26.35', '2018-11-07', 1510),
(1980, '22.10', '2018-11-07', 1511),
(1981, '5.32', '2018-11-07', 924),
(1982, '10.46', '2018-11-07', 887),
(1983, '6.38', '2018-11-07', 1512),
(1984, '15.79', '2018-11-07', 890),
(1985, '18.02', '2018-11-07', 878),
(1986, '26.11', '2018-11-07', 910),
(1987, '21.98', '2018-11-07', 909),
(1988, '16.40', '2018-11-07', 908),
(1989, '4.53', '2018-11-07', 931),
(1990, '153.85', '2018-11-07', 914),
(1991, '44.90', '2018-11-07', 282),
(1992, '1771.40', '2018-11-07', 937),
(1993, '13.60', '2018-11-07', 1244),
(1994, '13.54', '2018-11-07', 1255),
(1995, '6.26', '2018-11-07', 1513),
(1996, '27.45', '2018-11-07', 1179),
(1997, '20.28', '2018-11-07', 1180),
(1998, '14.15', '2018-11-07', 1184),
(1999, '7.23', '2018-11-07', 1197),
(2000, '21.68', '2018-11-07', 1261),
(2001, '147.05', '2018-11-07', 1514),
(2002, '12.75', '2018-11-07', 808),
(2003, '11.00', '2018-11-07', 794),
(2004, '0.94', '2018-11-07', 773),
(2005, '26.35', '2018-11-07', 767),
(2006, '23.80', '2018-11-07', 776),
(2007, '63.00', '2018-11-07', 620),
(2008, '15.81', '2018-11-07', 1516),
(2009, '4.73', '2018-11-07', 155),
(2010, '15.73', '2018-11-07', 160),
(2011, '4.85', '2018-11-07', 1517),
(2012, '17.85', '2018-11-07', 212),
(2013, '15.13', '2018-11-07', 218),
(2014, '7.48', '2018-11-07', 217),
(2015, '41.65', '2018-11-07', 260),
(2016, '2.91', '2018-11-07', 219),
(2017, '48.45', '2018-11-07', 261),
(2018, '19.34', '2018-11-07', 1519),
(2019, '23.80', '2018-11-07', 1518),
(2020, '7.48', '2018-11-07', 509),
(2021, '2.15', '2018-11-07', 655),
(2022, '140.25', '2018-11-07', 1520),
(2023, '36.00', '2018-11-07', 1521),
(2024, '16.70', '2018-11-07', 595),
(2025, '34.00', '2018-11-07', 252),
(2026, '3.65', '2018-11-07', 689),
(2027, '4.76', '2018-11-07', 667),
(2028, '44.20', '2018-11-07', 980),
(2029, '51.00', '2018-11-07', 1558),
(2030, '9.35', '2018-11-07', 1553),
(2031, '13.60', '2018-11-07', 1554),
(2032, '25.50', '2018-11-07', 1552),
(2033, '8.50', '2018-11-07', 1551),
(2034, '27.32', '2018-11-07', 1555),
(2035, '23.80', '2018-11-07', 1556),
(2036, '12.15', '2018-11-07', 1557),
(2037, '246.50', '2018-11-07', 1559),
(2038, '226.10', '2018-11-07', 1560),
(2039, '9.35', '2018-11-07', 1530),
(2040, '30.60', '2018-11-07', 1533),
(2041, '5.95', '2018-11-07', 1532),
(2042, '4.87', '2018-11-07', 1531),
(2043, '4.87', '2018-11-07', 1534),
(2044, '17.28', '2018-11-07', 1528),
(2045, '19.55', '2018-11-07', 1526),
(2046, '28.05', '2018-11-07', 1525),
(2047, '17.29', '2018-11-07', 1305),
(2048, '11.68', '2018-11-07', 1529),
(2049, '4.97', '2018-11-07', 1527),
(2050, '21.25', '2018-11-07', 1524),
(2051, '18.70', '2018-11-07', 1522),
(2052, '9.13', '2018-11-07', 1536),
(2053, '5.73', '2018-11-07', 1535),
(2054, '17.00', '2018-11-07', 1537),
(2055, '7.09', '2018-11-07', 1538),
(2056, '15.58', '2018-11-07', 1539),
(2057, '19.89', '2018-11-07', 1540),
(2058, '67.86', '2018-11-07', 1543),
(2059, '32.58', '2018-11-07', 1541),
(2060, '38.25', '2018-11-07', 1542),
(2061, '26.35', '2018-11-07', 1545),
(2062, '7.44', '2018-11-07', 1548),
(2063, '12.01', '2018-11-07', 1550),
(2064, '7.23', '2018-11-07', 1549),
(2065, '11.90', '2018-11-07', 1544),
(2066, '27.93', '2018-11-07', 1547),
(2067, '10.93', '2018-11-07', 1546),
(2068, '7.05', '2018-11-07', 1563),
(2069, '8.46', '2018-11-07', 1569),
(2070, '3.54', '2018-11-07', 1562),
(2071, '15.30', '2018-11-07', 1561),
(2072, '11.99', '2018-11-07', 1565),
(2073, '7.23', '2018-11-07', 1564),
(2074, '255.00', '2018-11-07', 1573),
(2075, '12.75', '2018-11-07', 1568),
(2076, '55.25', '2018-11-07', 1566),
(2077, '6.16', '2018-11-07', 1571),
(2078, '5.10', '2018-11-07', 1570),
(2079, '5.61', '2018-11-07', 1567),
(2080, '80.75', '2018-11-07', 1604),
(2081, '14.45', '2018-11-07', 1579),
(2082, '8.67', '2018-11-07', 1578),
(2083, '19.55', '2018-11-07', 1583),
(2084, '19.55', '2018-11-07', 1581),
(2085, '10.20', '2018-11-07', 1580),
(2086, '21.41', '2018-11-07', 1577),
(2087, '21.42', '2018-11-07', 1576),
(2088, '9.78', '2018-11-07', 1593),
(2089, '15.73', '2018-11-07', 1590),
(2090, '23.04', '2018-11-07', 1597),
(2091, '7.65', '2018-11-07', 1587),
(2092, '13.34', '2018-11-07', 1586),
(2093, '10.70', '2018-11-07', 1592),
(2094, '5.74', '2018-11-07', 1588),
(2095, '12.75', '2018-11-07', 1591),
(2096, '15.05', '2018-11-07', 1594),
(2097, '13.34', '2018-11-07', 1598),
(2098, '14.88', '2018-11-07', 1602),
(2099, '6.12', '2018-11-07', 1605),
(2100, '37.83', '2018-11-07', 1595),
(2101, '20.40', '2018-11-07', 1585),
(2102, '7.23', '2018-11-07', 1584),
(2103, '7.23', '2018-11-07', 1584),
(2104, '1.83', '2018-11-07', 1599),
(2105, '148.75', '2018-11-07', 1602),
(2106, '55.25', '2018-11-07', 1596),
(2107, '144.50', '2018-11-07', 1603),
(2108, '148.75', '2018-11-07', 1601),
(2109, '170.00', '2018-11-07', 1600),
(2110, '109.65', '2018-11-07', 1621),
(2111, '3.47', '2018-11-07', 1609),
(2112, '11.87', '2018-11-07', 1610),
(2113, '3.52', '2018-11-07', 1607),
(2114, '1.70', '2018-11-07', 1613),
(2115, '19.55', '2018-11-07', 1606),
(2116, '6.26', '2018-11-07', 1626),
(2117, '12.27', '2018-11-07', 1627),
(2118, '2.67', '2018-11-07', 1608),
(2119, '14.88', '2018-11-07', 1611),
(2120, '15.73', '2018-11-07', 1611),
(2121, '20.05', '2018-11-07', 1612),
(2122, '1.44', '2018-11-07', 1608),
(2123, '55.25', '2018-11-07', 1619),
(2124, '39.95', '2018-11-07', 1617),
(2125, '552.50', '2018-11-07', 1625),
(2126, '42.50', '2018-11-07', 1622),
(2127, '204.00', '2018-11-07', 1616),
(2128, '110.50', '2018-11-07', 1615),
(2129, '22.10', '2018-11-07', 1624),
(2130, '65.45', '2018-11-07', 1622),
(2131, '45.90', '2018-11-07', 1623),
(2132, '46.75', '2018-11-07', 1620),
(2133, '57.80', '2018-11-07', 1618),
(2134, '3.50', '2018-11-07', 1131),
(2135, '5.73', '2018-11-07', 1628),
(2136, '11.90', '2018-11-07', 1629),
(2137, '11.90', '2018-11-07', 1629),
(2138, '22.77', '2018-11-07', 1644),
(2139, '30.29', '2018-11-07', 1646),
(2140, '24.65', '2018-11-07', 1646),
(2141, '8.50', '2018-11-07', 1632),
(2142, '12.53', '2018-11-07', 1631),
(2143, '8.50', '2018-11-07', 1630),
(2144, '17.85', '2018-11-07', 1643),
(2145, '12.75', '2018-11-07', 1642),
(2146, '22.36', '2018-11-07', 1669),
(2147, '3.74', '2018-11-07', 1670),
(2148, '12.75', '2018-11-07', 1668),
(2149, '25.08', '2018-11-07', 1674),
(2150, '5.76', '2018-11-07', 1675),
(2151, '3.34', '2018-11-07', 1676),
(2152, '25.08', '2018-11-07', 1671),
(2153, '2.25', '2018-11-07', 1673),
(2154, '12.75', '2018-11-07', 1677),
(2155, '12.75', '2018-11-07', 1672),
(2156, '18.82', '2018-11-07', 1667),
(2157, '6.38', '2018-11-07', 1678),
(2158, '22.95', '2018-11-07', 1666),
(2159, '14.45', '2018-11-07', 1663),
(2160, '13.26', '2018-11-07', 1614),
(2161, '14.88', '2018-11-07', 1635),
(2162, '8.67', '2018-11-07', 1634),
(2163, '14.88', '2018-11-07', 1635),
(2164, '8.41', '2018-11-07', 1636),
(2165, '14.88', '2018-11-07', 1637),
(2166, '12.75', '2018-11-07', 1638),
(2167, '19.13', '2018-11-07', 1639),
(2168, '4.42', '2018-11-07', 1640),
(2169, '12.75', '2018-11-07', 1679),
(2170, '16.15', '2018-11-07', 1659),
(2171, '3.74', '2018-11-07', 1662),
(2172, '5.10', '2018-11-07', 1658),
(2173, '9.86', '2018-11-07', 1654),
(2174, '17.00', '2018-11-07', 1655),
(2175, '11.05', '2018-11-07', 1657),
(2176, '7.73', '2018-11-07', 1656),
(2177, '17.92', '2018-11-07', 1653),
(2178, '17.92', '2018-11-07', 1653),
(2179, '11.24', '2018-11-07', 1652),
(2180, '11.90', '2018-11-07', 1651),
(2181, '6.66', '2018-11-07', 1649),
(2182, '212.50', '2018-11-07', 1665),
(2183, '22.95', '2018-11-07', 1647),
(2184, '23.80', '2018-11-07', 1648),
(2185, '21.25', '2018-11-07', 1650),
(2186, '6.24', '2018-11-08', 436),
(2187, '4.89', '2018-11-08', 448),
(2188, '12.50', '2018-11-08', 402),
(2189, '8.50', '2018-11-08', 1628),
(2190, '34.70', '2018-11-08', 373),
(2191, '11.95', '2018-11-08', 316),
(2192, '6.00', '2018-11-08', 346),
(2193, '172.55', '2018-11-08', 1681),
(2194, '49.93', '2018-11-08', 1680),
(2195, '48.45', '2018-11-08', 1683),
(2196, '48.45', '2018-11-08', 1684),
(2197, '127.50', '2018-11-08', 1711),
(2198, '46.75', '2018-11-08', 1696),
(2199, '32.30', '2018-11-08', 1685),
(2200, '28.90', '2018-11-08', 1696),
(2201, '53.87', '2018-11-08', 1686),
(2202, '115.40', '2018-11-08', 1694),
(2203, '37.82', '2018-11-08', 1695),
(2204, '62.90', '2018-11-08', 1693),
(2205, '103.70', '2018-11-08', 1722),
(2206, '51.00', '2018-11-08', 1691),
(2207, '20.40', '2018-11-08', 1692),
(2208, '48.69', '2018-11-08', 1690),
(2209, '43.98', '2018-11-08', 1689),
(2210, '27.20', '2018-11-08', 1688),
(2211, '51.85', '2018-11-08', 1697),
(2212, '53.98', '2018-11-08', 1717),
(2213, '76.50', '2018-11-08', 1710),
(2214, '45.90', '2018-11-08', 1720),
(2215, '59.50', '2018-11-08', 1709),
(2216, '165.75', '2018-11-08', 1721),
(2217, '199.75', '2018-11-08', 1706),
(2218, '60.35', '2018-11-08', 1719),
(2219, '53.55', '2018-11-08', 1718),
(2220, '153.00', '2018-11-08', 1712),
(2221, '72.25', '2018-11-08', 1714),
(2222, '59.50', '2018-11-08', 1715),
(2223, '140.25', '2018-11-08', 1817),
(2224, '119.00', '2018-11-08', 1704),
(2225, '220.15', '2018-11-08', 1732),
(2226, '108.80', '2018-11-08', 1707),
(2227, '119.00', '2018-11-08', 1703),
(2228, '759.90', '2018-11-08', 1716),
(2229, '46.75', '2018-11-08', 1705),
(2230, '51.00', '2018-11-08', 1701),
(2231, '63.75', '2018-11-08', 1698),
(2232, '59.50', '2018-11-08', 1700),
(2233, '59.50', '2018-11-08', 1699),
(2234, '136.85', '2018-11-08', 1728),
(2235, '68.85', '2018-11-08', 1727),
(2236, '48.87', '2018-11-08', 1729),
(2237, '35.69', '2018-11-08', 1726),
(2238, '65.09', '2018-11-08', 1745),
(2239, '148.75', '2018-11-08', 1743),
(2240, '93.50', '2018-11-08', 1739),
(2241, '56.10', '2018-11-08', 1744),
(2242, '25.87', '2018-11-08', 1760),
(2243, '595.00', '2018-11-08', 1738),
(2244, '505.75', '2018-11-08', 1736),
(2245, '41.36', '2018-11-08', 1737),
(2246, '52.70', '2018-11-08', 1818),
(2247, '51.00', '2018-11-08', 1742),
(2248, '56.95', '2018-11-08', 1741),
(2249, '57.21', '2018-11-08', 1741),
(2250, '19.13', '2018-11-08', 1735),
(2251, '70.41', '2018-11-08', 1733),
(2252, '118.15', '2018-11-08', 1746),
(2253, '118.15', '2018-11-08', 1746),
(2254, '187.00', '2018-11-08', 1758),
(2255, '205.70', '2018-11-08', 1759),
(2256, '44.28', '2018-11-08', 1757),
(2257, '42.50', '2018-11-08', 1747),
(2258, '55.71', '2018-11-08', 1748),
(2259, '37.10', '2018-11-08', 1755),
(2260, '71.38', '2018-11-08', 1753),
(2261, '60.35', '2018-11-08', 1752),
(2262, '87.97', '2018-11-08', 1754),
(2263, '43.71', '2018-11-08', 1762),
(2264, '33.11', '2018-11-08', 1761),
(2265, '109.65', '2018-11-08', 1749),
(2266, '50.41', '2018-11-08', 1756),
(2267, '95.20', '2018-11-08', 1725),
(2268, '218.45', '2018-11-08', 1724),
(2269, '51.00', '2018-11-08', 1723),
(2270, '44.70', '2018-11-08', 1751),
(2271, '27.95', '2018-11-08', 1750),
(2272, '170.00', '2018-11-08', 1318),
(2273, '14.88', '2018-11-09', 1495),
(2274, '131.75', '2018-11-09', 1819),
(2275, '15.30', '2018-11-09', 1820),
(2276, '22.53', '2018-11-09', 1397),
(2277, '36.98', '2018-11-09', 1398),
(2278, '12.30', '2018-11-09', 1458),
(2279, '13.54', '2018-11-09', 1255),
(2280, '19.47', '2018-11-09', 1177),
(2281, '33.15', '2018-11-09', 1155),
(2282, '336.60', '2018-11-09', 1223),
(2283, '77.35', '2018-11-09', 1219),
(2284, '74.80', '2018-11-09', 605),
(2285, '71.40', '2018-11-09', 1821),
(2286, '5.10', '2018-11-09', 1658),
(2287, '5.73', '2018-11-09', 1628),
(2288, '8.50', '2018-11-09', 1630),
(2289, '9.86', '2018-11-09', 1654),
(2290, '4.68', '2018-11-09', 1822),
(2291, '29.75', '2018-11-09', 1824),
(2292, '19.13', '2018-11-09', 1826),
(2293, '80.92', '2018-11-09', 1825),
(2294, '127.50', '2018-11-09', 1764),
(2295, '114.75', '2018-11-09', 1763),
(2296, '29.75', '2018-11-09', 1766),
(2297, '88.40', '2018-11-09', 1768),
(2298, '48.45', '2018-11-09', 1767),
(2299, '71.40', '2018-11-09', 1773),
(2300, '175.95', '2018-11-09', 1777),
(2301, '68.85', '2018-11-09', 1775),
(2302, '79.05', '2018-11-09', 1774),
(2303, '51.00', '2018-11-09', 1771),
(2304, '51.00', '2018-11-09', 1770),
(2305, '194.65', '2018-11-09', 1789),
(2306, '250.75', '2018-11-09', 1788),
(2307, '250.75', '2018-11-09', 1788),
(2308, '107.10', '2018-11-09', 1780),
(2309, '51.85', '2018-11-09', 1823),
(2310, '64.60', '2018-11-09', 1785),
(2311, '161.50', '2018-11-09', 1778),
(2312, '153.00', '2018-11-09', 1781),
(2313, '153.00', '2018-11-09', 1781),
(2314, '122.40', '2018-11-09', 1814),
(2315, '190.40', '2018-11-09', 1783),
(2316, '190.40', '2018-11-09', 1783),
(2317, '129.20', '2018-11-09', 1827),
(2318, '129.20', '2018-11-09', 1827),
(2319, '59.50', '2018-11-09', 1779),
(2320, '18.70', '2018-11-09', 1790),
(2321, '29.75', '2018-11-09', 1828),
(2322, '969.00', '2018-11-09', 1813),
(2323, '84.15', '2018-11-09', 1786),
(2324, '170.00', '2018-11-09', 1787),
(2325, '42.50', '2018-11-09', 1815),
(2326, '107.95', '2018-11-09', 1798),
(2327, '118.15', '2018-11-09', 1797),
(2328, '93.50', '2018-11-09', 1795),
(2329, '249.90', '2018-11-09', 1791),
(2330, '829.60', '2018-11-09', 1772),
(2331, '38.25', '2018-11-09', 1794),
(2332, '68.00', '2018-11-09', 1805),
(2333, '21.25', '2018-11-09', 1801),
(2334, '88.40', '2018-11-09', 1802),
(2335, '11.05', '2018-11-09', 1800),
(2336, '11.05', '2018-11-09', 1800),
(2337, '21.25', '2018-11-09', 1816),
(2338, '170.00', '2018-11-09', 1803),
(2339, '284.75', '2018-11-09', 1809),
(2340, '284.75', '2018-11-09', 1810),
(2341, '190.40', '2018-11-09', 1807),
(2342, '234.60', '2018-11-09', 1829),
(2343, '140.25', '2018-11-09', 1811),
(2344, '136.00', '2018-11-09', 1806),
(2345, '88.40', '2018-11-09', 1802),
(2346, '71.40', '2018-11-09', 1799),
(2347, '50.15', '2018-11-09', 1796),
(2348, '433.50', '2018-11-09', 1812),
(2349, '169.15', '2018-11-09', 1830),
(2350, '42.50', '2018-11-09', 1794),
(2351, '81.60', '2018-11-09', 1792),
(2352, '79.05', '2018-11-09', 1793),
(2353, '153.00', '2018-11-09', 1831),
(2354, '22.00', '2018-11-10', 1832),
(2355, '22.10', '2018-11-10', 414),
(2356, '12.50', '2018-11-10', 402),
(2357, '86.70', '2018-11-10', 1833),
(2358, '462.00', '2018-11-10', 105),
(2359, '240.00', '2018-11-10', 103),
(2360, '620.00', '2018-11-10', 1834),
(2361, '120.00', '2018-11-10', 1835),
(2362, '49.30', '2018-11-10', 1839),
(2363, '380.80', '2018-11-10', 1846),
(2364, '483.65', '2018-11-10', 1848),
(2365, '346.80', '2018-11-10', 1847),
(2366, '168.30', '2018-11-10', 1836),
(2367, '187.00', '2018-11-10', 1837),
(2368, '658.75', '2018-11-10', 1844),
(2369, '170.00', '2018-11-10', 1838),
(2370, '170.00', '2018-11-10', 1841),
(2371, '362.95', '2018-11-10', 1845),
(2372, '148.75', '2018-11-10', 1842),
(2373, '267.75', '2018-11-10', 1840),
(2374, '19.55', '2018-11-10', 1849),
(2375, '25.50', '2018-11-10', 1851),
(2376, '12.75', '2018-11-10', 1850),
(2377, '27.20', '2018-11-10', 1852),
(2378, '72.25', '2018-11-10', 1854),
(2379, '72.25', '2018-11-10', 1853),
(2380, '26.35', '2018-11-10', 1855),
(2381, '88.40', '2018-11-10', 1856),
(2382, '17.85', '2018-11-10', 1858),
(2383, '19.55', '2018-11-10', 1857),
(2384, '36.55', '2018-11-10', 1867),
(2385, '251.60', '2018-11-10', 1865),
(2386, '307.70', '2018-11-10', 1866),
(2387, '79.05', '2018-11-10', 625),
(2388, '74.80', '2018-11-10', 625),
(2389, '16.15', '2018-11-10', 1874),
(2390, '78.20', '2018-11-10', 1868),
(2391, '25.50', '2018-11-10', 1859),
(2392, '29.75', '2018-11-10', 1860),
(2393, '44.20', '2018-11-10', 1861),
(2394, '136.85', '2018-11-10', 1869),
(2395, '255.00', '2018-11-10', 1870),
(2396, '165.75', '2018-11-10', 1872),
(2397, '69.70', '2018-11-10', 1863),
(2398, '78.20', '2018-11-10', 1862),
(2399, '27.20', '2018-11-10', 1864),
(2400, '6.95', '2018-11-11', 1251),
(2401, '44.93', '2018-11-12', 282),
(2402, '6.72', '2018-11-12', 1140),
(2403, '17.71', '2018-11-12', 937),
(2404, '2.84', '2018-11-12', 949),
(2405, '20.28', '2018-11-12', 1254),
(2406, '10.69', '2018-11-12', 1253),
(2407, '10.50', '2018-11-12', 1190),
(2408, '20.28', '2018-11-12', 1180),
(2409, '7.23', '2018-11-12', 1197),
(2410, '14.88', '2018-11-12', 1187),
(2411, '28.05', '2018-11-12', 1188),
(2412, '73.95', '2018-11-12', 227),
(2413, '2.10', '2018-11-12', 722),
(2414, '73.10', '2018-11-12', 1776),
(2415, '12.75', '2018-11-12', 808),
(2416, '20.40', '2018-11-12', 779),
(2417, '5.56', '2018-11-12', 1927),
(2418, '10.07', '2018-11-12', 728),
(2419, '2.72', '2018-11-12', 751),
(2420, '19.36', '2018-11-12', 701),
(2421, '12.80', '2018-11-12', 1928),
(2422, '5.10', '2018-11-12', 1570),
(2423, '170.00', '2018-11-12', 1803),
(2424, '29.75', '2018-11-12', 1824),
(2425, '80.92', '2018-11-12', 1825),
(2426, '110.50', '2018-11-12', 1932),
(2427, '1.36', '2018-11-12', 671),
(2428, '8.50', '2018-11-12', 544),
(2429, '12.75', '2018-11-12', 545),
(2430, '7.00', '2018-11-12', 1933),
(2431, '2.72', '2018-11-12', 532),
(2432, '3.65', '2018-11-12', 689),
(2433, '9.50', '2018-11-12', 688),
(2434, '17.92', '2018-11-12', 687),
(2435, '192.95', '2018-11-12', 1934),
(2436, '4.04', '2018-11-12', 1930),
(2437, '5.20', '2018-11-12', 1931),
(2438, '8.74', '2018-11-12', 541),
(2439, '11.26', '2018-11-12', 664),
(2440, '2.30', '2018-11-12', 670),
(2441, '40.00', '2018-11-12', 1935),
(2442, '135.00', '2018-11-12', 1936),
(2443, '75.00', '2018-11-12', 1937),
(2444, '1.40', '2018-11-12', 1938),
(2445, '25.00', '2018-11-12', 1939),
(2446, '15.79', '2018-11-13', 415),
(2447, '15.30', '2018-11-13', 422),
(2448, '19.98', '2018-11-13', 410),
(2449, '11.05', '2018-11-13', 420),
(2450, '42.50', '2018-11-13', 390),
(2451, '11.73', '2018-11-13', 398),
(2452, '13.21', '2018-11-13', 478),
(2453, '26.41', '2018-11-13', 480),
(2454, '22.02', '2018-11-13', 493),
(2455, '842.00', '2018-11-13', 123),
(2456, '67.83', '2018-11-13', 1543),
(2457, '63.75', '2018-11-13', 1880),
(2458, '5.00', '2018-11-13', 1878),
(2459, '1020.00', '2018-11-13', 1877),
(2460, '23.80', '2018-11-13', 1155),
(2461, '5.00', '2018-11-13', 1941),
(2462, '33.15', '2018-11-13', 1942),
(2463, '15.00', '2018-11-13', 1943),
(2464, '8.50', '2018-11-13', 1881),
(2465, '3.48', '2018-11-13', 1882),
(2466, '4.45', '2018-11-13', 1883),
(2467, '3.74', '2018-11-13', 1884),
(2468, '4.00', '2018-11-13', 1888),
(2469, '4.00', '2018-11-13', 1887),
(2470, '7.00', '2018-11-13', 1892),
(2471, '8.00', '2018-11-13', 1879),
(2472, '10.00', '2018-11-13', 1889),
(2473, '1.00', '2018-11-13', 1944),
(2474, '3.00', '2018-11-13', 1894),
(2475, '4.50', '2018-11-13', 1895),
(2476, '2.00', '2018-11-13', 1893),
(2477, '5.00', '2018-11-13', 1896),
(2478, '32.00', '2018-11-13', 1897),
(2479, '50.00', '2018-11-13', 1908),
(2480, '100.00', '2018-11-13', 1898),
(2481, '150.00', '2018-11-13', 1899),
(2482, '5.00', '2018-11-13', 1904),
(2483, '10.00', '2018-11-13', 1905),
(2484, '12.75', '2018-11-13', 1906),
(2485, '12.75', '2018-11-13', 1907),
(2486, '34.00', '2018-11-13', 1901),
(2487, '16.43', '2018-11-13', 1902),
(2488, '21.25', '2018-11-13', 1900),
(2489, '552.50', '2018-11-13', 1914),
(2490, '459.00', '2018-11-13', 1912),
(2491, '488.75', '2018-11-13', 1911),
(2492, '382.50', '2018-11-13', 1913),
(2493, '253.30', '2018-11-13', 1916),
(2494, '1.13', '2018-11-13', 1030),
(2495, '340.00', '2018-11-13', 1918),
(2496, '212.50', '2018-11-13', 1919),
(2497, '151.30', '2018-11-13', 1920),
(2498, '87.55', '2018-11-13', 1909),
(2499, '119.00', '2018-11-13', 1917),
(2500, '56.95', '2018-11-13', 1926),
(2501, '34.00', '2018-11-13', 1925),
(2502, '127.50', '2018-11-13', 1921),
(2503, '182.75', '2018-11-13', 1923),
(2504, '37.40', '2018-11-13', 1922),
(2505, '40.80', '2018-11-13', 1910),
(2506, '245.65', '2018-11-13', 1924),
(2507, '9.35', '2018-11-13', 1946),
(2508, '12.58', '2018-11-13', 1945),
(2509, '41.00', '2018-11-13', 1313),
(2510, '52.00', '2018-11-13', 269),
(2511, '101.15', '2018-11-13', 386),
(2512, '148.75', '2018-11-13', 377),
(2513, '56.10', '2018-11-13', 181),
(2514, '14.45', '2018-11-13', 315),
(2515, '18.11', '2018-11-13', 325),
(2516, '96.05', '2018-11-13', 186),
(2517, '20.83', '2018-11-14', 1427),
(2518, '18.02', '2018-11-14', 1412),
(2519, '8.08', '2018-11-14', 1947),
(2520, '10.63', '2018-11-14', 1414),
(2521, '18.22', '2018-11-14', 1464),
(2522, '181.90', '2018-11-14', 915),
(2523, '4.54', '2018-11-14', 931),
(2524, '153.85', '2018-11-14', 914),
(2525, '2.13', '2018-11-14', 877),
(2526, '3.90', '2018-11-14', 923),
(2527, '43.35', '2018-11-14', 913),
(2528, '147.05', '2018-11-14', 1948),
(2529, '61.20', '2018-11-14', 1310),
(2530, '58.65', '2018-11-14', 1312),
(2531, '29.75', '2018-11-14', 1403),
(2532, '23.29', '2018-11-14', 1949),
(2533, '106.25', '2018-11-14', 1950),
(2534, '19.13', '2018-11-14', 1260),
(2535, '14.24', '2018-11-14', 1238),
(2536, '14.15', '2018-11-14', 1184),
(2537, '32.73', '2018-11-14', 1192),
(2538, '8.67', '2018-11-14', 1157),
(2539, '16.15', '2018-11-14', 1158),
(2540, '18.70', '2018-11-14', 1256),
(2541, '20.28', '2018-11-14', 1254),
(2542, '13.54', '2018-11-14', 1255),
(2543, '18.58', '2018-11-14', 1173),
(2544, '10.37', '2018-11-14', 304),
(2545, '44.00', '2018-11-14', 963),
(2546, '42.24', '2018-11-14', 966),
(2547, '234.60', '2018-11-14', 1966),
(2548, '141.10', '2018-11-14', 1967),
(2549, '93.50', '2018-11-14', 1968),
(2550, '171.70', '2018-11-14', 1964),
(2551, '100.30', '2018-11-14', 1965),
(2552, '123.25', '2018-11-14', 1961),
(2553, '72.25', '2018-11-14', 1962),
(2554, '19.55', '2018-11-14', 1980),
(2555, '144.50', '2018-11-14', 1972),
(2556, '46.75', '2018-11-14', 1974),
(2557, '110.50', '2018-11-14', 1971),
(2558, '238.00', '2018-11-14', 1951),
(2559, '83.30', '2018-11-14', 1958),
(2560, '123.25', '2018-11-14', 1957),
(2561, '49.81', '2018-11-14', 1978),
(2562, '42.50', '2018-11-14', 1975),
(2563, '263.50', '2018-11-14', 1956),
(2564, '40.80', '2018-11-14', 1979),
(2565, '92.65', '2018-11-14', 1977),
(2566, '155.55', '2018-11-14', 1976),
(2567, '76.50', '2018-11-14', 2011),
(2568, '143.65', '2018-11-14', 1983),
(2569, '32.73', '2018-11-14', 1095),
(2570, '79.90', '2018-11-14', 1982),
(2571, '18.86', '2018-11-14', 1986),
(2572, '13.60', '2018-11-14', 1985),
(2573, '14.45', '2018-11-14', 1989),
(2574, '51.00', '2018-11-14', 1995),
(2575, '21.25', '2018-11-14', 1991),
(2576, '23.29', '2018-11-14', 1984),
(2577, '18.70', '2018-11-14', 1994),
(2578, '12.75', '2018-11-14', 1990),
(2579, '27.20', '2018-11-14', 1987),
(2580, '180.20', '2018-11-14', 2004),
(2581, '92.65', '2018-11-14', 2003),
(2582, '40.00', '2018-11-14', 2001),
(2583, '40.00', '2018-11-14', 1996),
(2584, '80.00', '2018-11-14', 2000),
(2585, '138.55', '2018-11-14', 2005),
(2586, '17.00', '2018-11-14', 2007),
(2587, '34.00', '2018-11-14', 2009),
(2588, '59.50', '2018-11-14', 2006),
(2589, '8.50', '2018-11-14', 1998),
(2590, '8.50', '2018-11-14', 1997),
(2591, '11.05', '2018-11-14', 1999),
(2592, '42.50', '2018-11-14', 1988),
(2593, '33.15', '2018-11-14', 2008),
(2594, '5.10', '2018-11-14', 1993),
(2595, '18.70', '2018-11-14', 1992),
(2596, '79.90', '2018-11-14', 2010),
(2597, '140.25', '2018-11-14', 2002),
(2598, '9.00', '2018-11-14', 936),
(2599, '102.00', '2018-11-14', 2012),
(2600, '22.29', '2018-11-15', 396),
(2601, '13.21', '2018-11-15', 478),
(2602, '7.94', '2018-11-15', 453),
(2603, '34.85', '2018-11-15', 1343),
(2604, '42.50', '2018-11-15', 1297),
(2605, '11.48', '2018-11-15', 1032),
(2606, '1.11', '2018-11-15', 1030),
(2607, '49.30', '2018-11-15', 1729),
(2608, '178.50', '2018-11-15', 2013),
(2609, '26.35', '2018-11-15', 1855),
(2610, '85.00', '2018-11-15', 1730),
(2611, '78.20', '2018-11-15', 2014),
(2612, '9.29', '2018-11-15', 1078),
(2613, '7.11', '2018-11-15', 1070),
(2614, '18.58', '2018-11-15', 1066),
(2615, '12.60', '2018-11-15', 1044),
(2616, '16.40', '2018-11-15', 1045),
(2617, '5.83', '2018-11-15', 2015),
(2618, '9.60', '2018-11-15', 2016),
(2619, '153.00', '2018-11-15', 1092),
(2620, '140.25', '2018-11-15', 1703),
(2621, '10.97', '2018-11-15', 1126),
(2622, '14.24', '2018-11-15', 1133),
(2623, '63.75', '2018-11-15', 1090),
(2624, '9.11', '2018-11-15', 1085),
(2625, '9.35', '2018-11-15', 1349),
(2626, '29.41', '2018-11-15', 338),
(2627, '69.70', '2018-11-15', 2017),
(2628, '44.66', '2018-11-15', 279),
(2629, '10.07', '2018-11-15', 314),
(2630, '26.35', '2018-11-15', 322),
(2631, '9.78', '2018-11-15', 330),
(2632, '43.35', '2018-11-15', 1762),
(2633, '14.30', '2018-11-15', 352),
(2634, '5.00', '2018-11-15', 1894),
(2635, '15.00', '2018-11-15', 1943),
(2636, '55.25', '2018-11-15', 1832),
(2637, '18.28', '2018-11-15', 2034),
(2638, '12.75', '2018-11-15', 1885),
(2639, '55.25', '2018-11-15', 2018),
(2640, '68.00', '2018-11-15', 1940),
(2641, '22.10', '2018-11-15', 2032),
(2642, '35.36', '2018-11-15', 2031),
(2643, '25.50', '2018-11-15', 2030),
(2644, '10.63', '2018-11-15', 2033),
(2645, '4.25', '2018-11-15', 2037),
(2646, '6.38', '2018-11-15', 2029),
(2647, '8.50', '2018-11-15', 2036),
(2648, '4.25', '2018-11-15', 2035),
(2649, '8.76', '2018-11-15', 2027),
(2650, '19.55', '2018-11-15', 2022),
(2651, '11.90', '2018-11-15', 2024),
(2652, '18.80', '2018-11-15', 2026),
(2653, '12.03', '2018-11-15', 2020),
(2654, '7.23', '2018-11-15', 2019),
(2655, '7.90', '2018-11-15', 2049),
(2656, '11.90', '2018-11-15', 2050),
(2657, '2.55', '2018-11-15', 2048),
(2658, '18.83', '2018-11-15', 2046),
(2659, '3.83', '2018-11-15', 2047),
(2660, '11.05', '2018-11-15', 2042),
(2661, '8.08', '2018-11-15', 2045),
(2662, '12.75', '2018-11-15', 2044),
(2663, '3.19', '2018-11-15', 1890),
(2664, '6.12', '2018-11-15', 2043),
(2665, '8.08', '2018-11-15', 2040),
(2666, '18.83', '2018-11-15', 2039),
(2667, '59.50', '2018-11-15', 2038),
(2668, '7.05', '2018-11-15', 2041),
(2669, '20.28', '2018-11-16', 1254),
(2670, '35.53', '2018-11-16', 1166),
(2671, '20.83', '2018-11-16', 1181),
(2672, '15.40', '2018-11-16', 2076),
(2673, '17.61', '2018-11-16', 2077),
(2674, '13.36', '2018-11-16', 2078),
(2675, '10.20', '2018-11-16', 2080),
(2676, '9.09', '2018-11-16', 2079),
(2677, '19.62', '2018-11-16', 1581),
(2678, '29.75', '2018-11-16', 617),
(2679, '202.30', '2018-11-16', 2051),
(2680, '305.15', '2018-11-16', 2057),
(2681, '391.00', '2018-11-16', 2058),
(2682, '458.15', '2018-11-16', 2059),
(2683, '2677.50', '2018-11-16', 2054),
(2684, '1300.50', '2018-11-16', 2055),
(2685, '23.26', '2018-11-16', 2052),
(2686, '615.40', '2018-11-16', 2053),
(2687, '373.15', '2018-11-16', 2056),
(2688, '689.35', '2018-11-16', 2060),
(2689, '73.10', '2018-11-16', 1421),
(2690, '73.10', '2018-11-16', 1421),
(2691, '748.00', '2018-11-16', 2066),
(2692, '459.00', '2018-11-16', 2065),
(2693, '548.25', '2018-11-16', 2061),
(2694, '548.25', '2018-11-16', 2062),
(2695, '548.25', '2018-11-16', 2063),
(2696, '42.50', '2018-11-16', 2064),
(2697, '782.00', '2018-11-16', 2067),
(2698, '1090.55', '2018-11-16', 2068),
(2699, '311.10', '2018-11-16', 2070),
(2700, '195.50', '2018-11-16', 2069),
(2701, '36.55', '2018-11-16', 2071),
(2702, '408.00', '2018-11-16', 2072),
(2703, '11.93', '2018-11-16', 2073),
(2704, '14.40', '2018-11-16', 2074),
(2705, '17.37', '2018-11-16', 2075),
(2706, '18.36', '2018-11-16', 1980),
(2707, '46.75', '2018-11-16', 1974),
(2708, '2.02', '2018-11-16', 2081),
(2709, '19.98', '2018-11-16', 1612),
(2710, '114.75', '2018-11-16', 1763),
(2711, '127.50', '2018-11-16', 1764),
(2712, '12.75', '2018-11-16', 1638),
(2713, '12.54', '2018-11-16', 1631),
(2714, '7.23', '2018-11-16', 2082),
(2715, '12.75', '2018-11-16', 2083),
(2716, '8.15', '2018-11-16', 1636),
(2717, '14.88', '2018-11-16', 1637),
(2718, '12.75', '2018-11-16', 1679),
(2719, '552.50', '2018-11-16', 1625),
(2720, '610.00', '2018-11-16', 2084),
(2721, '760.75', '2018-11-16', 2085),
(2722, '12.63', '2018-11-16', 2148),
(2723, '12.45', '2018-11-16', 786),
(2724, '48.80', '2018-11-16', 1767),
(2725, '182.92', '2018-11-16', 2150),
(2726, '131.96', '2018-11-16', 2151),
(2727, '94.55', '2018-11-16', 2152),
(2728, '40.80', '2018-11-16', 2153),
(2729, '42.08', '2018-11-16', 1815),
(2730, '0.94', '2018-11-16', 773),
(2731, '20.40', '2018-11-16', 779),
(2732, '10.29', '2018-11-16', 2154),
(2733, '17.68', '2018-11-16', 2155),
(2734, '26.83', '2018-11-16', 2149),
(2735, '65.45', '2018-11-16', 618),
(2736, '13.13', '2018-11-16', 790),
(2737, '25.42', '2018-11-16', 746),
(2738, '7.10', '2018-11-16', 700),
(2739, '7.25', '2018-11-16', 699),
(2740, '20.27', '2018-11-16', 703),
(2741, '500.65', '2018-11-16', 2092),
(2742, '172.55', '2018-11-16', 2093),
(2743, '186.15', '2018-11-16', 2098),
(2744, '60.35', '2018-11-16', 2094),
(2745, '382.50', '2018-11-16', 2095),
(2746, '124.10', '2018-11-16', 2099),
(2747, '243.10', '2018-11-16', 2086),
(2748, '219.30', '2018-11-16', 2087),
(2749, '7.35', '2018-11-16', 2097),
(2750, '69.70', '2018-11-16', 2090),
(2751, '133.45', '2018-11-16', 2089),
(2752, '434.35', '2018-11-16', 2091),
(2753, '187.00', '2018-11-16', 2099),
(2754, '12.67', '2018-11-16', 2114),
(2755, '8.25', '2018-11-16', 2115),
(2756, '13.30', '2018-11-16', 2116),
(2757, '16.58', '2018-11-16', 2118),
(2758, '31.03', '2018-11-16', 2117),
(2759, '12.58', '2018-11-16', 2119),
(2760, '4.59', '2018-11-16', 2127),
(2761, '5.95', '2018-11-16', 2128),
(2762, '34.00', '2018-11-16', 2113),
(2763, '21.25', '2018-11-16', 2112),
(2764, '8.67', '2018-11-16', 2120),
(2765, '8.88', '2018-11-16', 2121),
(2766, '8.88', '2018-11-16', 2121),
(2767, '6.38', '2018-11-16', 2100),
(2768, '8.61', '2018-11-16', 2101),
(2769, '3.15', '2018-11-16', 2104),
(2770, '1.01', '2018-11-16', 2124),
(2771, '23.80', '2018-11-16', 2122),
(2772, '14.28', '2018-11-16', 2123),
(2773, '14.25', '2018-11-16', 2096),
(2774, '16.02', '2018-11-16', 2126),
(2775, '19.55', '2018-11-16', 2125),
(2776, '10.37', '2018-11-16', 2159),
(2777, '7.31', '2018-11-16', 2102),
(2778, '26.60', '2018-11-16', 2105),
(2779, '12.75', '2018-11-16', 2111),
(2780, '15.30', '2018-11-16', 2103),
(2781, '5.00', '2018-11-16', 2109),
(2782, '14.15', '2018-11-16', 2110),
(2783, '4.59', '2018-11-16', 2108),
(2784, '12.92', '2018-11-16', 2107),
(2785, '7.80', '2018-11-16', 2106),
(2786, '5.00', '2018-11-16', 2146),
(2787, '5.00', '2018-11-16', 2146),
(2788, '4.00', '2018-11-16', 2145),
(2789, '6.00', '2018-11-16', 2129),
(2790, '3.78', '2018-11-16', 2130),
(2791, '6.97', '2018-11-16', 2131),
(2792, '10.20', '2018-11-16', 2135),
(2793, '2.48', '2018-11-16', 2147),
(2794, '4.63', '2018-11-16', 2143),
(2795, '2.72', '2018-11-16', 2160),
(2796, '6.51', '2018-11-16', 2161),
(2797, '25.08', '2018-11-16', 2133),
(2798, '28.05', '2018-11-16', 2134),
(2799, '13.26', '2018-11-16', 2141),
(2800, '7.65', '2018-11-16', 2144),
(2801, '5.19', '2018-11-16', 2138),
(2802, '16.15', '2018-11-16', 2140),
(2803, '127.50', '2018-11-16', 2142),
(2804, '33.58', '2018-11-16', 2137),
(2805, '42.33', '2018-11-16', 2132),
(2806, '6.51', '2018-11-16', 2158),
(2807, '15.46', '2018-11-16', 2136),
(2808, '8.42', '2018-11-16', 2162),
(2809, '19.34', '2018-11-16', 2163),
(2810, '25.50', '2018-11-16', 2164),
(2811, '23.80', '2018-11-16', 2157),
(2812, '21.25', '2018-11-16', 2165),
(2813, '2.13', '2018-11-16', 2156),
(2814, '3.19', '2018-11-16', 2166),
(2815, '4.97', '2018-11-16', 2167),
(2816, '143.65', '2018-11-16', 612),
(2817, '13.01', '2018-11-17', 403),
(2818, '11.73', '2018-11-17', 398),
(2819, '26.41', '2018-11-17', 480),
(2820, '22.95', '2018-11-17', 364),
(2821, '118.15', '2018-11-17', 691),
(2822, '18.11', '2018-11-17', 325),
(2823, '40.16', '2018-11-17', 274),
(2824, '14.45', '2018-11-17', 315),
(2825, '192.95', '2018-11-17', 1934),
(2826, '85.00', '2018-11-17', 2284),
(2827, '102.00', '2018-11-17', 2285),
(2828, '16.32', '2018-11-17', 2286),
(2829, '7.48', '2018-11-17', 509),
(2830, '22.10', '2018-11-17', 978),
(2831, '17.99', '2018-11-17', 639),
(2832, '15.30', '2018-11-17', 2287),
(2833, '9.35', '2018-11-17', 2288),
(2834, '4.63', '2018-11-17', 2289),
(2835, '85.00', '2018-11-17', 579),
(2836, '28.90', '2018-11-17', 550),
(2837, '5.81', '2018-11-17', 542),
(2838, '18.84', '2018-11-17', 578),
(2839, '9.35', '2018-11-17', 2290),
(2840, '17.31', '2018-11-17', 676),
(2841, '10.39', '2018-11-17', 2291),
(2842, '18.22', '2018-11-17', 2292),
(2843, '11.26', '2018-11-17', 2296),
(2844, '4.34', '2018-11-17', 2293),
(2845, '13.01', '2018-11-17', 2294),
(2846, '15.18', '2018-11-17', 540),
(2847, '8.75', '2018-11-17', 541),
(2848, '6.38', '2018-11-17', 2295),
(2849, '68.00', '2018-11-17', 2297),
(2850, '4.25', '2018-11-17', 523),
(2851, '6.50', '2018-11-17', 2329),
(2852, '2.80', '2018-11-17', 2183),
(2853, '5.27', '2018-11-17', 2181),
(2854, '2.98', '2018-11-17', 2182),
(2855, '1.53', '2018-11-17', 2176),
(2856, '1.79', '2018-11-17', 2175),
(2857, '3.44', '2018-11-17', 2174),
(2858, '254.15', '2018-11-17', 2205),
(2859, '42.81', '2018-11-17', 2209),
(2860, '56.10', '2018-11-17', 2208),
(2861, '36.55', '2018-11-17', 2173),
(2862, '41.65', '2018-11-17', 2172),
(2863, '93.50', '2018-11-17', 2170),
(2864, '93.50', '2018-11-17', 2170),
(2865, '13.76', '2018-11-17', 2171),
(2866, '39.70', '2018-11-17', 2169),
(2867, '1.78', '2018-11-17', 2168),
(2868, '1.78', '2018-11-17', 2168),
(2869, '9.11', '2018-11-17', 2180),
(2870, '4.17', '2018-11-17', 2195),
(2871, '9.11', '2018-11-17', 2196),
(2872, '0.17', '2018-11-17', 2198),
(2873, '13.69', '2018-11-17', 2179),
(2874, '8.67', '2018-11-18', 2192),
(2875, '2.76', '2018-11-18', 2202),
(2876, '2.80', '2018-11-18', 2203),
(2877, '1.70', '2018-11-18', 2204),
(2878, '1.36', '2018-11-18', 2200),
(2879, '8.03', '2018-11-18', 2199),
(2880, '1.39', '2018-11-18', 2201),
(2881, '1.39', '2018-11-18', 2201),
(2882, '12.75', '2018-11-18', 2206),
(2883, '6.38', '2018-11-18', 2207),
(2884, '3.19', '2018-11-18', 2185),
(2885, '8.58', '2018-11-18', 2193),
(2886, '2.98', '2018-11-18', 2184),
(2887, '1.95', '2018-11-18', 2210),
(2888, '3.49', '2018-11-18', 2191),
(2889, '1.74', '2018-11-18', 2190),
(2890, '13.34', '2018-11-18', 2186),
(2891, '0.60', '2018-11-18', 2187),
(2892, '7.73', '2018-11-18', 2177),
(2893, '13.77', '2018-11-18', 2178),
(2894, '32.00', '2018-11-18', 2188),
(2895, '32.00', '2018-11-18', 2188),
(2896, '16.96', '2018-11-18', 2189),
(2897, '3.83', '2018-11-18', 2223),
(2898, '66.30', '2018-11-18', 2217),
(2899, '55.25', '2018-11-18', 2211),
(2900, '17.00', '2018-11-18', 2232),
(2901, '4.68', '2018-11-18', 2224),
(2902, '5.19', '2018-11-18', 2225),
(2903, '12.75', '2018-11-18', 2228),
(2904, '13.60', '2018-11-18', 2226),
(2905, '4.76', '2018-11-18', 2227),
(2906, '25.50', '2018-11-18', 2229),
(2907, '20.40', '2018-11-18', 2230),
(2908, '15.64', '2018-11-18', 2231),
(2909, '6.80', '2018-11-18', 2221),
(2910, '1.95', '2018-11-18', 2233),
(2911, '3.06', '2018-11-18', 2234),
(2912, '5.02', '2018-11-18', 2235),
(2913, '2.89', '2018-11-18', 2236),
(2914, '1.91', '2018-11-18', 2218),
(2915, '127.50', '2018-11-18', 2244),
(2916, '28.05', '2018-11-18', 2212),
(2917, '178.50', '2018-11-18', 2213),
(2918, '107.10', '2018-11-18', 2214),
(2919, '165.75', '2018-11-18', 2216),
(2920, '165.75', '2018-11-18', 2215),
(2921, '13.01', '2018-11-18', 2242),
(2922, '13.01', '2018-11-18', 2241),
(2923, '21.08', '2018-11-18', 2240),
(2924, '2.76', '2018-11-18', 2245),
(2925, '29.75', '2018-11-18', 2243),
(2926, '3.66', '2018-11-18', 2246),
(2927, '4.25', '2018-11-18', 2247),
(2928, '8.50', '2018-11-18', 2220),
(2930, '10.20', '2018-11-18', 2219),
(2931, '19.55', '2018-11-18', 2222),
(2932, '28.05', '2018-11-18', 2239),
(2933, '69.70', '2018-11-18', 2238),
(2934, '17.00', '2018-11-18', 2274),
(2935, '10.20', '2018-11-18', 2255),
(2936, '15.18', '2018-11-18', 2254),
(2937, '68.00', '2018-11-18', 2282),
(2938, '32.56', '2018-11-18', 2281),
(2939, '14.03', '2018-11-18', 2283),
(2940, '10.29', '2018-11-18', 2256),
(2941, '19.55', '2018-11-18', 2257),
(2942, '8.50', '2018-11-18', 2279),
(2943, '20.31', '2018-11-18', 2249),
(2944, '11.05', '2018-11-18', 2250),
(2945, '5.10', '2018-11-18', 2248),
(2946, '11.05', '2018-11-18', 2253),
(2947, '32.13', '2018-11-18', 2252),
(2966, '32.13', '2018-11-18', 2252),
(2985, '32.13', '2018-11-18', 2252),
(3004, '32.13', '2018-11-18', 2252),
(3007, '5.19', '2018-11-18', 2225),
(3023, '32.13', '2018-11-18', 2252),
(3042, '32.13', '2018-11-18', 2252),
(3061, '32.13', '2018-11-18', 2252),
(3080, '32.13', '2018-11-18', 2252),
(3099, '32.13', '2018-11-18', 2252),
(3118, '32.13', '2018-11-18', 2252),
(3137, '32.13', '2018-11-18', 2252),
(3156, '32.13', '2018-11-18', 2252),
(3175, '32.13', '2018-11-18', 2252),
(3194, '32.13', '2018-11-18', 2252),
(3195, '4.25', '2018-11-18', 1129),
(3196, '93.50', '2018-11-18', 2330),
(3197, '93.50', '2018-11-18', 2335),
(3198, '110.50', '2018-11-18', 2331),
(3199, '68.00', '2018-11-18', 2334),
(3200, '76.50', '2018-11-18', 2333),
(3201, '68.00', '2018-11-18', 2332),
(3202, '68.00', '2018-11-18', 2336),
(3203, '52.70', '2018-11-18', 2338),
(3204, '42.50', '2018-11-18', 2337),
(3205, '59.50', '2018-11-18', 2340),
(3206, '55.25', '2018-11-18', 2343),
(3207, '51.00', '2018-11-18', 2341),
(3208, '29.75', '2018-11-18', 2342),
(3209, '51.00', '2018-11-18', 2341),
(3210, '25.50', '2018-11-18', 2345),
(3211, '46.75', '2018-11-18', 2346),
(3212, '36.98', '2018-11-19', 1398),
(3213, '18.01', '2018-11-19', 1412),
(3214, '18.22', '2018-11-19', 1460),
(3215, '29.75', '2018-11-19', 1427),
(3216, '11.90', '2018-11-19', 1407),
(3217, '18.22', '2018-11-19', 1464),
(3218, '17.00', '2018-11-19', 2362),
(3219, '33.15', '2018-11-19', 2361),
(3220, '5.35', '2018-11-19', 1230),
(3221, '20.83', '2018-11-19', 1181),
(3222, '18.70', '2018-11-19', 1256),
(3223, '3.79', '2018-11-19', 228),
(3224, '21.68', '2018-11-19', 1261),
(3225, '17.00', '2018-11-19', 1248),
(3226, '14.88', '2018-11-19', 1187),
(3227, '6.10', '2018-11-19', 1193),
(3228, '34.00', '2018-11-19', 1214),
(3229, '18.59', '2018-11-19', 1173),
(3230, '342.55', '2018-11-19', 935),
(3231, '7.53', '2018-11-19', 954),
(3232, '1.19', '2018-11-19', 1006),
(3233, '6.68', '2018-11-19', 981),
(3234, '32.61', '2018-11-19', 1004),
(3235, '6.07', '2018-11-19', 996),
(3236, '35.70', '2018-11-19', 2363),
(3237, '280.50', '2018-11-19', 1573),
(3238, '170.00', '2018-11-19', 1830),
(3239, '548.25', '2018-11-19', 2062),
(3240, '548.25', '2018-11-19', 2061),
(3241, '12.96', '2018-11-19', 1281),
(3242, '408.00', '2018-11-19', 2072);

-- --------------------------------------------------------

--
-- Table structure for table `quantity_history`
--

CREATE TABLE `quantity_history` (
  `id` int(10) UNSIGNED NOT NULL,
  `qty` decimal(10,2) NOT NULL,
  `expiry` date NOT NULL,
  `fk_purchase_price_id` int(10) UNSIGNED NOT NULL,
  `fk_inventory_id` int(10) UNSIGNED NOT NULL
) ENGINE=InnoDB DEFAULT CHARSET=utf8mb4 COLLATE=utf8mb4_unicode_ci;

--
-- Dumping data for table `quantity_history`
--

INSERT INTO `quantity_history` (`id`, `qty`, `expiry`, `fk_purchase_price_id`, `fk_inventory_id`) VALUES
(1, '5.00', '2021-03-31', 1, 1),
(2, '3.00', '2021-01-31', 2, 67),
(3, '1.00', '2021-06-01', 3, 63),
(4, '2.00', '2021-07-31', 4, 65),
(5, '1.00', '2021-03-01', 5, 64),
(6, '3.00', '2019-04-30', 6, 62),
(7, '4.00', '2021-02-28', 7, 35),
(8, '2.00', '2021-03-31', 8, 34),
(9, '2.00', '2020-01-31', 9, 25),
(10, '1.00', '2018-12-31', 10, 74),
(11, '2.00', '2019-12-31', 11, 46),
(12, '5.00', '2021-02-28', 12, 49),
(13, '2.00', '2021-02-28', 13, 145),
(14, '1.00', '2019-09-30', 14, 69),
(15, '3.00', '2020-07-31', 15, 70),
(16, '14.00', '2020-12-31', 16, 75),
(17, '2.00', '2021-01-31', 17, 3),
(18, '5.00', '2020-12-31', 18, 4),
(19, '6.00', '2021-07-31', 19, 5),
(20, '6.00', '2021-03-31', 20, 6),
(21, '3.00', '2020-06-30', 21, 7),
(22, '7.00', '2021-06-30', 22, 146),
(23, '4.00', '2020-01-31', 23, 147),
(24, '3.00', '2021-01-31', 24, 9),
(25, '1.00', '2020-03-31', 25, 8),
(26, '6.00', '2020-01-31', 26, 10),
(27, '9.00', '2020-02-29', 27, 11),
(28, '2.00', '2019-11-30', 28, 12),
(29, '3.00', '2019-11-30', 29, 13),
(30, '4.00', '2020-06-30', 30, 14),
(31, '6.00', '2020-06-27', 31, 15),
(32, '9.00', '2020-04-30', 32, 17),
(33, '1.00', '2021-03-31', 33, 18),
(34, '2.00', '2021-03-31', 34, 19),
(35, '4.00', '2021-10-31', 35, 20),
(36, '1.00', '2021-10-30', 36, 21),
(37, '1.00', '2021-06-30', 37, 23),
(38, '0.00', '2020-12-31', 38, 22),
(39, '1.00', '2020-01-31', 39, 24),
(40, '1.00', '2019-10-31', 40, 27),
(41, '1.00', '2020-03-31', 41, 30),
(42, '13.00', '2020-09-30', 42, 36),
(43, '9.00', '2020-12-31', 43, 37),
(44, '1.00', '2020-02-29', 44, 38),
(45, '1.00', '2020-02-29', 45, 39),
(47, '1.00', '2020-02-29', 47, 40),
(50, '1.00', '2020-12-31', 50, 41),
(52, '0.00', '2019-04-30', 52, 42),
(54, '2.00', '2020-12-31', 54, 44),
(57, '2.00', '2021-03-31', 57, 45),
(59, '2.00', '2021-12-31', 59, 47),
(61, '2.00', '2020-12-31', 61, 48),
(64, '12.00', '2019-12-31', 64, 50),
(66, '1.00', '2019-05-31', 66, 51),
(68, '2.00', '2019-06-30', 68, 52),
(71, '5.00', '2019-07-31', 71, 53),
(73, '8.00', '2020-12-31', 73, 54),
(75, '2.00', '2020-12-31', 75, 56),
(78, '9.00', '2022-12-31', 78, 57),
(80, '9.00', '2023-12-30', 80, 58),
(82, '8.00', '2020-05-30', 82, 60),
(85, '6.00', '2021-02-28', 85, 59),
(87, '4.00', '2020-05-30', 87, 61),
(89, '0.00', '2023-02-28', 89, 26),
(92, '1.00', '2023-02-28', 92, 144),
(94, '5.00', '2022-08-31', 94, 28),
(97, '2.00', '2023-02-28', 97, 29),
(101, '12.00', '2023-03-31', 101, 31),
(104, '3.00', '2021-02-28', 104, 32),
(108, '0.00', '2020-01-31', 108, 33),
(277, '2.00', '2021-03-31', 277, 45),
(449, '1.00', '2020-06-30', 449, 76),
(450, '6.00', '2019-09-30', 450, 77),
(451, '2.00', '2019-02-28', 451, 78),
(452, '1.00', '2020-04-30', 452, 79),
(453, '1.00', '2022-06-30', 453, 80),
(454, '2.00', '2020-08-31', 454, 81),
(455, '1.00', '2021-08-31', 455, 83),
(456, '1.00', '2019-08-31', 456, 82),
(457, '1.00', '2022-04-30', 457, 84),
(458, '1.00', '2020-08-31', 458, 87),
(459, '1.00', '2019-12-31', 459, 86),
(460, '1.00', '2019-10-31', 460, 85),
(461, '7.00', '2020-12-31', 461, 2),
(462, '0.00', '2020-01-31', 462, 88),
(463, '0.00', '2019-11-30', 463, 89),
(464, '2.00', '2019-12-31', 464, 91),
(465, '1.00', '2019-06-30', 465, 92),
(466, '0.00', '2019-12-31', 466, 90),
(467, '2.00', '2019-12-31', 467, 92),
(468, '1.00', '2020-01-31', 468, 93),
(469, '1.00', '2019-11-30', 469, 93),
(470, '0.00', '2019-06-30', 470, 99),
(471, '1.00', '2019-07-31', 471, 97),
(472, '2.00', '2019-09-30', 472, 98),
(473, '1.00', '2019-04-30', 473, 100),
(474, '3.00', '2019-09-30', 474, 101),
(475, '1.00', '2019-10-31', 475, 102),
(476, '3.00', '2019-09-30', 476, 102),
(477, '0.00', '2019-09-30', 477, 103),
(478, '1.00', '2019-07-31', 478, 107),
(479, '2.00', '2019-08-31', 479, 106),
(480, '1.00', '2019-08-31', 480, 105),
(481, '1.00', '2020-05-31', 481, 126),
(482, '1.00', '2019-04-30', 482, 127),
(483, '1.00', '2018-12-31', 483, 97),
(484, '2.00', '2020-01-31', 484, 96),
(485, '1.00', '2020-03-31', 485, 108),
(486, '1.00', '2020-06-30', 486, 108),
(487, '0.00', '2019-12-31', 487, 109),
(488, '3.00', '2020-05-31', 488, 112),
(489, '4.00', '2020-05-31', 489, 113),
(490, '1.00', '2020-04-30', 490, 114),
(491, '1.00', '2020-05-31', 491, 115),
(492, '0.00', '2020-05-31', 492, 116),
(493, '1.00', '2019-12-31', 493, 123),
(494, '1.00', '2019-12-31', 494, 124),
(495, '1.00', '2019-12-31', 495, 125),
(496, '0.00', '2019-12-30', 496, 118),
(497, '1.00', '2020-04-30', 497, 119),
(498, '2.00', '2020-04-30', 498, 120),
(499, '1.00', '2020-03-30', 499, 121),
(500, '2.00', '2020-03-30', 500, 148),
(501, '1.00', '2019-11-30', 501, 132),
(502, '1.00', '2019-11-30', 502, 131),
(503, '1.00', '2020-05-05', 503, 117),
(504, '10.00', '2019-03-31', 504, 150),
(505, '1.00', '2019-07-31', 505, 151),
(506, '60.00', '2019-07-31', 506, 152),
(507, '90.00', '2020-02-29', 507, 153),
(508, '30.00', '2020-11-30', 508, 154),
(509, '20.00', '2022-04-30', 509, 155),
(510, '20.00', '2020-09-30', 510, 156),
(511, '0.00', '2020-08-31', 511, 157),
(512, '28.00', '2019-01-31', 512, 158),
(513, '14.00', '2019-11-30', 513, 159),
(514, '7.00', '2019-07-31', 514, 160),
(515, '30.00', '2019-02-28', 515, 161),
(516, '50.00', '2020-04-30', 516, 162),
(517, '30.00', '2019-05-31', 517, 163),
(518, '56.00', '2023-03-31', 518, 164),
(519, '20.00', '2022-02-28', 519, 165),
(520, '1.00', '2020-05-31', 520, 166),
(521, '10.00', '2019-03-31', 521, 170),
(522, '40.00', '2020-02-29', 522, 195),
(523, '10.00', '2021-12-31', 523, 171),
(524, '50.00', '2021-08-31', 524, 172),
(525, '30.00', '2020-05-31', 525, 172),
(526, '50.00', '2020-07-31', 526, 167),
(527, '4.00', '2020-05-31', 527, 174),
(528, '2.00', '2020-05-31', 528, 175),
(529, '5.00', '2023-07-31', 529, 176),
(530, '3.00', '2022-12-31', 530, 196),
(531, '0.00', '2019-05-31', 531, 197),
(532, '20.00', '2020-03-31', 532, 209),
(533, '10.00', '2020-10-31', 533, 200),
(534, '30.00', '2019-01-31', 534, 199),
(535, '20.00', '2019-04-30', 535, 198),
(536, '30.00', '2020-08-31', 536, 207),
(537, '72.00', '2020-03-31', 537, 201),
(538, '70.00', '2023-04-30', 538, 202),
(539, '140.00', '2023-07-31', 539, 203),
(540, '10.00', '2019-06-30', 540, 204),
(541, '18.00', '2020-03-31', 541, 205),
(542, '12.00', '2020-04-30', 542, 206),
(543, '14.00', '2020-07-31', 543, 211),
(544, '0.00', '2021-01-31', 544, 212),
(545, '60.00', '2019-12-31', 545, 213),
(546, '10.00', '2021-01-31', 546, 214),
(547, '30.00', '2020-03-31', 547, 215),
(548, '30.00', '2020-05-31', 548, 216),
(549, '0.00', '2021-07-31', 549, 217),
(550, '6.00', '2020-12-31', 550, 218),
(551, '28.00', '2019-02-28', 551, 219),
(552, '56.00', '2020-03-31', 552, 220),
(553, '120.00', '2020-01-31', 553, 221),
(554, '0.00', '2020-02-29', 554, 222),
(555, '76.00', '2020-02-29', 555, 223),
(556, '35.00', '2021-02-28', 556, 224),
(557, '14.00', '2021-03-31', 557, 226),
(558, '14.00', '2019-04-30', 558, 225),
(559, '14.00', '2019-10-31', 559, 225),
(560, '1.00', '2021-06-30', 560, 227),
(561, '5.00', '2023-07-31', 561, 230),
(562, '30.00', '2020-05-31', 562, 231),
(563, '84.00', '2021-04-30', 563, 232),
(564, '18.00', '2020-06-30', 564, 233),
(565, '50.00', '2020-06-30', 565, 229),
(566, '30.00', '2023-06-30', 566, 228),
(567, '4.00', '2020-01-31', 567, 234),
(568, '30.00', '2023-06-30', 568, 235),
(569, '50.00', '2019-03-31', 569, 236),
(570, '50.00', '2020-06-30', 570, 236),
(571, '12.00', '2020-05-31', 571, 237),
(572, '4.00', '2019-12-31', 572, 177),
(573, '3.00', '2019-06-30', 573, 178),
(574, '4.00', '2021-09-30', 574, 179),
(575, '3.00', '2020-07-31', 575, 180),
(576, '0.00', '2020-07-31', 576, 181),
(577, '1.00', '2021-03-31', 577, 182),
(578, '4.00', '2021-05-31', 578, 183),
(579, '27.00', '2021-08-31', 579, 184),
(580, '2.00', '2020-08-31', 580, 185),
(581, '3.00', '2019-05-31', 581, 186),
(582, '0.00', '2019-07-31', 582, 334),
(583, '5.00', '2019-02-28', 583, 187),
(584, '1.00', '2019-01-31', 584, 189),
(585, '2.00', '2020-07-31', 585, 190),
(586, '10.00', '2020-07-31', 586, 194),
(587, '3.00', '2020-02-29', 587, 238),
(588, '1.00', '2020-04-30', 588, 239),
(589, '0.00', '2021-05-31', 589, 240),
(590, '10.00', '2021-05-31', 590, 241),
(591, '2.00', '2019-09-30', 591, 243),
(592, '2.00', '2020-09-30', 592, 242),
(593, '2.00', '2020-03-31', 593, 244),
(594, '1.00', '2021-06-30', 594, 245),
(595, '4.00', '2021-04-30', 595, 246),
(596, '1.00', '2019-09-30', 596, 247),
(597, '4.00', '2019-01-31', 597, 248),
(598, '0.00', '2020-04-30', 598, 249),
(599, '2.00', '2021-04-30', 599, 249),
(600, '1.00', '2019-06-30', 600, 250),
(601, '2.00', '2019-12-31', 601, 250),
(602, '1.00', '2019-05-31', 602, 251),
(603, '0.00', '2020-06-30', 603, 252),
(604, '2.00', '2020-08-31', 604, 254),
(605, '1.00', '2019-03-31', 605, 255),
(606, '1.00', '2019-07-31', 606, 255),
(607, '1.00', '2019-05-31', 607, 256),
(608, '1.00', '2019-11-30', 608, 256),
(609, '6.00', '2022-08-31', 609, 257),
(610, '2.00', '2022-03-31', 610, 258),
(611, '2.00', '2020-08-31', 611, 259),
(612, '1.00', '2020-02-29', 612, 259),
(613, '1.00', '2020-03-31', 613, 259),
(614, '0.00', '2020-08-31', 614, 260),
(615, '1.00', '2020-11-30', 615, 262),
(616, '3.00', '2020-09-30', 616, 262),
(617, '1.00', '2021-03-31', 617, 262),
(618, '2.00', '2020-04-30', 618, 263),
(619, '1.00', '2020-01-31', 619, 263),
(620, '1.00', '2020-04-30', 620, 264),
(621, '1.00', '2019-11-30', 621, 265),
(622, '2.00', '2020-03-31', 622, 266),
(623, '2.00', '2020-06-30', 623, 267),
(624, '3.00', '2020-08-31', 624, 268),
(625, '1.00', '2020-01-31', 625, 269),
(626, '16.00', '2020-01-31', 626, 191),
(627, '39.00', '2020-06-30', 627, 192),
(628, '40.00', '2020-06-30', 628, 193),
(629, '20.00', '2019-12-31', 629, 290),
(630, '20.00', '2020-02-29', 630, 290),
(631, '20.00', '2020-04-30', 631, 291),
(632, '38.00', '2023-04-30', 632, 289),
(633, '14.00', '2022-10-31', 633, 287),
(634, '38.00', '2023-03-31', 634, 286),
(635, '60.00', '2020-01-31', 635, 295),
(636, '30.00', '2020-04-30', 636, 296),
(637, '0.00', '2019-03-30', 637, 298),
(638, '6.00', '2019-04-30', 638, 297),
(639, '14.00', '2019-06-30', 639, 297),
(640, '269.00', '2021-07-31', 640, 283),
(641, '10.00', '2023-07-31', 641, 283),
(642, '30.00', '2019-06-30', 642, 285),
(643, '30.00', '2023-01-31', 643, 284),
(644, '30.00', '2022-11-30', 644, 284),
(645, '0.00', '2019-08-31', 645, 282),
(646, '0.00', '2020-02-29', 646, 282),
(647, '28.00', '2019-07-31', 647, 281),
(648, '14.00', '2019-10-31', 648, 281),
(649, '0.00', '2019-02-28', 649, 279),
(650, '0.00', '2019-06-30', 650, 279),
(651, '30.00', '2019-07-31', 651, 280),
(652, '14.00', '2020-01-31', 652, 273),
(653, '-28.00', '2021-03-31', 653, 274),
(654, '28.00', '2019-01-31', 654, 275),
(655, '0.00', '2019-04-30', 655, 276),
(656, '28.00', '2019-06-30', 656, 277),
(657, '10.00', '2019-02-28', 657, 299),
(658, '20.00', '2020-05-31', 658, 300),
(659, '10.00', '2020-03-31', 659, 300),
(660, '10.00', '2020-06-30', 660, 302),
(661, '20.00', '2020-06-30', 661, 303),
(662, '0.00', '2021-06-30', 662, 304),
(663, '20.00', '2020-05-31', 663, 306),
(664, '10.00', '2020-01-31', 664, 307),
(665, '10.00', '2020-04-30', 665, 307),
(666, '14.00', '2019-11-30', 666, 308),
(667, '14.00', '2019-09-30', 667, 309),
(668, '10.00', '2019-11-30', 668, 288),
(669, '0.00', '2023-02-28', 669, 301),
(670, '170.00', '2021-07-20', 670, 353),
(671, '0.00', '2020-09-30', 671, 315),
(672, '20.00', '2021-01-31', 672, 314),
(673, '-20.00', '2021-06-30', 673, 314),
(674, '0.00', '2021-03-31', 674, 499),
(675, '0.00', '2020-02-29', 675, 317),
(676, '3.00', '2021-03-31', 676, 182),
(677, '50.00', '2020-07-31', 677, 388),
(678, '16.00', '2019-07-31', 678, 387),
(679, '30.00', '2020-02-29', 679, 389),
(680, '7.00', '2019-11-30', 680, 384),
(681, '1.00', '2019-11-30', 681, 379),
(682, '1.00', '2019-11-30', 682, 382),
(683, '0.00', '2019-04-30', 683, 386),
(684, '1.00', '2019-10-31', 684, 383),
(685, '2.00', '2019-09-30', 685, 381),
(686, '2.00', '2019-10-31', 686, 385),
(687, '4.00', '2019-10-31', 687, 377),
(688, '3.00', '2018-12-31', 688, 380),
(689, '20.00', '2019-10-31', 689, 371),
(690, '0.00', '2020-07-31', 690, 373),
(691, '14.00', '2019-07-31', 691, 372),
(692, '10.00', '2021-06-30', 692, 375),
(693, '0.00', '2020-07-31', 693, 500),
(694, '10.00', '2019-12-31', 694, 338),
(695, '0.00', '2021-06-30', 695, 374),
(696, '14.00', '2020-02-29', 696, 368),
(697, '14.00', '2020-02-29', 697, 369),
(698, '30.00', '2020-06-30', 698, 367),
(699, '10.00', '2020-11-30', 699, 365),
(700, '0.00', '2021-03-31', 700, 364),
(701, '20.00', '2020-10-31', 701, 362),
(702, '20.00', '2020-10-31', 702, 363),
(703, '0.00', '2023-08-31', 703, 361),
(704, '70.00', '2023-09-30', 704, 359),
(705, '20.00', '2019-02-28', 705, 360),
(706, '10.00', '2023-09-30', 706, 358),
(707, '30.00', '2020-05-31', 707, 357),
(708, '30.00', '2019-09-30', 708, 357),
(709, '100.00', '2020-12-31', 709, 356),
(710, '80.00', '2019-01-31', 710, 350),
(711, '40.00', '2020-09-30', 711, 349),
(712, '27.00', '2020-07-31', 712, 355),
(713, '78.00', '2020-02-29', 713, 354),
(714, '10.00', '2020-05-31', 714, 348),
(715, '10.00', '2020-10-31', 715, 347),
(716, '125.00', '2020-07-31', 716, 345),
(717, '20.00', '2019-02-28', 717, 351),
(718, '30.00', '2019-06-30', 718, 351),
(719, '0.00', '2020-01-31', 719, 340),
(720, '1.00', '2020-02-29', 720, 342),
(721, '1.00', '2019-07-31', 721, 339),
(722, '170.00', '2020-07-31', 722, 344),
(723, '40.00', '2020-08-31', 723, 343),
(724, '10.00', '2020-08-31', 724, 337),
(725, '7.00', '2021-07-31', 725, 336),
(726, '70.00', '2021-07-31', 726, 335),
(727, '1.00', '2019-09-30', 727, 334),
(728, '2.00', '2019-07-31', 728, 333),
(729, '1.00', '2019-07-31', 729, 332),
(730, '2.00', '2019-07-31', 730, 331),
(731, '0.00', '2021-08-31', 731, 316),
(732, '20.00', '2021-05-31', 732, 305),
(733, '30.00', '2021-01-31', 733, 318),
(734, '30.00', '2020-07-31', 734, 319),
(735, '50.00', '2020-11-30', 735, 311),
(736, '100.00', '2021-04-30', 736, 312),
(737, '40.00', '2021-04-30', 737, 310),
(738, '30.00', '2019-12-31', 738, 319),
(739, '30.00', '2019-11-30', 739, 320),
(740, '0.00', '2021-08-31', 740, 330),
(741, '30.00', '2019-11-30', 741, 323),
(742, '30.00', '2019-10-31', 742, 321),
(743, '0.00', '2020-05-31', 743, 322),
(744, '0.00', '2020-05-31', 744, 325),
(745, '20.00', '2020-05-31', 745, 324),
(746, '4.00', '2020-01-31', 746, 326),
(747, '0.00', '2019-09-30', 747, 329),
(748, '1.00', '2019-12-31', 748, 328),
(749, '1.00', '2020-07-31', 749, 328),
(750, '193.00', '2020-07-31', 750, 400),
(751, '20.00', '2020-07-31', 751, 401),
(752, '0.00', '2020-05-30', 752, 403),
(753, '14.00', '2020-02-26', 753, 405),
(754, '14.00', '2019-12-28', 754, 406),
(755, '10.00', '2019-11-28', 755, 404),
(756, '28.00', '2020-07-30', 756, 411),
(757, '10.00', '2021-07-29', 757, 402),
(758, '28.00', '2022-05-31', 758, 580),
(759, '14.00', '2022-05-31', 759, 581),
(760, '7.00', '2020-01-31', 760, 417),
(761, '28.00', '2020-05-31', 761, 407),
(762, '14.00', '2020-03-31', 762, 418),
(763, '14.00', '2020-05-31', 763, 419),
(764, '0.00', '2018-12-31', 764, 420),
(765, '10.00', '2020-05-31', 765, 420),
(766, '20.00', '2019-02-28', 766, 421),
(767, '0.00', '2020-07-31', 767, 422),
(768, '0.00', '2020-05-31', 768, 396),
(769, '7.00', '2019-11-30', 769, 396),
(770, '14.00', '2020-03-31', 770, 394),
(771, '20.00', '2019-02-28', 771, 397),
(772, '0.00', '2020-03-31', 772, 390),
(773, '40.00', '2019-08-31', 773, 393),
(774, '10.00', '2020-04-30', 774, 391),
(775, '10.00', '2020-02-29', 775, 392),
(776, '0.00', '2020-05-31', 776, 398),
(777, '49.00', '2020-05-31', 777, 399),
(778, '56.00', '2020-08-31', 778, 423),
(779, '28.00', '2020-06-30', 779, 424),
(780, '28.00', '2020-08-31', 780, 425),
(781, '20.00', '2020-07-31', 781, 427),
(782, '10.00', '2020-03-31', 782, 428),
(783, '14.00', '2020-03-31', 783, 429),
(784, '14.00', '2019-01-31', 784, 430),
(785, '28.00', '2020-07-31', 785, 431),
(786, '28.00', '2019-08-31', 786, 432),
(787, '0.00', '2020-02-29', 787, 433),
(788, '30.00', '2019-08-31', 788, 434),
(789, '30.00', '2020-03-31', 789, 435),
(790, '14.00', '2020-06-30', 790, 441),
(791, '28.00', '2019-12-31', 791, 442),
(792, '14.00', '2020-06-30', 792, 440),
(793, '20.00', '2020-01-31', 793, 437),
(794, '20.00', '2020-01-31', 794, 438),
(795, '28.00', '2019-04-30', 795, 439),
(796, '28.00', '2021-07-31', 796, 443),
(797, '28.00', '2020-04-30', 797, 443),
(798, '56.00', '2021-07-31', 798, 444),
(799, '14.00', '2021-02-28', 799, 445),
(800, '28.00', '2021-07-31', 800, 445),
(801, '30.00', '2019-06-30', 801, 446),
(802, '30.00', '2019-03-31', 802, 447),
(803, '30.00', '2019-08-31', 803, 447),
(804, '10.00', '2019-07-31', 804, 451),
(805, '20.00', '2020-05-31', 805, 448),
(806, '12.00', '2021-06-30', 806, 449),
(807, '1.00', '2020-05-31', 807, 450),
(808, '2.00', '2020-05-31', 808, 452),
(809, '10.00', '2020-02-29', 809, 453),
(810, '30.00', '2019-10-31', 810, 454),
(811, '1.00', '2020-05-31', 811, 455),
(812, '6.00', '2020-08-31', 812, 501),
(813, '3.00', '2020-08-31', 813, 502),
(814, '4.00', '2019-12-31', 814, 503),
(815, '2.00', '2020-02-29', 815, 505),
(816, '2.00', '2020-03-31', 816, 504),
(817, '140.00', '2020-03-31', 817, 506),
(818, '3.00', '2021-05-26', 818, 507),
(819, '1.00', '2019-09-30', 819, 508),
(820, '0.00', '2020-08-31', 820, 509),
(821, '27.00', '2020-07-31', 821, 512),
(822, '63.00', '2020-06-29', 822, 510),
(823, '13.00', '2019-04-30', 823, 511),
(824, '24.00', '2020-08-31', 824, 513),
(825, '70.00', '2020-08-31', 825, 514),
(826, '140.00', '2019-05-31', 826, 515),
(827, '1.00', '2020-03-31', 827, 520),
(828, '1.00', '2019-10-31', 828, 526),
(829, '20.00', '2020-03-31', 829, 516),
(830, '5.00', '2022-04-30', 830, 527),
(831, '30.00', '2020-03-31', 831, 525),
(832, '0.00', '2019-07-31', 832, 521),
(833, '70.00', '2020-02-29', 833, 524),
(834, '0.00', '2019-06-30', 834, 523),
(835, '40.00', '2019-12-31', 835, 522),
(836, '190.00', '2022-08-31', 836, 518),
(837, '54.00', '2023-04-30', 837, 517),
(838, '130.00', '2020-03-31', 838, 519),
(839, '1.00', '2020-07-31', 839, 579),
(840, '0.00', '2020-06-30', 840, 578),
(841, '30.00', '2020-05-31', 841, 577),
(842, '17.00', '2020-08-31', 842, 574),
(843, '28.00', '2020-08-31', 843, 575),
(844, '28.00', '2020-08-31', 844, 576),
(845, '28.00', '2020-08-31', 845, 593),
(846, '56.00', '2020-06-30', 846, 597),
(847, '14.00', '2020-08-31', 847, 595),
(848, '56.00', '2020-08-31', 848, 596),
(849, '100.00', '2020-03-31', 849, 592),
(850, '12.00', '2020-05-31', 850, 496),
(851, '182.00', '2021-06-30', 851, 495),
(852, '111.00', '2020-11-30', 852, 497),
(853, '80.00', '2021-04-30', 853, 497),
(854, '-40.00', '2021-03-31', 854, 498),
(855, '80.00', '2020-09-30', 855, 498),
(856, '0.00', '2020-12-31', 856, 485),
(857, '0.00', '2021-02-28', 857, 492),
(858, '380.00', '2021-07-31', 858, 494),
(859, '14.00', '2020-04-30', 859, 487),
(860, '28.00', '2020-10-31', 860, 487),
(861, '28.00', '2020-01-31', 861, 490),
(862, '28.00', '2020-01-31', 862, 491),
(863, '30.00', '2019-10-31', 863, 488),
(864, '40.00', '2021-06-30', 864, 483),
(865, '100.00', '2021-07-31', 865, 483),
(866, '10.00', '2020-02-29', 866, 484),
(867, '30.00', '2020-09-30', 867, 484),
(868, '0.00', '2018-12-31', 868, 482),
(869, '0.00', '2020-11-30', 869, 480),
(870, '0.00', '2020-12-31', 870, 480),
(871, '30.00', '2020-08-31', 871, 477),
(872, '30.00', '2021-01-31', 872, 479),
(873, '15.00', '2020-10-31', 873, 478),
(874, '14.00', '2020-08-31', 874, 475),
(875, '56.00', '2020-10-31', 875, 475),
(876, '28.00', '2020-06-30', 876, 476),
(877, '28.00', '2019-08-31', 877, 476),
(878, '0.00', '2020-10-30', 878, 473),
(879, '0.00', '2021-01-31', 879, 473),
(880, '30.00', '2021-07-31', 880, 473),
(881, '10.00', '2019-05-31', 881, 474),
(882, '10.00', '2021-01-30', 882, 474),
(883, '5.00', '2019-10-31', 883, 472),
(884, '28.00', '2020-05-31', 884, 472),
(885, '19.00', '2020-05-31', 885, 471),
(886, '40.00', '2020-07-31', 886, 471),
(887, '10.00', '2019-08-28', 887, 469),
(888, '20.00', '2020-12-31', 888, 469),
(889, '10.00', '2021-06-30', 889, 468),
(890, '60.00', '2020-05-31', 890, 470),
(891, '180.00', '2021-04-30', 891, 470),
(892, '60.00', '2021-02-27', 892, 467),
(893, '30.00', '2020-05-31', 893, 467),
(894, '42.00', '2020-02-29', 894, 465),
(895, '3.00', '2021-08-31', 895, 464),
(896, '1.00', '2019-07-31', 896, 463),
(897, '1.00', '2019-07-31', 897, 462),
(898, '2.00', '2019-09-30', 898, 461),
(899, '0.00', '2019-02-28', 899, 460),
(900, '40.00', '2020-09-30', 900, 459),
(901, '60.00', '2020-08-31', 901, 457),
(902, '20.00', '2019-04-30', 902, 458),
(903, '1.00', '2020-05-31', 903, 456),
(904, '14.00', '2022-08-31', 904, 561),
(905, '30.00', '2019-07-31', 905, 562),
(906, '0.00', '2020-03-26', 906, 558),
(907, '21.00', '2019-06-30', 907, 556),
(908, '14.00', '2019-10-31', 908, 557),
(909, '28.00', '2020-07-31', 909, 554),
(910, '28.00', '2019-05-31', 910, 555),
(911, '28.00', '2020-02-29', 911, 555),
(912, '20.00', '2020-03-31', 912, 551),
(913, '30.00', '2020-10-31', 913, 553),
(914, '28.00', '2020-08-31', 914, 569),
(915, '28.00', '2020-05-31', 915, 570),
(916, '26.00', '2019-12-31', 916, 598),
(917, '10.00', '2020-03-31', 917, 567),
(918, '30.00', '2019-09-30', 918, 568),
(919, '42.00', '2019-11-30', 919, 563),
(920, '20.00', '2019-08-31', 920, 565),
(921, '30.00', '2020-03-31', 921, 564),
(922, '20.00', '2020-07-31', 922, 559),
(923, '14.00', '2019-12-31', 923, 560),
(924, '7.00', '2020-01-31', 924, 561),
(925, '10.00', '2021-06-30', 925, 599),
(926, '10.00', '2021-06-30', 926, 552),
(927, '10.00', '2020-08-31', 927, 550),
(928, '12.00', '2021-04-30', 928, 549),
(929, '6.00', '2021-04-30', 929, 548),
(930, '30.00', '2021-02-27', 930, 546),
(931, '30.00', '2021-04-30', 931, 547),
(932, '100.00', '2020-05-31', 932, 543),
(933, '0.00', '2019-07-31', 933, 544),
(934, '20.00', '2019-10-31', 934, 544),
(935, '0.00', '2020-07-31', 935, 545),
(936, '0.00', '2021-04-30', 936, 542),
(937, '0.00', '2020-07-31', 937, 541),
(938, '21.00', '2020-08-31', 938, 540),
(939, '40.00', '2021-04-30', 939, 539),
(940, '20.00', '2020-05-31', 940, 537),
(941, '40.00', '2020-07-31', 941, 536),
(942, '50.00', '2019-10-31', 942, 538),
(943, '20.00', '2019-05-31', 943, 535),
(944, '39.00', '2019-09-30', 944, 534),
(945, '20.00', '2020-06-30', 945, 534),
(946, '40.00', '2020-06-30', 946, 533),
(947, '0.00', '2020-08-31', 947, 532),
(948, '20.00', '2019-08-31', 948, 530),
(949, '20.00', '2020-03-31', 949, 531),
(950, '20.00', '2019-06-30', 950, 529),
(951, '1.00', '2020-05-31', 951, 601),
(952, '11.00', '2020-03-31', 952, 602),
(953, '3.00', '2021-06-30', 953, 603),
(954, '2.00', '2020-04-30', 954, 604),
(955, '10.00', '2020-12-31', 955, 606),
(956, '1.00', '2020-12-31', 956, 607),
(957, '5.00', '2021-04-30', 957, 607),
(958, '4.00', '2020-08-31', 958, 608),
(959, '4.00', '2019-10-31', 959, 609),
(960, '2.00', '2021-09-30', 960, 610),
(961, '4.00', '2019-12-31', 961, 611),
(962, '6.00', '2019-09-30', 962, 612),
(963, '0.00', '2019-09-30', 963, 613),
(964, '19.00', '2021-07-31', 964, 614),
(965, '1.00', '2020-11-30', 965, 613),
(966, '4.00', '2020-06-30', 966, 615),
(967, '2.00', '2020-06-30', 967, 617),
(968, '3.00', '2020-01-31', 968, 616),
(969, '9.00', '2020-03-31', 969, 619),
(970, '0.00', '2019-12-31', 970, 620),
(971, '0.00', '2021-09-30', 971, 621),
(972, '2.00', '2023-04-30', 972, 622),
(973, '0.00', '2020-07-31', 973, 618),
(974, '1.00', '2019-08-31', 974, 623),
(975, '4.00', '2020-02-29', 975, 626),
(976, '1.00', '2020-01-29', 976, 627),
(977, '2.00', '2019-09-30', 977, 628),
(978, '7.00', '2021-06-30', 978, 629),
(979, '2.00', '2020-05-31', 979, 630),
(980, '10.00', '2020-08-31', 980, 631),
(981, '6.00', '2020-07-31', 981, 632),
(982, '11.00', '2021-06-30', 982, 633),
(983, '1.00', '2020-07-31', 983, 271),
(984, '5.00', '2019-10-31', 984, 272),
(985, '4.00', '2020-03-31', 985, 270),
(986, '8.00', '2023-03-31', 986, 286),
(987, '1.00', '2020-01-09', 987, 691),
(988, '0.00', '2020-07-31', 988, 364),
(989, '50.00', '2021-11-26', 989, 366),
(990, '30.00', '2020-10-01', 990, 337),
(991, '28.00', '2020-04-03', 991, 690),
(992, '14.00', '2020-03-03', 992, 692),
(993, '0.00', '2019-11-22', 993, 676),
(994, '60.00', '2021-02-02', 994, 677),
(995, '30.00', '2019-07-04', 995, 678),
(996, '50.00', '2021-04-01', 996, 683),
(997, '50.00', '2020-02-03', 997, 686),
(998, '50.00', '2020-02-04', 998, 685),
(999, '24.00', '2021-02-02', 999, 682),
(1000, '10.00', '2020-04-04', 1000, 681),
(1001, '10.00', '2020-04-03', 1001, 684),
(1002, '20.00', '2019-08-09', 1002, 680),
(1003, '10.00', '2019-10-08', 1003, 679),
(1004, '-14.00', '2020-12-11', 1004, 687),
(1005, '12.00', '2020-01-06', 1005, 688),
(1006, '0.00', '2021-07-08', 1006, 689),
(1007, '3.00', '2020-02-04', 1007, 634),
(1008, '100.00', '2020-03-04', 1008, 635),
(1009, '350.00', '2020-06-02', 1009, 636),
(1010, '12.00', '2019-12-14', 1010, 641),
(1011, '0.00', '2020-05-05', 1011, 639),
(1012, '18.00', '2020-02-04', 1012, 640),
(1013, '28.00', '2019-05-06', 1013, 637),
(1014, '40.00', '2021-04-15', 1014, 642),
(1015, '40.00', '2019-05-06', 1015, 643),
(1016, '0.00', '2020-03-03', 1016, 644),
(1017, '10.00', '2020-10-13', 1017, 646),
(1018, '10.00', '2019-02-05', 1018, 645),
(1019, '8.00', '2020-09-07', 1019, 646),
(1020, '70.00', '2019-07-04', 1020, 648),
(1021, '6.00', '2020-04-03', 1021, 650),
(1022, '6.00', '2020-03-05', 1022, 650),
(1023, '0.00', '2019-02-05', 1023, 649),
(1024, '60.00', '2019-10-08', 1024, 651),
(1025, '12.00', '2020-02-04', 1025, 644),
(1026, '134.00', '2021-07-08', 1026, 647),
(1027, '183.00', '2020-02-04', 1027, 653),
(1028, '90.00', '2020-02-04', 1028, 654),
(1029, '20.00', '2020-05-04', 1029, 655),
(1030, '0.00', '2023-04-01', 1030, 658),
(1031, '10.00', '2019-03-03', 1031, 657),
(1032, '20.00', '2019-10-09', 1032, 657),
(1033, '0.00', '2021-02-02', 1033, 656),
(1034, '6.00', '2020-04-02', 1034, 650),
(1035, '10.00', '2019-06-04', 1035, 659),
(1036, '12.00', '2021-07-08', 1036, 664),
(1037, '20.00', '2019-11-14', 1037, 663),
(1038, '20.00', '2020-11-12', 1038, 665),
(1039, '14.00', '2020-03-03', 1039, 661),
(1040, '14.00', '2020-02-03', 1040, 660),
(1041, '7.00', '2019-09-04', 1041, 660),
(1042, '50.00', '2020-07-08', 1042, 662),
(1043, '0.00', '2020-01-05', 1043, 667),
(1044, '150.00', '2021-05-03', 1044, 668),
(1045, '30.00', '2019-03-01', 1045, 669),
(1046, '0.00', '2020-11-12', 1046, 670),
(1047, '236.00', '2021-07-07', 1047, 671),
(1048, '210.00', '2020-07-09', 1048, 672),
(1049, '200.00', '2021-04-09', 1049, 673),
(1050, '20.00', '2020-01-05', 1050, 675),
(1051, '0.00', '2021-06-01', 1051, 674),
(1052, '14.00', '2020-01-07', 1052, 693),
(1053, '180.00', '2020-03-01', 1053, 694),
(1054, '30.00', '2020-03-31', 1054, 715),
(1055, '30.00', '2019-09-30', 1055, 716),
(1056, '60.00', '2020-06-30', 1056, 717),
(1057, '20.00', '2020-03-31', 1057, 717),
(1058, '10.00', '2019-02-28', 1058, 718),
(1059, '30.00', '2020-05-31', 1059, 718),
(1060, '30.00', '2020-08-31', 1060, 719),
(1061, '30.00', '2019-12-31', 1061, 720),
(1062, '30.00', '2020-02-29', 1062, 720),
(1063, '90.00', '2020-11-30', 1063, 734),
(1064, '10.00', '2020-11-30', 1064, 737),
(1065, '40.00', '2021-02-21', 1065, 723),
(1066, '40.00', '2020-04-30', 1066, 730),
(1067, '0.00', '2021-08-31', 1067, 735),
(1068, '40.00', '2022-03-31', 1068, 729),
(1069, '20.00', '2023-07-31', 1069, 728),
(1070, '0.00', '2021-05-31', 1070, 725),
(1071, '20.00', '2019-05-31', 1071, 724),
(1072, '40.00', '2019-12-31', 1072, 727),
(1073, '20.00', '2020-12-31', 1073, 726),
(1074, '20.00', '2020-12-31', 1074, 721),
(1075, '1.00', '2020-02-29', 1075, 736),
(1076, '40.00', '2020-06-30', 1076, 731),
(1077, '30.00', '2020-03-31', 1077, 733),
(1078, '30.00', '2020-02-29', 1078, 733),
(1079, '30.00', '2020-05-31', 1079, 741),
(1080, '60.00', '2021-07-31', 1080, 751),
(1081, '1.00', '2020-02-29', 1081, 745),
(1082, '20.00', '2020-01-31', 1082, 742),
(1083, '14.00', '2020-01-31', 1083, 743),
(1084, '14.00', '2020-03-31', 1084, 743),
(1085, '20.00', '2019-07-31', 1085, 738),
(1086, '10.00', '2020-06-30', 1086, 750),
(1087, '0.00', '2019-11-30', 1087, 740),
(1088, '20.00', '2021-05-31', 1088, 739),
(1089, '10.00', '2020-03-31', 1089, 747),
(1090, '30.00', '2020-07-31', 1090, 747),
(1091, '0.00', '2021-08-31', 1091, 746),
(1092, '10.00', '2019-12-31', 1092, 748),
(1093, '5.00', '2019-08-31', 1093, 749),
(1094, '14.00', '2019-07-31', 1094, 744),
(1095, '14.00', '2020-07-31', 1095, 705),
(1096, '28.00', '2020-06-30', 1096, 706),
(1097, '14.00', '2020-04-30', 1097, 706),
(1098, '0.00', '2020-05-31', 1098, 707),
(1099, '0.00', '2020-05-31', 1099, 714),
(1100, '14.00', '2020-04-30', 1100, 710),
(1101, '14.00', '2020-02-29', 1101, 711),
(1102, '218.00', '2020-05-31', 1102, 709),
(1103, '0.00', '2020-07-31', 1103, 703),
(1104, '28.00', '2019-10-31', 1104, 704),
(1105, '20.00', '2020-05-31', 1105, 708),
(1106, '10.00', '2020-04-30', 1106, 713),
(1107, '14.00', '2019-12-31', 1107, 712),
(1108, '0.00', '2020-08-31', 1108, 701),
(1109, '14.00', '2020-06-30', 1109, 702),
(1110, '14.00', '2019-09-30', 1110, 755),
(1111, '14.00', '2019-05-31', 1111, 754),
(1112, '14.00', '2019-08-31', 1112, 756),
(1113, '30.00', '2020-02-29', 1113, 753),
(1114, '30.00', '2021-02-28', 1114, 752),
(1115, '14.00', '2020-03-31', 1115, 758),
(1116, '14.00', '2020-07-31', 1116, 759),
(1117, '0.00', '2021-06-30', 1117, 700),
(1118, '14.00', '2021-07-31', 1118, 699),
(1119, '14.00', '2021-04-30', 1119, 700),
(1120, '28.00', '2020-04-30', 1120, 695),
(1121, '14.00', '2020-02-29', 1121, 696),
(1122, '20.00', '2020-06-30', 1122, 697),
(1123, '20.00', '2019-11-30', 1123, 698),
(1124, '0.00', '2020-08-31', 1124, 409),
(1125, '56.00', '2020-07-31', 1125, 411),
(1126, '28.00', '2020-07-31', 1126, 413),
(1127, '14.00', '2020-07-31', 1127, 414),
(1128, '14.00', '2020-07-31', 1128, 412),
(1129, '40.00', '2020-08-31', 1129, 766),
(1130, '0.00', '2020-08-31', 1130, 767),
(1131, '20.00', '2019-12-31', 1131, 768),
(1132, '20.00', '2023-05-08', 1132, 762),
(1133, '20.00', '2022-05-02', 1133, 763),
(1134, '9.00', '2019-09-09', 1134, 765),
(1135, '20.00', '2020-03-05', 1135, 765),
(1136, '60.00', '2022-07-31', 1136, 769),
(1137, '20.00', '2021-11-30', 1137, 771),
(1138, '20.00', '2020-11-30', 1138, 760),
(1139, '0.00', '2022-02-28', 1139, 760),
(1140, '20.00', '2020-12-31', 1140, 761),
(1141, '40.00', '2021-06-30', 1141, 772),
(1142, '0.00', '2020-09-30', 1142, 773),
(1143, '0.00', '2020-04-30', 1143, 773),
(1144, '120.00', '2020-08-31', 1144, 770),
(1145, '29.00', '2020-04-30', 1145, 791),
(1146, '28.00', '2019-10-31', 1146, 793),
(1147, '14.00', '2020-05-31', 1147, 792),
(1148, '14.00', '2020-09-30', 1148, 792),
(1149, '14.00', '2020-06-30', 1149, 795),
(1150, '20.00', '2021-05-31', 1150, 794),
(1151, '20.00', '2019-04-30', 1151, 800),
(1152, '10.00', '2020-06-30', 1152, 798),
(1153, '20.00', '2020-06-30', 1153, 797),
(1154, '10.00', '2020-06-30', 1154, 799),
(1155, '40.00', '2019-09-30', 1155, 796),
(1156, '45.00', '2022-05-31', 1156, 784),
(1157, '14.00', '2020-09-30', 1157, 788),
(1158, '10.00', '2020-05-31', 1158, 787),
(1159, '0.00', '2020-09-30', 1159, 786),
(1160, '0.00', '2019-03-31', 1160, 781),
(1161, '10.00', '2020-09-30', 1161, 785),
(1162, '10.00', '2020-05-31', 1162, 783),
(1163, '10.00', '2020-08-31', 1163, 783),
(1164, '20.00', '2019-04-30', 1164, 782),
(1165, '20.00', '2020-03-31', 1165, 789),
(1166, '49.00', '2020-09-30', 1166, 778),
(1167, '0.00', '2020-05-31', 1167, 778),
(1168, '0.00', '2020-02-29', 1168, 778),
(1169, '0.00', '2020-04-30', 1169, 778),
(1170, '0.00', '2020-09-30', 1170, 779),
(1171, '14.00', '2020-07-31', 1171, 777),
(1172, '14.00', '2020-09-30', 1172, 777),
(1173, '0.00', '2020-08-31', 1173, 776),
(1174, '0.00', '2020-08-31', 1174, 775),
(1175, '28.00', '2020-08-31', 1175, 774),
(1176, '1.00', '2019-03-31', 1176, 801),
(1177, '2.00', '2020-07-31', 1177, 802),
(1178, '1.00', '2020-06-30', 1178, 803),
(1179, '1.00', '2020-05-31', 1179, 804),
(1180, '2.00', '2019-02-28', 1180, 805),
(1181, '1.00', '2020-04-30', 1181, 806),
(1182, '2.00', '2021-02-28', 1182, 807),
(1183, '0.00', '2021-02-28', 1183, 808),
(1184, '20.00', '2020-01-31', 1184, 810),
(1185, '30.00', '2019-10-31', 1185, 809),
(1186, '10.00', '2020-04-30', 1186, 811),
(1187, '10.00', '2020-05-31', 1187, 812),
(1188, '0.00', '2019-02-28', 1188, 813),
(1189, '28.00', '2020-06-30', 1189, 814),
(1190, '10.00', '2020-05-31', 1190, 815),
(1191, '10.00', '2020-02-29', 1191, 816),
(1192, '60.00', '2020-06-30', 1192, 817),
(1193, '6.00', '2019-09-30', 1193, 818),
(1194, '28.00', '2020-06-30', 1194, 818),
(1195, '28.00', '2019-04-30', 1195, 818),
(1196, '21.00', '2019-02-28', 1196, 819),
(1197, '2.00', '2021-08-31', 1197, 820),
(1198, '1.00', '2021-08-31', 1198, 821),
(1199, '1.00', '2021-09-30', 1199, 822),
(1200, '30.00', '2020-02-29', 1200, 824),
(1201, '30.00', '2019-07-31', 1201, 824),
(1202, '10.00', '2019-07-31', 1202, 826),
(1203, '0.00', '2020-02-29', 1203, 825),
(1204, '30.00', '2019-05-31', 1204, 827),
(1205, '0.00', '2021-07-08', 1205, 402),
(1206, '0.00', '2020-06-03', 1206, 403),
(1207, '0.00', '2020-02-04', 1207, 493),
(1208, '0.00', '2021-02-03', 1208, 492),
(1209, '6.00', '2021-10-12', 1209, 464),
(1210, '6.00', '2020-01-05', 1210, 828),
(1211, '1.00', '2021-05-03', 1211, 829),
(1212, '2.00', '2021-08-03', 1212, 830),
(1213, '10.00', '2020-10-13', 1213, 764),
(1214, '28.00', '2020-08-05', 1214, 831),
(1215, '0.00', '2020-09-08', 1215, 779),
(1216, '0.00', '2020-10-13', 1216, 776),
(1217, '-28.00', '2020-09-06', 1217, 775),
(1218, '0.00', '2020-08-08', 1218, 618),
(1219, '0.00', '2020-06-02', 1219, 791),
(1220, '30.00', '2020-08-08', 1220, 832),
(1221, '0.00', '2020-08-07', 1221, 703),
(1222, '14.00', '2020-07-08', 1222, 707),
(1223, '14.00', '2020-11-12', 1223, 774),
(1224, '2.00', '2020-07-09', 1224, 327),
(1225, '30.00', '2023-11-16', 1225, 358),
(1226, '5.00', '2020-01-03', 1226, 376),
(1227, '10.00', '2021-02-02', 1227, 374),
(1228, '10.00', '2020-02-04', 1228, 338),
(1229, '4.00', '2023-07-06', 1229, 301),
(1230, '20.00', '2021-08-07', 1230, 316),
(1231, '0.00', '2019-09-09', 1231, 386),
(1232, '1.00', '2020-04-04', 1232, 116),
(1233, '2.00', '2019-12-13', 1233, 833),
(1234, '2.00', '2020-01-05', 1234, 90),
(1235, '2.00', '2019-10-08', 1235, 95),
(1236, '3.00', '2021-07-31', 1236, 245),
(1237, '2.00', '2020-07-31', 1237, 577),
(1238, '2.00', '2020-07-31', 1238, 578),
(1239, '4.00', '2020-09-30', 1239, 617),
(1240, '100.00', '2020-08-31', 1240, 513),
(1241, '60.00', '2020-05-31', 1241, 675),
(1242, '0.00', '2020-07-31', 1242, 978),
(1243, '1.00', '2020-10-31', 1243, 252),
(1244, '60.00', '2021-09-30', 1244, 979),
(1245, '2.00', '2019-12-31', 1245, 977),
(1246, '45.00', '2020-09-30', 1246, 976),
(1247, '3.00', '2020-05-31', 1247, 980),
(1248, '7.00', '2019-12-31', 1248, 66),
(1249, '20.00', '2022-07-31', 1249, 886),
(1250, '20.00', '2023-07-31', 1250, 886),
(1251, '0.00', '2023-05-31', 1251, 877),
(1252, '20.00', '2022-11-30', 1252, 877),
(1253, '0.00', '2020-02-29', 1253, 880),
(1254, '10.00', '2019-07-31', 1254, 888),
(1255, '20.00', '2020-10-31', 1255, 883),
(1256, '20.00', '2020-12-31', 1256, 884),
(1257, '10.00', '2019-10-31', 1257, 881),
(1258, '10.00', '2019-10-31', 1258, 876),
(1259, '20.00', '2020-05-31', 1259, 885),
(1260, '10.00', '2020-03-31', 1260, 882),
(1261, '0.00', '2020-08-31', 1261, 878),
(1262, '40.00', '2020-02-29', 1262, 879),
(1263, '20.00', '2019-10-31', 1263, 889),
(1264, '0.00', '2020-02-29', 1264, 890),
(1265, '56.00', '2021-05-31', 1265, 892),
(1266, '31.00', '2021-04-30', 1266, 891),
(1267, '14.00', '2019-10-31', 1267, 895),
(1268, '7.00', '2019-10-31', 1268, 896),
(1269, '14.00', '2020-06-30', 1269, 896),
(1270, '30.00', '2019-10-31', 1270, 897),
(1271, '17.00', '2019-06-30', 1271, 898),
(1272, '20.00', '2020-01-31', 1272, 898),
(1273, '5.00', '2020-06-30', 1273, 899),
(1274, '5.00', '2020-04-30', 1274, 901),
(1275, '42.00', '2019-10-31', 1275, 893),
(1276, '28.00', '2019-06-30', 1276, 894),
(1277, '14.00', '2019-09-30', 1277, 894),
(1278, '0.00', '2020-07-31', 1278, 908),
(1279, '28.00', '2020-07-31', 1279, 910),
(1280, '0.00', '2020-07-31', 1280, 909),
(1281, '28.00', '2020-07-31', 1281, 906),
(1282, '28.00', '2019-10-31', 1282, 907),
(1283, '0.00', '2020-09-30', 1283, 902),
(1284, '20.00', '2019-09-30', 1284, 903),
(1285, '14.00', '2020-06-30', 1285, 904),
(1286, '14.00', '2020-07-31', 1286, 904),
(1287, '0.00', '2019-07-31', 1287, 905),
(1288, '14.00', '2019-08-31', 1288, 905),
(1289, '2.00', '2019-12-31', 1289, 846),
(1290, '2.00', '2019-08-31', 1290, 835),
(1291, '2.00', '2019-07-31', 1291, 836),
(1292, '0.00', '2021-07-31', 1292, 838),
(1293, '2.00', '2020-06-30', 1293, 863),
(1294, '2.00', '2019-12-31', 1294, 858),
(1295, '1.00', '2020-07-31', 1295, 840),
(1296, '3.00', '2020-08-31', 1296, 841),
(1297, '10.00', '2020-07-31', 1297, 844),
(1298, '60.00', '2019-05-31', 1298, 842),
(1299, '20.00', '2021-08-31', 1299, 845),
(1300, '90.00', '2021-07-31', 1300, 846),
(1301, '56.00', '2019-05-31', 1301, 849),
(1302, '14.00', '2020-08-31', 1302, 848),
(1303, '14.00', '2020-08-31', 1303, 847),
(1304, '160.00', '2020-10-31', 1304, 850),
(1305, '40.00', '2020-12-31', 1305, 851),
(1306, '20.00', '2020-02-29', 1306, 852),
(1307, '30.00', '2020-06-30', 1307, 853),
(1308, '30.00', '2020-06-30', 1308, 854),
(1309, '40.00', '2021-04-30', 1309, 855),
(1310, '30.00', '2020-06-30', 1310, 856),
(1311, '14.00', '2021-12-31', 1311, 860),
(1312, '20.00', '2019-12-31', 1312, 861),
(1313, '30.00', '2019-11-30', 1313, 858),
(1314, '20.00', '2022-07-31', 1314, 857),
(1315, '20.00', '2021-10-31', 1315, 859),
(1316, '20.00', '2021-10-31', 1316, 859),
(1317, '40.00', '2019-11-14', 1317, 862),
(1318, '10.00', '2020-08-03', 1318, 863),
(1319, '1.00', '2021-05-02', 1319, 864),
(1320, '60.00', '2019-04-03', 1320, 865),
(1321, '45.00', '2020-06-30', 1321, 868),
(1322, '30.00', '2020-04-30', 1322, 867),
(1323, '12.00', '2021-06-30', 1323, 869),
(1324, '18.00', '2020-07-31', 1324, 870),
(1325, '18.00', '2022-05-31', 1325, 871),
(1326, '12.00', '2021-04-30', 1326, 872),
(1327, '12.00', '2019-11-30', 1327, 873),
(1328, '30.00', '2019-11-30', 1328, 875),
(1329, '2.00', '2021-07-31', 1329, 932),
(1330, '1.00', '2021-01-31', 1330, 932),
(1331, '2.00', '2021-07-31', 1331, 933),
(1332, '1.00', '2020-08-31', 1332, 934),
(1333, '1.00', '2021-01-31', 1333, 934),
(1334, '100.00', '2019-02-28', 1334, 942),
(1335, '60.00', '2019-01-31', 1335, 943),
(1336, '10.00', '2020-01-31', 1336, 1009),
(1337, '50.00', '2020-07-31', 1337, 941),
(1338, '20.00', '2020-06-30', 1338, 939),
(1339, '12.00', '2021-05-31', 1339, 938),
(1340, '24.00', '2021-07-31', 1340, 875),
(1341, '24.00', '2021-07-31', 1341, 874),
(1342, '18.00', '2021-06-30', 1342, 874),
(1343, '96.00', '2019-12-31', 1343, 946),
(1344, '0.00', '2021-02-25', 1344, 945),
(1345, '4.00', '2021-01-31', 1345, 945),
(1346, '0.00', '2019-12-27', 1346, 949),
(1347, '10.00', '2019-07-31', 1347, 949),
(1348, '60.00', '2019-12-31', 1348, 947),
(1349, '20.00', '2019-01-31', 1349, 947),
(1350, '30.00', '2019-12-31', 1350, 948),
(1351, '20.00', '2019-08-31', 1351, 948),
(1352, '0.00', '2020-01-31', 1352, 957),
(1353, '10.00', '2019-01-31', 1353, 957),
(1354, '10.00', '2019-08-31', 1354, 951),
(1355, '30.00', '2023-04-30', 1355, 956),
(1356, '0.00', '2022-11-30', 1356, 956),
(1357, '0.00', '2021-03-31', 1357, 956),
(1358, '70.00', '2023-05-31', 1358, 955),
(1359, '20.00', '2020-01-31', 1359, 960),
(1360, '10.00', '2019-03-30', 1360, 960),
(1361, '10.00', '2020-01-31', 1361, 961),
(1362, '0.00', '2021-04-30', 1362, 961),
(1363, '24.00', '2019-10-31', 1363, 950),
(1364, '28.00', '2020-07-31', 1364, 953),
(1365, '21.00', '2023-01-31', 1365, 952),
(1366, '0.00', '2019-06-30', 1366, 954),
(1367, '5.00', '2019-05-31', 1367, 962),
(1368, '21.00', '2022-09-30', 1368, 1010),
(1369, '20.00', '2023-04-30', 1369, 964),
(1370, '-10.00', '2023-05-31', 1370, 963),
(1371, '0.00', '2023-06-30', 1371, 963),
(1372, '40.00', '2020-11-30', 1372, 967),
(1373, '10.00', '2021-02-28', 1373, 966),
(1374, '5.00', '2021-10-31', 1374, 972),
(1375, '63.00', '2020-07-31', 1375, 968),
(1376, '1.00', '2019-04-30', 1376, 971),
(1377, '1.00', '2022-01-31', 1377, 969),
(1378, '1.00', '2021-12-31', 1378, 969),
(1379, '2.00', '2020-03-31', 1379, 970),
(1380, '84.00', '2021-12-31', 1380, 973),
(1381, '0.00', '2023-05-31', 1381, 974),
(1382, '28.00', '2023-03-31', 1382, 975),
(1383, '14.00', '2021-10-31', 1383, 982),
(1384, '35.00', '2021-10-31', 1384, 981),
(1385, '28.00', '2021-01-31', 1385, 983),
(1386, '28.00', '2020-12-31', 1386, 987),
(1387, '60.00', '2021-02-28', 1387, 986),
(1388, '28.00', '2022-02-28', 1388, 984),
(1389, '14.00', '2019-03-31', 1389, 985),
(1390, '194.00', '2021-05-31', 1390, 995),
(1391, '30.00', '2020-08-31', 1391, 994),
(1392, '66.00', '2021-06-30', 1392, 996),
(1393, '32.00', '2020-02-29', 1393, 997),
(1394, '45.00', '2021-06-30', 1394, 1000),
(1395, '41.00', '2020-03-31', 1395, 998),
(1396, '1.00', '2019-03-31', 1396, 991),
(1397, '20.00', '2020-01-31', 1397, 992),
(1398, '0.00', '2019-04-27', 1398, 1001),
(1399, '60.00', '2021-03-31', 1399, 1002),
(1400, '20.00', '2019-12-31', 1400, 1003),
(1401, '0.00', '2019-10-31', 1401, 1004),
(1402, '20.00', '2020-03-31', 1402, 993),
(1403, '40.00', '2020-10-31', 1403, 1005),
(1404, '30.00', '2019-04-30', 1404, 1005),
(1405, '40.00', '2020-01-31', 1405, 988),
(1406, '80.00', '2019-06-30', 1406, 989),
(1407, '30.00', '2019-10-31', 1407, 990),
(1408, '0.00', '2023-05-31', 1408, 1006),
(1409, '1.00', '2023-04-30', 1409, 1007),
(1410, '2.00', '2020-08-31', 1410, 911),
(1411, '2.00', '2019-06-30', 1411, 912),
(1412, '1.00', '2019-08-31', 1412, 913),
(1413, '1.00', '2021-04-30', 1413, 914),
(1414, '1.00', '2021-08-31', 1414, 915),
(1415, '3.00', '2021-04-30', 1415, 920),
(1416, '2.00', '2020-10-31', 1416, 919),
(1417, '1.00', '2020-09-30', 1417, 918),
(1418, '3.00', '2023-07-31', 1418, 916),
(1419, '3.00', '2022-08-31', 1419, 917),
(1420, '0.00', '2021-07-31', 1420, 931),
(1421, '30.00', '2023-04-30', 1421, 927),
(1422, '0.00', '2020-02-29', 1422, 926),
(1423, '28.00', '2022-01-31', 1423, 930),
(1424, '45.00', '2021-02-28', 1424, 925),
(1425, '109.00', '2023-07-31', 1425, 929),
(1426, '50.00', '2020-07-31', 1426, 921),
(1427, '40.00', '2022-05-31', 1427, 922),
(1428, '30.00', '2019-08-31', 1428, 924),
(1429, '30.00', '2020-07-31', 1429, 924),
(1430, '60.00', '2020-06-30', 1430, 923),
(1431, '14.00', '2020-05-31', 1431, 1011),
(1432, '57.00', '2020-11-30', 1432, 999),
(1433, '3.00', '2019-08-09', 1433, 1012),
(1434, '1.00', '2019-08-09', 1434, 1013),
(1435, '2.00', '2020-01-06', 1435, 1014),
(1436, '4.00', '2019-11-14', 1436, 1015),
(1437, '1.00', '2019-01-01', 1437, 1015),
(1438, '2.00', '2019-10-09', 1438, 1016),
(1439, '2.00', '2020-01-05', 1439, 1018),
(1440, '1.00', '2019-01-02', 1440, 1017),
(1441, '2.00', '2019-12-13', 1441, 1019),
(1442, '5.00', '2019-04-05', 1442, 1020),
(1443, '2.00', '2019-08-10', 1443, 1021),
(1444, '1.00', '2020-07-09', 1444, 1022),
(1445, '2.00', '2020-02-03', 1445, 1023),
(1446, '90.00', '2020-12-12', 1446, 1024),
(1447, '30.00', '2019-08-09', 1447, 1025),
(1448, '30.00', '2020-04-10', 1448, 1025),
(1449, '140.00', '2020-11-12', 1449, 1026),
(1450, '20.00', '2020-05-03', 1450, 1027),
(1451, '2.00', '2019-05-05', 1451, 1028),
(1452, '1.00', '2020-03-03', 1452, 1029),
(1453, '10.00', '2020-07-31', 1453, 1063),
(1454, '0.00', '2020-04-30', 1454, 1070),
(1455, '28.00', '2020-04-30', 1455, 1069),
(1456, '28.00', '2020-07-31', 1456, 1071),
(1457, '28.00', '2020-03-31', 1457, 1074),
(1458, '28.00', '2020-08-31', 1458, 1079),
(1459, '14.00', '2020-06-30', 1459, 1050),
(1460, '0.00', '2020-03-31', 1460, 1045),
(1461, '14.00', '2020-01-31', 1461, 1057),
(1462, '28.00', '2020-01-31', 1462, 1134),
(1463, '14.00', '2020-02-29', 1463, 1052),
(1464, '14.00', '2019-04-30', 1464, 1058),
(1465, '28.00', '2019-10-31', 1465, 1062),
(1466, '28.00', '2020-02-29', 1466, 1061),
(1467, '40.00', '2019-07-31', 1467, 1056),
(1468, '30.00', '2020-01-31', 1468, 1049),
(1469, '0.00', '2020-06-30', 1469, 1078),
(1470, '14.00', '2020-02-29', 1470, 1077),
(1471, '30.00', '2019-07-31', 1471, 1068),
(1472, '20.00', '2020-06-30', 1472, 1067),
(1473, '20.00', '2019-06-30', 1473, 1076),
(1474, '8.00', '2019-09-30', 1474, 1040),
(1475, '0.00', '2020-05-31', 1475, 1044),
(1476, '10.00', '2020-01-31', 1476, 1032),
(1477, '0.00', '2020-03-31', 1477, 1055),
(1478, '28.00', '2019-09-30', 1478, 1060),
(1479, '42.00', '2020-04-30', 1479, 1065),
(1480, '10.00', '2019-07-31', 1480, 1135),
(1481, '10.00', '2019-06-30', 1481, 1136),
(1482, '26.00', '2020-05-31', 1482, 1066),
(1483, '80.00', '2020-06-30', 1483, 1032),
(1484, '180.00', '2020-03-31', 1484, 1031),
(1485, '10.00', '2019-04-30', 1485, 1033),
(1486, '1.00', '2021-05-31', 1486, 1034),
(1487, '1.00', '2019-10-31', 1487, 1035),
(1488, '20.00', '2020-06-30', 1488, 1064),
(1489, '30.00', '2019-08-31', 1489, 1048),
(1490, '30.00', '2019-03-31', 1490, 1048),
(1491, '20.00', '2019-10-31', 1491, 1137),
(1492, '42.00', '2019-06-30', 1492, 1038),
(1493, '40.00', '2021-04-30', 1493, 1036),
(1494, '20.00', '2020-06-30', 1494, 1075),
(1495, '20.00', '2020-09-30', 1495, 1094),
(1496, '10.00', '2021-04-30', 1496, 1082),
(1497, '0.00', '2021-04-30', 1497, 1083),
(1498, '4.00', '2019-07-31', 1498, 1123),
(1499, '10.00', '2019-12-31', 1499, 1091),
(1500, '16.00', '2020-04-30', 1500, 1138),
(1501, '0.00', '2020-06-30', 1501, 1090),
(1502, '0.00', '2020-06-30', 1502, 1133),
(1503, '35.00', '2020-07-31', 1503, 1088),
(1504, '40.00', '2020-04-30', 1504, 1118),
(1505, '60.00', '2020-04-30', 1505, 1120),
(1506, '14.00', '2019-03-31', 1506, 1120),
(1507, '80.00', '2020-03-31', 1507, 1128),
(1508, '14.00', '2020-12-31', 1508, 1086),
(1509, '24.00', '2020-06-30', 1509, 1124),
(1510, '0.00', '2019-10-31', 1510, 1129),
(1511, '0.00', '2021-07-31', 1511, 1126),
(1512, '0.00', '2020-04-30', 1512, 1122),
(1513, '24.00', '2021-02-28', 1513, 1127),
(1514, '0.00', '2019-08-31', 1514, 1105),
(1515, '5.00', '2019-10-31', 1515, 1084),
(1516, '10.00', '2020-07-31', 1516, 1125),
(1517, '3.00', '2019-02-28', 1517, 1121),
(1518, '20.00', '2019-07-31', 1518, 1110),
(1519, '20.00', '2019-12-31', 1519, 1110),
(1520, '20.00', '2021-04-30', 1520, 1132),
(1521, '1.00', '2021-04-30', 1521, 1089),
(1522, '10.00', '2019-12-31', 1522, 1109),
(1523, '30.00', '2020-05-31', 1523, 1111),
(1524, '10.00', '2021-05-31', 1524, 1113),
(1525, '4.00', '2020-12-31', 1525, 1113),
(1526, '60.00', '2020-06-30', 1526, 1114),
(1527, '24.00', '2019-10-31', 1527, 1114),
(1528, '0.00', '2020-04-30', 1528, 1115),
(1529, '10.00', '2020-07-31', 1529, 1116),
(1530, '31.00', '2020-08-31', 1530, 1100),
(1531, '28.00', '2020-04-30', 1531, 1098),
(1532, '14.00', '2020-07-31', 1532, 1098),
(1533, '28.00', '2019-11-30', 1533, 1099),
(1534, '28.00', '2019-05-31', 1534, 1099),
(1535, '6.00', '2019-03-31', 1535, 1104),
(1536, '14.00', '2019-12-31', 1536, 1102),
(1537, '28.00', '2020-09-30', 1537, 1172),
(1538, '0.00', '2020-09-30', 1538, 1173),
(1539, '6.00', '2020-03-31', 1539, 1174),
(1540, '28.00', '2020-07-31', 1540, 1175),
(1541, '4.00', '2019-02-28', 1541, 1186),
(1542, '14.00', '2020-05-31', 1542, 1178),
(1543, '28.00', '2019-04-30', 1543, 1182),
(1544, '40.00', '2021-04-30', 1544, 1183),
(1545, '0.00', '2021-08-31', 1545, 1177),
(1546, '28.00', '2019-07-31', 1546, 1176),
(1547, '0.00', '2021-02-28', 1547, 1187),
(1548, '10.00', '2021-08-31', 1548, 1187),
(1549, '0.00', '2021-07-31', 1549, 1188),
(1550, '10.00', '2021-01-31', 1550, 1189),
(1551, '0.00', '2021-09-30', 1551, 1192),
(1552, '20.00', '2021-07-31', 1552, 1190),
(1553, '0.00', '2021-03-31', 1553, 1190),
(1554, '8.00', '2020-05-31', 1554, 1190),
(1555, '60.00', '2021-07-31', 1555, 1191),
(1556, '-28.00', '2020-08-31', 1556, 1193),
(1557, '7.00', '2020-02-29', 1557, 1193),
(1558, '28.00', '2020-05-31', 1558, 1200),
(1559, '10.00', '2019-08-31', 1559, 1194),
(1560, '10.00', '2019-08-31', 1560, 1195),
(1561, '60.00', '2021-08-31', 1561, 1196),
(1562, '80.00', '2021-07-31', 1562, 1199),
(1563, '-20.00', '2021-08-31', 1563, 1197),
(1564, '0.00', '2021-05-31', 1564, 1197),
(1565, '20.00', '2021-05-31', 1565, 1198),
(1566, '10.00', '2021-03-31', 1566, 1198),
(1567, '20.00', '2021-07-31', 1567, 1198),
(1568, '60.00', '2021-06-30', 1568, 1139),
(1569, '30.00', '2021-05-31', 1569, 1139),
(1570, '10.00', '2021-01-31', 1570, 1143),
(1571, '10.00', '2021-06-30', 1571, 1144),
(1572, '0.00', '2019-01-31', 1572, 1145),
(1573, '20.00', '2020-01-31', 1573, 1142),
(1574, '20.00', '2019-12-31', 1574, 1141),
(1575, '14.00', '2020-08-31', 1575, 1147),
(1576, '10.00', '2020-01-31', 1576, 1141),
(1577, '30.00', '2020-02-29', 1577, 1148),
(1578, '0.00', '2020-07-31', 1578, 1149),
(1579, '20.00', '2020-01-31', 1579, 1150),
(1580, '7.00', '2021-01-31', 1580, 1152),
(1581, '14.00', '2021-08-31', 1581, 1152),
(1582, '14.00', '2021-08-31', 1582, 1151),
(1583, '42.00', '2019-08-31', 1583, 1154),
(1584, '20.00', '2020-05-31', 1584, 1155),
(1585, '35.00', '2020-07-31', 1585, 1156),
(1586, '0.00', '2021-03-31', 1586, 1158),
(1587, '0.00', '2021-03-31', 1587, 1157),
(1588, '0.00', '2021-05-31', 1588, 1157),
(1589, '14.00', '2019-03-31', 1589, 1159),
(1590, '15.00', '2021-07-31', 1590, 1161),
(1591, '15.00', '2021-03-31', 1591, 1160),
(1592, '5.00', '2021-07-31', 1592, 1162),
(1593, '20.00', '2020-08-31', 1593, 1165),
(1594, '10.00', '2020-02-29', 1594, 1165),
(1595, '-10.00', '2020-03-31', 1595, 1167),
(1596, '10.00', '2019-04-30', 1596, 1168),
(1597, '5.00', '2021-02-28', 1597, 1169),
(1598, '2.00', '2020-07-31', 1598, 1205),
(1599, '14.00', '2020-03-31', 1599, 1201),
(1600, '28.00', '2020-06-30', 1600, 1202),
(1601, '28.00', '2020-08-31', 1601, 1203),
(1602, '14.00', '2020-07-31', 1602, 1215),
(1603, '0.00', '2020-07-31', 1603, 1181),
(1604, '14.00', '2020-04-30', 1604, 1204),
(1605, '7.00', '2020-08-31', 1605, 1206),
(1606, '10.00', '2020-01-31', 1606, 1207),
(1607, '20.00', '2019-10-31', 1607, 1208),
(1608, '20.00', '2019-03-31', 1608, 1211),
(1609, '28.00', '2020-08-31', 1609, 1212),
(1610, '7.00', '2020-07-31', 1610, 1180),
(1611, '14.00', '2020-08-31', 1611, 1213),
(1612, '0.00', '2020-08-31', 1612, 1214),
(1613, '0.00', '2020-05-31', 1613, 1238),
(1614, '0.00', '2019-01-31', 1614, 1239),
(1615, '30.00', '2020-04-30', 1615, 1240),
(1616, '20.00', '2020-03-31', 1616, 1240),
(1617, '14.00', '2019-08-31', 1617, 1210),
(1618, '10.00', '2019-10-31', 1618, 1209),
(1619, '29.00', '2020-02-29', 1619, 1241),
(1620, '0.00', '2019-11-30', 1620, 1242),
(1621, '30.00', '2021-04-30', 1621, 1243),
(1622, '4.00', '2021-02-28', 1622, 1244),
(1623, '4.00', '2021-02-28', 1623, 1245),
(1624, '20.00', '2021-04-30', 1624, 1245),
(1625, '28.00', '2021-06-30', 1625, 1246),
(1626, '28.00', '2021-03-31', 1626, 1247),
(1627, '14.00', '2021-04-30', 1627, 1247),
(1628, '7.00', '2020-06-30', 1628, 1248),
(1629, '10.00', '2021-07-31', 1629, 1184),
(1630, '30.00', '2021-07-31', 1630, 1250),
(1631, '20.00', '2021-06-30', 1631, 1257),
(1632, '112.00', '2019-05-31', 1632, 1258),
(1633, '28.00', '2020-03-31', 1633, 1249),
(1634, '10.00', '2019-09-30', 1634, 1250),
(1635, '2.00', '2020-08-31', 1635, 1251),
(1636, '66.00', '2021-04-30', 1636, 1252),
(1637, '0.00', '2020-06-30', 1637, 1260),
(1638, '7.00', '2020-04-30', 1638, 1262),
(1639, '28.00', '2020-03-31', 1639, 1259),
(1640, '0.00', '2020-08-31', 1640, 1261),
(1641, '7.00', '2021-01-31', 1641, 1253),
(1642, '0.00', '2021-01-31', 1642, 1254),
(1643, '-3.00', '2021-03-31', 1643, 1255),
(1644, '52.00', '2021-02-28', 1644, 1256),
(1645, '2.00', '2020-06-30', 1645, 1216),
(1646, '2.00', '2020-01-31', 1646, 1217),
(1647, '1.00', '2022-07-31', 1647, 1218),
(1648, '1.00', '2021-08-31', 1648, 1219),
(1649, '2.00', '2019-06-30', 1649, 1221),
(1650, '1.00', '2019-11-30', 1650, 1222),
(1651, '1.00', '2019-10-31', 1651, 1223),
(1652, '2.00', '2019-09-30', 1652, 1263),
(1653, '2.00', '2019-09-30', 1653, 1224),
(1654, '2.00', '2020-02-29', 1654, 1264),
(1655, '1.00', '2019-03-31', 1655, 1225),
(1656, '0.00', '2021-09-30', 1656, 1226),
(1657, '25.00', '2020-02-29', 1657, 1228),
(1658, '1.00', '2020-08-31', 1658, 1227),
(1659, '1.00', '2020-07-31', 1659, 1229),
(1660, '20.00', '2019-10-31', 1660, 1230),
(1661, '30.00', '2023-09-30', 1661, 1232),
(1662, '20.00', '2021-04-30', 1662, 1233),
(1663, '50.00', '2021-03-31', 1663, 1234),
(1664, '0.00', '2020-05-31', 1664, 1231),
(1665, '0.00', '2019-01-31', 1665, 1235),
(1666, '28.00', '2020-07-31', 1666, 1236),
(1667, '88.00', '2023-07-31', 1667, 1220),
(1668, '24.00', '2023-04-30', 1668, 1237);
INSERT INTO `quantity_history` (`id`, `qty`, `expiry`, `fk_purchase_price_id`, `fk_inventory_id`) VALUES
(1669, '60.00', '2020-09-07', 1669, 944),
(1670, '0.00', '2020-07-09', 1670, 1166),
(1671, '14.00', '2020-08-06', 1671, 1213),
(1672, '5.00', '2021-03-03', 1672, 1255),
(1673, '14.00', '2021-02-02', 1673, 1256),
(1674, '10.00', '2021-09-12', 1674, 1192),
(1675, '14.00', '2020-05-03', 1675, 1178),
(1676, '0.00', '2020-08-08', 1676, 1180),
(1677, '30.00', '2021-08-05', 1677, 1257),
(1678, '0.00', '2021-07-08', 1678, 1184),
(1679, '40.00', '2021-09-12', 1679, 1196),
(1680, '28.00', '2021-08-07', 1680, 1153),
(1681, '14.00', '2020-07-09', 1681, 1260),
(1682, '60.00', '2020-08-07', 1682, 1251),
(1683, '112.00', '2023-05-01', 1683, 974),
(1684, '28.00', '2023-05-01', 1684, 975),
(1685, '56.00', '2020-05-01', 1685, 1011),
(1686, '28.00', '2021-11-05', 1686, 982),
(1687, '1.00', '2020-04-01', 1687, 1265),
(1688, '55.00', '2023-04-01', 1688, 1266),
(1689, '10.00', '2020-05-04', 1689, 1267),
(1690, '30.00', '2020-07-09', 1690, 1268),
(1691, '24.00', '2021-05-03', 1691, 1269),
(1692, '123.00', '2021-08-06', 1692, 1270),
(1693, '24.00', '2021-08-06', 1693, 1271),
(1694, '0.00', '2021-06-01', 1694, 1272),
(1695, '10.00', '2019-10-08', 1695, 1273),
(1696, '10.00', '2020-07-09', 1696, 1274),
(1697, '10.00', '2019-12-13', 1697, 1275),
(1698, '10.00', '2023-03-02', 1698, 1276),
(1699, '14.00', '2021-05-02', 1699, 1278),
(1700, '20.00', '2022-06-07', 1700, 1277),
(1701, '10.00', '2020-09-07', 1701, 1280),
(1702, '10.00', '2020-02-04', 1702, 1279),
(1703, '10.00', '2020-01-05', 1703, 1281),
(1704, '13.00', '2020-03-05', 1704, 1283),
(1705, '7.00', '2020-03-05', 1705, 1282),
(1706, '2.00', '2020-03-05', 1706, 1284),
(1707, '2.00', '2020-04-09', 1707, 1285),
(1708, '3.00', '2020-07-09', 1708, 1286),
(1709, '1.00', '2020-07-09', 1709, 1287),
(1710, '1.00', '2020-04-04', 1710, 1288),
(1711, '2.00', '2020-03-05', 1711, 1289),
(1712, '42.00', '2020-05-03', 1712, 1290),
(1713, '60.00', '2020-02-04', 1713, 1291),
(1714, '10.00', '2019-05-06', 1714, 1292),
(1715, '1.00', '2020-02-04', 1715, 1092),
(1716, '1.00', '2020-04-04', 1716, 1093),
(1717, '3.00', '2020-11-12', 1717, 1293),
(1718, '3.00', '2020-05-03', 1718, 1294),
(1719, '2.00', '2020-06-02', 1719, 1295),
(1720, '4.00', '2021-07-08', 1720, 1296),
(1721, '1.00', '2021-03-04', 1721, 1297),
(1722, '3.00', '2020-01-05', 1722, 1298),
(1723, '0.00', '2020-01-01', 1723, 181),
(1724, '6.00', '2020-08-01', 1724, 185),
(1725, '0.00', '2019-11-01', 1725, 377),
(1726, '10.00', '2020-07-01', 1726, 322),
(1727, '20.00', '2021-08-01', 1727, 314),
(1728, '0.00', '2020-06-12', 1728, 302),
(1729, '20.00', '2021-04-03', 1729, 1281),
(1730, '6.00', '2019-03-01', 1730, 1300),
(1731, '4.00', '2024-02-07', 1731, 1299),
(1732, '30.00', '2020-01-06', 1732, 1301),
(1733, '21.00', '2020-01-05', 1733, 1302),
(1734, '2.00', '2020-03-31', 1734, 1331),
(1735, '6.00', '2020-08-31', 1735, 1332),
(1736, '2.00', '2020-06-30', 1736, 1333),
(1737, '3.00', '2020-07-31', 1737, 1334),
(1738, '3.00', '2020-03-31', 1738, 1335),
(1739, '6.00', '2020-11-30', 1739, 1336),
(1740, '60.00', '2020-09-30', 1740, 1337),
(1741, '48.00', '2018-10-31', 1741, 1338),
(1742, '1.00', '2020-02-29', 1742, 1170),
(1743, '1.00', '2019-07-31', 1743, 1339),
(1744, '3.00', '2019-08-31', 1744, 1164),
(1745, '2.00', '2020-01-31', 1745, 1163),
(1746, '2.00', '2020-12-31', 1746, 1340),
(1747, '2.00', '2020-03-31', 1747, 1171),
(1748, '6.00', '2020-08-31', 1748, 1342),
(1749, '5.00', '2022-08-31', 1749, 1341),
(1750, '3.00', '2021-06-30', 1750, 227),
(1751, '2.00', '2020-07-31', 1751, 1343),
(1752, '3.00', '2020-03-31', 1752, 1344),
(1753, '3.00', '2020-03-31', 1753, 1345),
(1754, '1.00', '2020-02-29', 1754, 1345),
(1755, '6.00', '2020-05-31', 1755, 1346),
(1756, '1.00', '2020-01-31', 1756, 1346),
(1757, '3.00', '2019-07-31', 1757, 1303),
(1758, '3.00', '2019-04-30', 1758, 1304),
(1759, '5.00', '2021-03-31', 1759, 1305),
(1760, '1.00', '2019-06-30', 1760, 1306),
(1761, '1.00', '2019-06-30', 1761, 1307),
(1763, '2.00', '2020-09-30', 1763, 1309),
(1764, '1.00', '2020-05-31', 1764, 1309),
(1765, '5.00', '2021-07-31', 1765, 1311),
(1766, '4.00', '2020-09-30', 1766, 1312),
(1767, '4.00', '2020-07-31', 1767, 1310),
(1768, '1.00', '2021-07-31', 1768, 1313),
(1769, '2.00', '2021-03-31', 1769, 1314),
(1770, '4.00', '2020-03-05', 1770, 1315),
(1771, '50.00', '2020-07-01', 1771, 1316),
(1772, '6.00', '2020-05-03', 1772, 1317),
(1773, '0.00', '2020-02-02', 1773, 1318),
(1774, '2.00', '2019-06-06', 1774, 1319),
(1775, '4.00', '2019-07-31', 1775, 1320),
(1776, '2.00', '2020-02-29', 1776, 1321),
(1777, '5.00', '2019-05-31', 1777, 1322),
(1778, '5.00', '2019-08-31', 1778, 1323),
(1779, '1.00', '2019-08-31', 1779, 1324),
(1780, '8.00', '2020-08-31', 1780, 1325),
(1781, '4.00', '2019-08-31', 1781, 1326),
(1782, '1.00', '2019-03-30', 1782, 1327),
(1783, '1.00', '2019-06-30', 1783, 1328),
(1784, '5.00', '2020-03-31', 1784, 1308),
(1785, '50.00', '2020-07-31', 1785, 1347),
(1786, '5.00', '2020-08-31', 1786, 1330),
(1787, '14.00', '2020-08-31', 1787, 412),
(1788, '30.00', '2020-01-31', 1788, 481),
(1789, '30.00', '2020-06-30', 1789, 482),
(1790, '42.00', '2020-09-30', 1790, 409),
(1791, '30.00', '2020-08-31', 1791, 401),
(1792, '10.00', '2020-06-01', 1792, 433),
(1793, '30.00', '2020-08-31', 1793, 477),
(1794, '30.00', '2021-01-31', 1794, 479),
(1795, '1.00', '2020-05-01', 1795, 115),
(1796, '0.00', '2020-05-31', 1796, 325),
(1797, '45.00', '2021-07-31', 1797, 336),
(1798, '2.00', '2020-01-31', 1798, 383),
(1799, '2.00', '2020-07-01', 1799, 1287),
(1800, '10.00', '2020-05-01', 1800, 1067),
(1801, '3.00', '2020-05-01', 1801, 1348),
(1802, '10.00', '2020-07-31', 1802, 1116),
(1803, '28.00', '2020-06-01', 1803, 1106),
(1804, '20.00', '2020-06-01', 1804, 1133),
(1805, '0.00', '2021-07-01', 1805, 1126),
(1806, '24.00', '2020-07-01', 1806, 1350),
(1807, '20.00', '2021-07-01', 1807, 1082),
(1808, '20.00', '2021-07-01', 1808, 1083),
(1809, '-20.00', '2020-08-01', 1809, 1131),
(1810, '0.00', '2020-08-01', 1810, 1349),
(1811, '10.00', '2020-05-01', 1811, 1055),
(1812, '15.00', '2020-03-31', 1812, 1451),
(1813, '30.00', '2020-09-30', 1813, 1447),
(1814, '1.00', '2020-04-30', 1814, 1452),
(1815, '1.00', '2020-06-30', 1815, 1465),
(1816, '1.00', '2019-10-31', 1816, 1453),
(1817, '20.00', '2020-04-30', 1817, 1448),
(1818, '5.00', '2021-04-30', 1818, 1461),
(1819, '20.00', '2019-05-31', 1819, 1463),
(1820, '0.00', '2020-07-31', 1820, 1464),
(1821, '10.00', '2020-05-31', 1821, 1462),
(1822, '1.00', '2020-09-30', 1822, 1449),
(1823, '1.00', '2020-03-31', 1823, 1450),
(1824, '100.00', '2021-05-31', 1824, 1457),
(1825, '-7.00', '2020-04-30', 1825, 1458),
(1826, '28.00', '2020-07-31', 1826, 1455),
(1827, '14.00', '2020-04-30', 1827, 1456),
(1828, '42.00', '2020-12-31', 1828, 1444),
(1829, '28.00', '2020-08-31', 1829, 1456),
(1830, '30.00', '2020-04-30', 1830, 1459),
(1831, '10.00', '2019-05-31', 1831, 1454),
(1832, '42.00', '2020-08-31', 1832, 1460),
(1833, '60.00', '2020-10-31', 1833, 1466),
(1834, '70.00', '2020-06-30', 1834, 1445),
(1835, '30.00', '2021-01-31', 1835, 1445),
(1836, '20.00', '2020-01-31', 1836, 1446),
(1837, '70.00', '2021-04-30', 1837, 1443),
(1838, '60.00', '2023-07-31', 1838, 1442),
(1839, '1.00', '2021-02-28', 1839, 1474),
(1840, '1.00', '2020-04-30', 1840, 1473),
(1841, '1.00', '2020-05-31', 1841, 1471),
(1842, '0.00', '2020-05-31', 1842, 1472),
(1843, '1.00', '2020-07-31', 1843, 1470),
(1844, '1.00', '2019-07-31', 1844, 1469),
(1845, '1.00', '2020-08-31', 1845, 1468),
(1846, '2.00', '2020-03-31', 1846, 1467),
(1847, '2.00', '2020-07-31', 1847, 1369),
(1848, '9.00', '2020-04-30', 1848, 1365),
(1849, '3.00', '2020-04-30', 1849, 1365),
(1850, '3.00', '2019-10-31', 1850, 1368),
(1851, '4.00', '2020-04-30', 1851, 1366),
(1852, '0.00', '2019-08-31', 1852, 1366),
(1853, '4.00', '2020-08-31', 1853, 1363),
(1854, '2.00', '2019-08-31', 1854, 1367),
(1855, '3.00', '2020-08-31', 1855, 1362),
(1856, '1.00', '2019-06-30', 1856, 1361),
(1857, '1.00', '2020-01-31', 1857, 1364),
(1858, '2.00', '2019-06-30', 1858, 1360),
(1859, '2.00', '2019-10-31', 1859, 1359),
(1860, '6.00', '2020-03-31', 1860, 1356),
(1861, '1.00', '2019-12-31', 1861, 1358),
(1862, '7.00', '2019-10-31', 1862, 1355),
(1863, '4.00', '2020-09-30', 1863, 1357),
(1864, '2.00', '2020-09-30', 1864, 1353),
(1865, '0.00', '2020-04-30', 1865, 1353),
(1866, '3.00', '2020-09-30', 1866, 1354),
(1867, '4.00', '2020-08-31', 1867, 1351),
(1868, '10.00', '2020-08-31', 1868, 1352),
(1869, '1.00', '2019-10-31', 1869, 1352),
(1870, '42.00', '2019-08-31', 1870, 1507),
(1871, '56.00', '2019-08-31', 1871, 1393),
(1872, '14.00', '2019-12-31', 1872, 1394),
(1873, '14.00', '2019-04-30', 1873, 1394),
(1874, '14.00', '2020-03-31', 1874, 1396),
(1875, '20.00', '2020-04-30', 1875, 1401),
(1876, '30.00', '2020-05-31', 1876, 1402),
(1877, '28.00', '2019-12-31', 1877, 1371),
(1878, '20.00', '2020-03-31', 1878, 1372),
(1879, '20.00', '2020-03-31', 1879, 1390),
(1880, '20.00', '2020-03-31', 1880, 1389),
(1881, '5.00', '2020-10-31', 1881, 1377),
(1882, '28.00', '2021-05-31', 1882, 1377),
(1883, '14.00', '2021-07-31', 1883, 1378),
(1884, '14.00', '2021-02-28', 1884, 1376),
(1885, '14.00', '2020-10-31', 1885, 1375),
(1886, '14.00', '2020-11-30', 1886, 1374),
(1887, '20.00', '2021-03-31', 1887, 1383),
(1888, '6.00', '2019-07-31', 1888, 1384),
(1889, '10.00', '2019-11-30', 1889, 1380),
(1890, '30.00', '2020-04-30', 1890, 1381),
(1891, '14.00', '2020-07-31', 1891, 1382),
(1892, '59.00', '2019-06-30', 1892, 1422),
(1893, '30.00', '2021-03-31', 1893, 1422),
(1894, '30.00', '2022-03-31', 1894, 1421),
(1895, '10.00', '2020-10-31', 1895, 1430),
(1896, '10.00', '2020-07-31', 1896, 1387),
(1897, '14.00', '2020-02-29', 1897, 1423),
(1898, '4.00', '2019-07-31', 1898, 1423),
(1899, '14.00', '2020-04-30', 1899, 1424),
(1900, '28.00', '2020-08-31', 1900, 1425),
(1901, '5.00', '2020-04-30', 1901, 1432),
(1902, '10.00', '2020-03-31', 1902, 1431),
(1903, '40.00', '2021-03-31', 1903, 1428),
(1904, '40.00', '2021-07-31', 1904, 1429),
(1905, '0.00', '2020-06-30', 1905, 1388),
(1906, '2.00', '2020-06-30', 1906, 1505),
(1907, '2.00', '2020-08-31', 1907, 1503),
(1908, '2.00', '2020-04-30', 1908, 1504),
(1909, '3.00', '2020-04-30', 1909, 1497),
(1910, '2.00', '2019-10-31', 1910, 1496),
(1911, '3.00', '2020-03-31', 1911, 1500),
(1912, '2.00', '2019-08-31', 1912, 1499),
(1913, '2.00', '2019-12-31', 1913, 1498),
(1914, '3.00', '2021-01-31', 1914, 1489),
(1915, '2.00', '2020-07-31', 1915, 1490),
(1916, '14.00', '2020-04-30', 1916, 1492),
(1917, '14.00', '2020-08-31', 1917, 1491),
(1918, '44.00', '2021-02-28', 1918, 1493),
(1919, '0.00', '2020-08-31', 1919, 1495),
(1920, '25.00', '2020-09-30', 1920, 1494),
(1921, '30.00', '2019-07-31', 1921, 1506),
(1922, '12.00', '2020-02-29', 1922, 1486),
(1923, '6.00', '2020-07-31', 1923, 1484),
(1924, '18.00', '2020-08-31', 1924, 1485),
(1925, '20.00', '2020-05-31', 1925, 1487),
(1926, '1.00', '2020-03-31', 1926, 1501),
(1927, '40.00', '2020-01-31', 1927, 1488),
(1928, '20.00', '2021-04-30', 1928, 1480),
(1929, '20.00', '2020-02-29', 1929, 1481),
(1930, '20.00', '2020-07-31', 1930, 1482),
(1931, '20.00', '2019-11-30', 1931, 1483),
(1932, '30.00', '2020-04-30', 1932, 1479),
(1933, '5.00', '2019-07-31', 1933, 1478),
(1934, '0.00', '2019-02-28', 1934, 1502),
(1935, '30.00', '2019-08-31', 1935, 1477),
(1936, '40.00', '2020-12-31', 1936, 1475),
(1937, '40.00', '2020-04-30', 1937, 1476),
(1938, '10.00', '2019-07-31', 1938, 1434),
(1939, '0.00', '2019-06-30', 1939, 1414),
(1940, '10.00', '2019-09-30', 1940, 1417),
(1941, '21.00', '2020-04-30', 1941, 1411),
(1942, '42.00', '2020-04-30', 1942, 1413),
(1943, '20.00', '2020-03-31', 1943, 1410),
(1944, '30.00', '2020-02-29', 1944, 1409),
(1945, '30.00', '2021-02-28', 1945, 1508),
(1946, '40.00', '2019-08-31', 1946, 1418),
(1947, '60.00', '2022-01-31', 1947, 1419),
(1948, '0.00', '2020-05-31', 1948, 1407),
(1949, '10.00', '2019-12-31', 1949, 1406),
(1950, '14.00', '2021-06-30', 1950, 1408),
(1951, '14.00', '2021-01-31', 1951, 1408),
(1952, '14.00', '2020-02-29', 1952, 1509),
(1953, '20.00', '2020-10-31', 1953, 1379),
(1954, '0.00', '2020-07-31', 1954, 1398),
(1955, '0.00', '2020-06-30', 1955, 1397),
(1956, '30.00', '2020-04-30', 1956, 1370),
(1957, '30.00', '2019-07-31', 1957, 1386),
(1958, '20.00', '2020-08-31', 1958, 1385),
(1959, '14.00', '2021-05-31', 1959, 1373),
(1960, '28.00', '2021-04-30', 1960, 1405),
(1961, '14.00', '2021-06-30', 1961, 1420),
(1962, '10.00', '2019-07-31', 1962, 1399),
(1963, '0.00', '2020-08-31', 1963, 1391),
(1964, '14.00', '2020-08-31', 1964, 1392),
(1965, '10.00', '2020-04-30', 1965, 1438),
(1966, '30.00', '2019-08-31', 1966, 1439),
(1967, '0.00', '2020-07-31', 1967, 1427),
(1968, '28.00', '2020-06-30', 1968, 1426),
(1969, '30.00', '2019-05-31', 1969, 1404),
(1970, '20.00', '2020-12-31', 1970, 1403),
(1971, '10.00', '2020-12-31', 1971, 1435),
(1972, '50.00', '2021-09-30', 1972, 1433),
(1973, '13.00', '2021-04-30', 1973, 1433),
(1974, '10.00', '2019-07-31', 1974, 1434),
(1975, '28.00', '2020-05-31', 1975, 1436),
(1976, '14.00', '2019-09-30', 1976, 1176),
(1977, '14.00', '2021-07-31', 1977, 1378),
(1978, '20.00', '2020-06-01', 1978, 928),
(1979, '28.00', '2020-09-01', 1979, 1510),
(1980, '28.00', '2020-09-01', 1980, 1511),
(1981, '90.00', '2020-07-31', 1981, 924),
(1982, '10.00', '2019-10-31', 1982, 887),
(1983, '30.00', '2020-09-01', 1983, 1512),
(1984, '21.00', '2020-02-29', 1984, 890),
(1985, '60.00', '2020-08-01', 1985, 878),
(1986, '14.00', '2020-08-31', 1986, 910),
(1987, '28.00', '2020-08-31', 1987, 909),
(1988, '0.00', '2020-07-31', 1988, 908),
(1989, '72.00', '2021-08-31', 1989, 931),
(1990, '2.00', '2021-07-31', 1990, 914),
(1991, '14.00', '2020-02-29', 1991, 282),
(1992, '0.00', '2021-07-31', 1992, 937),
(1993, '20.00', '2021-05-31', 1993, 1244),
(1994, '14.00', '2021-03-31', 1994, 1255),
(1995, '28.00', '2020-08-31', 1995, 1513),
(1996, '0.00', '2020-02-29', 1996, 1179),
(1997, '0.00', '2020-09-30', 1997, 1180),
(1998, '0.00', '2020-07-31', 1998, 1184),
(1999, '30.00', '2020-08-31', 1999, 1197),
(2000, '0.00', '2020-08-31', 2000, 1261),
(2001, '3.00', '2020-08-31', 2001, 1514),
(2002, '0.00', '2020-08-31', 2002, 808),
(2003, '40.00', '2021-08-31', 2003, 794),
(2004, '20.00', '2020-09-30', 2004, 773),
(2005, '10.00', '2020-09-30', 2005, 767),
(2006, '28.00', '2020-10-31', 2006, 776),
(2007, '10.00', '2020-09-30', 2007, 620),
(2008, '0.00', '2020-05-01', 2008, 1516),
(2009, '0.00', '2022-09-30', 2009, 155),
(2010, '28.00', '2020-09-01', 2010, 160),
(2011, '10.00', '2020-09-01', 2011, 1517),
(2012, '9.00', '2021-10-31', 2012, 212),
(2013, '20.00', '2021-07-31', 2013, 218),
(2014, '40.00', '2021-08-01', 2014, 217),
(2015, '5.00', '2020-08-31', 2015, 260),
(2016, '280.00', '2020-04-30', 2016, 219),
(2017, '2.00', '2021-07-31', 2017, 261),
(2018, '9.00', '2021-10-01', 2018, 1519),
(2019, '4.00', '2021-06-01', 2019, 1518),
(2020, '10.00', '2020-08-31', 2020, 509),
(2021, '100.00', '2020-07-31', 2021, 655),
(2022, '0.00', '2020-07-31', 2022, 1520),
(2023, '8.00', '2021-07-31', 2023, 1521),
(2024, '28.00', '2020-09-30', 2024, 595),
(2025, '6.00', '2020-10-31', 2025, 252),
(2026, '0.00', '2021-07-31', 2026, 689),
(2027, '20.00', '2020-02-29', 2027, 667),
(2028, '4.00', '2020-05-31', 2028, 980),
(2029, '6.00', '2021-06-30', 2029, 1558),
(2030, '56.00', '2019-06-30', 2030, 1553),
(2031, '70.00', '2020-06-30', 2031, 1554),
(2032, '30.00', '2019-10-31', 2032, 1552),
(2033, '40.00', '2019-11-30', 2033, 1551),
(2034, '0.00', '2020-07-31', 2034, 1555),
(2035, '20.00', '2019-08-31', 2035, 1556),
(2036, '20.00', '2019-11-30', 2036, 1557),
(2037, '1.00', '2020-01-31', 2037, 1559),
(2038, '1.00', '2019-12-31', 2038, 1560),
(2039, '50.00', '2019-11-30', 2039, 1530),
(2040, '10.00', '2020-07-31', 2040, 1533),
(2041, '20.00', '2019-09-30', 2041, 1532),
(2042, '10.00', '2020-08-31', 2042, 1531),
(2043, '0.00', '2020-08-31', 2043, 1534),
(2044, '60.00', '2020-12-31', 2044, 1528),
(2045, '30.00', '2021-05-31', 2045, 1526),
(2046, '20.00', '2019-10-31', 2046, 1525),
(2047, '90.00', '2020-07-31', 2047, 1305),
(2048, '40.00', '2021-03-31', 2048, 1529),
(2049, '40.00', '2020-03-31', 2049, 1527),
(2050, '14.00', '2020-01-31', 2050, 1524),
(2051, '70.00', '2019-06-30', 2051, 1522),
(2052, '16.00', '2022-05-31', 2052, 1536),
(2053, '30.00', '2023-01-31', 2053, 1535),
(2054, '12.00', '2020-10-31', 2054, 1537),
(2055, '60.00', '2020-04-30', 2055, 1538),
(2056, '30.00', '2020-10-31', 2056, 1539),
(2057, '0.00', '2021-01-31', 2057, 1540),
(2058, '0.00', '2020-06-30', 2058, 1543),
(2059, '30.00', '2020-06-30', 2059, 1541),
(2060, '30.00', '2019-09-30', 2060, 1542),
(2061, '10.00', '2019-10-31', 2061, 1545),
(2062, '40.00', '2020-01-31', 2062, 1548),
(2063, '28.00', '2019-10-31', 2063, 1550),
(2064, '28.00', '2020-03-31', 2064, 1549),
(2065, '28.00', '2020-01-31', 2065, 1544),
(2066, '21.00', '2019-05-31', 2066, 1547),
(2067, '14.00', '2019-05-31', 2067, 1546),
(2068, '30.00', '2020-05-31', 2068, 1563),
(2069, '50.00', '2020-03-31', 2069, 1569),
(2070, '210.00', '2020-05-31', 2070, 1562),
(2071, '80.00', '2019-10-31', 2071, 1561),
(2072, '56.00', '2020-04-30', 2072, 1565),
(2073, '28.00', '2019-04-30', 2073, 1564),
(2074, '0.00', '2019-09-30', 2074, 1573),
(2075, '14.00', '2019-08-31', 2075, 1568),
(2076, '10.00', '2019-04-30', 2076, 1566),
(2077, '20.00', '2019-11-30', 2077, 1571),
(2078, '10.00', '2019-09-30', 2078, 1570),
(2079, '80.00', '2019-07-31', 2079, 1567),
(2080, '5.00', '2020-02-29', 2080, 1604),
(2081, '35.00', '2019-05-31', 2081, 1579),
(2082, '7.00', '2019-10-31', 2082, 1578),
(2083, '14.00', '2019-05-31', 2083, 1583),
(2084, '0.00', '2019-05-31', 2084, 1581),
(2085, '42.00', '2019-08-31', 2085, 1580),
(2086, '14.00', '2020-01-31', 2086, 1577),
(2087, '21.00', '2019-11-30', 2087, 1576),
(2088, '28.00', '2021-05-31', 2088, 1593),
(2089, '42.00', '2020-10-31', 2089, 1590),
(2090, '28.00', '2019-06-30', 2090, 1597),
(2091, '40.00', '2020-06-30', 2091, 1587),
(2092, '42.00', '2019-07-31', 2092, 1586),
(2093, '20.00', '2020-03-31', 2093, 1592),
(2094, '20.00', '2019-07-31', 2094, 1588),
(2095, '60.00', '2019-05-31', 2095, 1591),
(2096, '14.00', '2020-04-30', 2096, 1594),
(2097, '7.00', '2019-03-31', 2097, 1598),
(2098, '10.00', '2020-04-30', 2098, 1602),
(2099, '30.00', '2021-02-28', 2099, 1605),
(2100, '10.00', '2020-02-29', 2100, 1595),
(2101, '10.00', '2020-02-29', 2101, 1585),
(2102, '20.00', '2020-02-29', 2102, 1584),
(2103, '20.00', '2020-06-30', 2103, 1584),
(2104, '50.00', '2020-05-31', 2104, 1599),
(2105, '1.00', '2019-08-31', 2105, 1602),
(2106, '5.00', '2019-05-31', 2106, 1596),
(2107, '1.00', '2020-03-31', 2107, 1603),
(2108, '1.00', '2019-03-31', 2108, 1601),
(2109, '1.00', '2019-09-30', 2109, 1600),
(2110, '3.00', '2019-10-31', 2110, 1621),
(2111, '70.00', '2020-06-30', 2111, 1609),
(2112, '160.00', '2019-10-31', 2112, 1610),
(2113, '90.00', '2021-01-31', 2113, 1607),
(2114, '500.00', '2022-09-30', 2114, 1613),
(2115, '30.00', '2020-09-30', 2115, 1606),
(2116, '60.00', '2022-07-31', 2116, 1626),
(2117, '10.00', '2022-03-31', 2117, 1627),
(2118, '50.00', '2020-03-31', 2118, 1608),
(2119, '36.00', '2020-01-31', 2119, 1611),
(2120, '12.00', '2021-03-31', 2120, 1611),
(2121, '0.00', '2021-06-30', 2121, 1612),
(2122, '30.00', '2021-03-31', 2122, 1608),
(2123, '1.00', '2020-07-31', 2123, 1619),
(2124, '2.00', '2019-12-31', 2124, 1617),
(2125, '0.00', '2020-06-30', 2125, 1625),
(2126, '5.00', '2020-02-29', 2126, 1622),
(2127, '2.00', '2019-04-30', 2127, 1616),
(2128, '1.00', '2019-07-31', 2128, 1615),
(2129, '12.00', '2019-11-30', 2129, 1624),
(2130, '3.00', '2019-10-31', 2130, 1622),
(2131, '4.00', '2019-04-30', 2131, 1623),
(2132, '3.00', '2020-04-30', 2132, 1620),
(2133, '4.00', '2020-06-30', 2133, 1618),
(2134, '-10.00', '2020-08-31', 2134, 1131),
(2135, '0.00', '2020-08-31', 2135, 1628),
(2136, '90.00', '2020-06-30', 2136, 1629),
(2137, '13.00', '2019-09-30', 2137, 1629),
(2138, '28.00', '2020-07-31', 2138, 1644),
(2139, '14.00', '2020-04-30', 2139, 1646),
(2140, '14.00', '2020-02-29', 2140, 1646),
(2141, '60.00', '2020-06-30', 2141, 1632),
(2142, '40.00', '2019-10-31', 2142, 1631),
(2143, '20.00', '2020-08-31', 2143, 1630),
(2144, '28.00', '2020-03-31', 2144, 1643),
(2145, '56.00', '2020-01-31', 2145, 1642),
(2146, '20.00', '2020-05-31', 2146, 1669),
(2147, '20.00', '2019-12-31', 2147, 1670),
(2148, '14.00', '2019-07-31', 2148, 1668),
(2149, '10.00', '2021-05-31', 2149, 1674),
(2150, '14.00', '2019-07-31', 2150, 1675),
(2151, '28.00', '2020-01-31', 2151, 1676),
(2152, '0.00', '2021-04-30', 2152, 1671),
(2153, '14.00', '2019-10-31', 2153, 1673),
(2154, '28.00', '2020-04-30', 2154, 1677),
(2155, '10.00', '2020-11-30', 2155, 1672),
(2156, '28.00', '2019-11-30', 2156, 1667),
(2157, '30.00', '2020-01-31', 2157, 1678),
(2158, '50.00', '2020-04-30', 2158, 1666),
(2159, '10.00', '2019-10-31', 2159, 1663),
(2160, '19.00', '2019-07-31', 2160, 1614),
(2161, '30.00', '2020-08-31', 2161, 1635),
(2162, '40.00', '2019-11-30', 2162, 1634),
(2163, '15.00', '2020-03-31', 2163, 1635),
(2164, '20.00', '2020-05-31', 2164, 1636),
(2165, '10.00', '2020-04-30', 2165, 1637),
(2166, '35.00', '2020-07-31', 2166, 1638),
(2167, '20.00', '2020-04-30', 2167, 1639),
(2168, '10.00', '2020-04-30', 2168, 1640),
(2169, '0.00', '2021-09-30', 2169, 1679),
(2170, '10.00', '2020-06-30', 2170, 1659),
(2171, '61.00', '2020-03-31', 2171, 1662),
(2172, '10.00', '2021-09-30', 2172, 1658),
(2173, '10.00', '2020-03-31', 2173, 1654),
(2174, '10.00', '2020-08-31', 2174, 1655),
(2175, '40.00', '2020-02-29', 2175, 1657),
(2176, '30.00', '2020-04-30', 2176, 1656),
(2177, '14.00', '2019-05-31', 2177, 1653),
(2178, '28.00', '2020-01-31', 2178, 1653),
(2179, '28.00', '2019-07-31', 2179, 1652),
(2180, '40.00', '2020-02-29', 2180, 1651),
(2181, '40.00', '2020-03-31', 2181, 1649),
(2182, '2.00', '2020-07-31', 2182, 1665),
(2183, '20.00', '2020-02-29', 2183, 1647),
(2184, '10.00', '2020-07-31', 2184, 1648),
(2185, '28.00', '2020-02-29', 2185, 1650),
(2186, '30.00', '2020-03-31', 2186, 436),
(2187, '60.00', '2020-07-31', 2187, 448),
(2188, '50.00', '2021-07-31', 2188, 402),
(2189, '0.00', '2020-08-31', 2189, 1628),
(2190, '20.00', '2020-07-17', 2190, 373),
(2191, '20.00', '2021-08-31', 2191, 316),
(2192, '48.00', '2021-08-31', 2192, 346),
(2193, '1.00', '2021-04-30', 2193, 1681),
(2194, '1.00', '2021-08-31', 2194, 1680),
(2195, '5.00', '2020-05-31', 2195, 1683),
(2196, '1.00', '2020-08-31', 2196, 1684),
(2197, '1.00', '2020-10-31', 2197, 1711),
(2198, '1.00', '2020-08-31', 2198, 1696),
(2199, '8.00', '2021-06-30', 2199, 1685),
(2200, '3.00', '2020-05-31', 2200, 1696),
(2201, '3.00', '2020-10-31', 2201, 1686),
(2202, '3.00', '2020-06-30', 2202, 1694),
(2203, '6.00', '2021-07-31', 2203, 1695),
(2204, '3.00', '2020-01-31', 2204, 1693),
(2205, '1.00', '2019-04-30', 2205, 1722),
(2206, '3.00', '2020-06-30', 2206, 1691),
(2207, '1.00', '2025-01-31', 2207, 1692),
(2208, '5.00', '2020-08-31', 2208, 1690),
(2209, '7.00', '2019-08-31', 2209, 1689),
(2210, '1.00', '2019-07-31', 2210, 1688),
(2211, '4.00', '2020-07-31', 2211, 1697),
(2212, '12.00', '2020-05-31', 2212, 1717),
(2213, '1.00', '2020-07-31', 2213, 1710),
(2214, '1.00', '2021-07-31', 2214, 1720),
(2215, '2.00', '2020-02-29', 2215, 1709),
(2216, '1.00', '2020-08-31', 2216, 1721),
(2217, '1.00', '2021-03-31', 2217, 1706),
(2218, '15.00', '2020-07-31', 2218, 1719),
(2219, '3.00', '2020-07-30', 2219, 1718),
(2220, '1.00', '2020-12-31', 2220, 1712),
(2221, '2.00', '2021-03-31', 2221, 1714),
(2222, '2.00', '2019-09-30', 2222, 1715),
(2223, '1.00', '2020-03-31', 2223, 1817),
(2224, '2.00', '2021-03-31', 2224, 1704),
(2225, '2.00', '2019-12-31', 2225, 1732),
(2226, '0.00', '2021-08-31', 2226, 1707),
(2227, '0.00', '2021-06-30', 2227, 1703),
(2228, '4.00', '2019-06-30', 2228, 1716),
(2229, '5.00', '2020-08-31', 2229, 1705),
(2230, '2.00', '2020-08-31', 2230, 1701),
(2231, '1.00', '2020-06-30', 2231, 1698),
(2232, '1.00', '2021-01-31', 2232, 1700),
(2233, '1.00', '2021-04-30', 2233, 1699),
(2234, '9.00', '2021-08-31', 2234, 1728),
(2235, '2.00', '2020-03-31', 2235, 1727),
(2236, '2.00', '2019-12-31', 2236, 1729),
(2237, '1.00', '2020-06-30', 2237, 1726),
(2238, '1.00', '2020-06-30', 2238, 1745),
(2239, '4.00', '2020-12-31', 2239, 1743),
(2240, '2.00', '2020-05-31', 2240, 1739),
(2241, '2.00', '2021-08-31', 2241, 1744),
(2242, '1.00', '2022-11-30', 2242, 1760),
(2243, '1.00', '2020-01-31', 2243, 1738),
(2244, '1.00', '2020-03-31', 2244, 1736),
(2245, '2.00', '2020-06-30', 2245, 1737),
(2246, '2.00', '2020-06-30', 2246, 1818),
(2247, '1.00', '2020-03-31', 2247, 1742),
(2248, '1.00', '2020-06-30', 2248, 1741),
(2249, '2.00', '2020-07-31', 2249, 1741),
(2250, '7.00', '2023-05-31', 2250, 1735),
(2251, '2.00', '2020-08-31', 2251, 1733),
(2252, '1.00', '2020-02-29', 2252, 1746),
(2253, '1.00', '2020-11-30', 2253, 1746),
(2254, '1.00', '2021-01-31', 2254, 1758),
(2255, '1.00', '2021-04-30', 2255, 1759),
(2256, '5.00', '2020-01-31', 2256, 1757),
(2257, '0.00', '2020-08-31', 2257, 1747),
(2258, '1.00', '2019-10-31', 2258, 1748),
(2259, '2.00', '2020-01-31', 2259, 1755),
(2260, '3.00', '2020-03-31', 2260, 1753),
(2261, '1.00', '2021-06-30', 2261, 1752),
(2262, '1.00', '2020-11-30', 2262, 1754),
(2263, '3.00', '2020-09-30', 2263, 1762),
(2264, '5.00', '2020-09-30', 2264, 1761),
(2265, '5.00', '2023-09-30', 2265, 1749),
(2266, '1.00', '2023-07-31', 2266, 1756),
(2267, '2.00', '2021-05-31', 2267, 1725),
(2268, '0.00', '2021-06-30', 2268, 1724),
(2269, '9.00', '2020-07-31', 2269, 1723),
(2270, '3.00', '2020-06-30', 2270, 1751),
(2271, '2.00', '2020-06-30', 2271, 1750),
(2272, '4.00', '2020-07-31', 2272, 1318),
(2273, '10.00', '2020-10-31', 2273, 1495),
(2274, '2.00', '2020-06-30', 2274, 1819),
(2275, '10.00', '2020-07-31', 2275, 1820),
(2276, '10.00', '2020-11-30', 2276, 1397),
(2277, '0.00', '2020-07-31', 2277, 1398),
(2278, '80.00', '2021-05-31', 2278, 1458),
(2279, '28.00', '2021-03-31', 2279, 1255),
(2280, '42.00', '2021-08-31', 2280, 1177),
(2281, '20.00', '2020-12-31', 2281, 1155),
(2282, '1.00', '2019-11-30', 2282, 1223),
(2283, '3.00', '2021-09-30', 2283, 1219),
(2284, '1.00', '2020-09-30', 2284, 605),
(2285, '3.00', '2020-08-31', 2285, 1821),
(2286, '20.00', '2021-11-30', 2286, 1658),
(2287, '75.00', '2020-09-30', 2287, 1628),
(2288, '20.00', '2020-08-31', 2288, 1630),
(2289, '10.00', '2020-03-31', 2289, 1654),
(2290, '30.00', '2020-07-31', 2290, 1822),
(2291, '30.00', '2021-01-31', 2291, 1824),
(2292, '3.00', '2020-08-31', 2292, 1826),
(2293, '3.00', '2020-05-30', 2293, 1825),
(2294, '1.00', '2019-05-31', 2294, 1764),
(2295, '1.00', '2020-08-31', 2295, 1763),
(2296, '10.00', '2020-05-31', 2296, 1766),
(2297, '0.00', '2022-04-30', 2297, 1768),
(2298, '0.00', '2019-12-31', 2298, 1767),
(2299, '8.00', '2020-07-31', 2299, 1773),
(2300, '0.00', '2020-03-31', 2300, 1777),
(2301, '2.00', '2019-04-30', 2301, 1775),
(2302, '3.00', '2020-05-30', 2302, 1774),
(2303, '0.00', '2020-06-30', 2303, 1771),
(2304, '3.00', '2020-07-31', 2304, 1770),
(2305, '2.00', '2020-08-31', 2305, 1789),
(2306, '1.00', '2019-06-29', 2306, 1788),
(2307, '1.00', '2020-05-31', 2307, 1788),
(2308, '2.00', '2019-10-31', 2308, 1780),
(2309, '3.00', '2020-03-31', 2309, 1823),
(2310, '1.00', '2020-05-30', 2310, 1785),
(2311, '2.00', '2019-12-31', 2311, 1778),
(2312, '0.00', '2019-06-30', 2312, 1781),
(2313, '1.00', '2019-12-31', 2313, 1781),
(2314, '0.00', '2020-07-31', 2314, 1814),
(2315, '1.00', '2019-01-31', 2315, 1783),
(2316, '2.00', '2019-05-31', 2316, 1783),
(2317, '2.00', '2019-03-31', 2317, 1827),
(2318, '1.00', '2019-12-31', 2318, 1827),
(2319, '1.00', '2020-06-30', 2319, 1779),
(2320, '4.00', '2020-07-31', 2320, 1790),
(2321, '7.00', '2020-04-30', 2321, 1828),
(2322, '1.00', '2020-02-29', 2322, 1813),
(2323, '1.00', '2019-05-31', 2323, 1786),
(2324, '0.00', '2020-02-29', 2324, 1787),
(2325, '1.00', '2020-07-31', 2325, 1815),
(2326, '1.00', '2019-10-31', 2326, 1798),
(2327, '1.00', '2019-10-31', 2327, 1797),
(2328, '1.00', '2019-07-31', 2328, 1795),
(2329, '1.00', '2020-03-31', 2329, 1791),
(2330, '0.00', '2019-12-31', 2330, 1772),
(2331, '1.00', '2019-09-30', 2331, 1794),
(2332, '1.00', '2019-06-30', 2332, 1805),
(2333, '2.00', '2020-05-31', 2333, 1801),
(2334, '2.00', '2020-07-31', 2334, 1802),
(2335, '9.00', '2019-04-30', 2335, 1800),
(2336, '1.00', '2020-05-31', 2336, 1800),
(2337, '12.00', '2019-12-31', 2337, 1816),
(2338, '0.00', '2020-02-29', 2338, 1803),
(2339, '3.00', '2020-01-31', 2339, 1809),
(2340, '1.00', '2019-08-31', 2340, 1810),
(2341, '1.00', '2019-09-30', 2341, 1807),
(2342, '1.00', '2021-06-30', 2342, 1829),
(2343, '1.00', '2020-05-31', 2343, 1811),
(2344, '1.00', '2019-04-30', 2344, 1806),
(2345, '3.00', '2021-07-31', 2345, 1802),
(2346, '2.00', '2020-02-29', 2346, 1799),
(2347, '1.00', '2020-05-30', 2347, 1796),
(2348, '3.00', '2020-05-31', 2348, 1812),
(2349, '0.00', '2020-04-30', 2349, 1830),
(2350, '2.00', '2020-09-30', 2350, 1794),
(2351, '1.00', '2020-01-31', 2351, 1792),
(2352, '1.00', '2020-04-30', 2352, 1793),
(2353, '1.00', '2020-05-31', 2353, 1831),
(2354, '0.00', '2020-08-31', 2354, 1832),
(2355, '14.00', '2020-08-31', 2355, 414),
(2356, '10.00', '2021-07-31', 2356, 402),
(2357, '2.00', '2021-07-31', 2357, 1833),
(2358, '2.00', '2019-09-30', 2358, 105),
(2359, '1.00', '2019-10-31', 2359, 103),
(2360, '1.00', '2019-07-31', 2360, 1834),
(2361, '5.00', '2020-12-31', 2361, 1835),
(2362, '5.00', '2022-10-31', 2362, 1839),
(2363, '1.00', '2020-03-31', 2363, 1846),
(2364, '1.00', '2021-02-28', 2364, 1848),
(2365, '1.00', '2020-06-30', 2365, 1847),
(2366, '2.00', '2020-12-31', 2366, 1836),
(2367, '1.00', '2019-10-31', 2367, 1837),
(2368, '1.00', '2020-03-31', 2368, 1844),
(2369, '2.00', '2019-08-31', 2369, 1838),
(2370, '2.00', '2020-08-31', 2370, 1841),
(2371, '1.00', '2021-02-28', 2371, 1845),
(2372, '1.00', '2020-01-31', 2372, 1842),
(2373, '1.00', '2020-08-31', 2373, 1840),
(2374, '3.00', '2023-03-31', 2374, 1849),
(2375, '2.00', '2019-03-31', 2375, 1851),
(2376, '11.00', '2020-04-30', 2376, 1850),
(2377, '4.00', '2023-10-31', 2377, 1852),
(2378, '5.00', '2020-08-31', 2378, 1854),
(2379, '3.00', '2020-08-31', 2379, 1853),
(2380, '7.00', '2020-09-30', 2380, 1855),
(2381, '3.00', '2021-07-31', 2381, 1856),
(2382, '3.00', '2020-09-30', 2382, 1858),
(2383, '4.00', '2021-04-30', 2383, 1857),
(2384, '3.00', '2021-06-30', 2384, 1867),
(2385, '2.00', '2020-03-31', 2385, 1865),
(2386, '2.00', '2020-01-31', 2386, 1866),
(2387, '0.00', '2021-07-31', 2387, 625),
(2388, '1.00', '2020-01-31', 2388, 625),
(2389, '3.00', '2020-06-30', 2389, 1874),
(2390, '2.00', '2021-02-28', 2390, 1868),
(2391, '2.00', '2021-07-31', 2391, 1859),
(2392, '1.00', '2021-02-28', 2392, 1860),
(2393, '1.00', '2020-07-31', 2393, 1861),
(2394, '1.00', '2019-11-30', 2394, 1869),
(2395, '1.00', '2019-11-30', 2395, 1870),
(2396, '3.00', '2020-03-31', 2396, 1872),
(2397, '0.00', '2019-09-30', 2397, 1863),
(2398, '1.00', '2020-02-29', 2398, 1862),
(2399, '0.00', '2020-12-31', 2399, 1864),
(2400, '42.00', '2020-08-31', 2400, 1251),
(2401, '14.00', '2020-02-29', 2401, 282),
(2402, '39.00', '2021-05-31', 2402, 1140),
(2403, '12.00', '2021-07-31', 2403, 937),
(2404, '30.00', '2020-01-31', 2404, 949),
(2405, '0.00', '2021-01-31', 2405, 1254),
(2406, '0.00', '2021-03-31', 2406, 1253),
(2407, '30.00', '2021-08-31', 2407, 1190),
(2408, '28.00', '2020-09-30', 2408, 1180),
(2409, '40.00', '2021-09-30', 2409, 1197),
(2410, '20.00', '2021-02-28', 2410, 1187),
(2411, '10.00', '2021-07-31', 2411, 1188),
(2412, '3.00', '2021-08-31', 2412, 227),
(2413, '42.00', '2020-06-30', 2413, 722),
(2414, '4.00', '2020-09-30', 2414, 1776),
(2415, '20.00', '2020-08-31', 2415, 808),
(2416, '7.00', '2020-07-31', 2416, 779),
(2417, '28.00', '2020-10-31', 2417, 1927),
(2418, '40.00', '2023-07-31', 2418, 728),
(2419, '30.00', '2021-07-31', 2419, 751),
(2420, '14.00', '2020-08-31', 2420, 701),
(2421, '30.00', '2021-08-31', 2421, 1928),
(2422, '40.00', '2020-08-31', 2422, 1570),
(2423, '2.00', '2020-02-29', 2423, 1803),
(2424, '30.00', '2021-01-31', 2424, 1824),
(2425, '1.00', '2020-06-30', 2425, 1825),
(2426, '2.00', '2020-05-31', 2426, 1932),
(2427, '150.00', '2021-07-31', 2427, 671),
(2428, '20.00', '2020-08-31', 2428, 544),
(2429, '20.00', '2020-07-31', 2429, 545),
(2430, '50.00', '2021-08-31', 2430, 1933),
(2431, '20.00', '2020-08-31', 2431, 532),
(2432, '14.00', '2021-07-31', 2432, 689),
(2433, '84.00', '2021-05-31', 2433, 688),
(2434, '14.00', '2020-12-31', 2434, 687),
(2435, '2.00', '2020-07-31', 2435, 1934),
(2436, '20.00', '2020-07-31', 2436, 1930),
(2437, '20.00', '2020-07-31', 2437, 1931),
(2438, '14.00', '2020-07-31', 2438, 541),
(2439, '40.00', '2021-08-31', 2439, 664),
(2440, '90.00', '2021-02-28', 2440, 670),
(2441, '6.00', '2020-02-29', 2441, 1935),
(2442, '9.00', '2020-02-29', 2442, 1936),
(2443, '14.00', '2021-09-30', 2443, 1937),
(2444, '80.00', '2021-07-31', 2444, 1938),
(2445, '8.00', '2021-11-30', 2445, 1939),
(2446, '28.00', '2020-07-31', 2446, 415),
(2447, '40.00', '2020-07-31', 2447, 422),
(2448, '10.00', '2020-09-30', 2448, 410),
(2449, '10.00', '2020-05-31', 2449, 420),
(2450, '30.00', '2020-03-31', 2450, 390),
(2451, '0.00', '2020-06-30', 2451, 398),
(2452, '30.00', '2020-12-31', 2452, 478),
(2453, '0.00', '2020-12-31', 2453, 480),
(2454, '40.00', '2020-02-29', 2454, 493),
(2455, '1.00', '2019-12-31', 2455, 123),
(2456, '30.00', '2020-02-29', 2456, 1543),
(2457, '30.00', '2020-04-30', 2457, 1880),
(2458, '30.00', '2020-09-30', 2458, 1878),
(2459, '1.00', '2019-09-30', 2459, 1877),
(2460, '20.00', '2019-12-31', 2460, 1155),
(2461, '40.00', '2021-08-31', 2461, 1941),
(2462, '2.00', '2021-08-31', 2462, 1942),
(2463, '10.00', '2020-06-30', 2463, 1943),
(2464, '20.00', '2019-12-31', 2464, 1881),
(2465, '75.00', '2019-07-31', 2465, 1882),
(2466, '50.00', '2021-07-31', 2466, 1883),
(2467, '50.00', '2020-11-30', 2467, 1884),
(2468, '40.00', '2020-05-31', 2468, 1888),
(2469, '63.00', '2020-08-31', 2469, 1887),
(2470, '34.00', '2020-11-30', 2470, 1892),
(2471, '40.00', '2020-07-31', 2471, 1879),
(2472, '40.00', '2020-04-30', 2472, 1889),
(2473, '100.00', '2019-11-30', 2473, 1944),
(2474, '22.00', '2021-05-31', 2474, 1894),
(2475, '110.00', '2022-03-31', 2475, 1895),
(2476, '169.00', '2021-03-31', 2476, 1893),
(2477, '41.00', '2021-02-28', 2477, 1896),
(2478, '3.00', '2021-03-31', 2478, 1897),
(2479, '1.00', '2019-07-31', 2479, 1908),
(2480, '6.00', '2020-04-30', 2480, 1898),
(2481, '3.00', '2020-04-30', 2481, 1899),
(2482, '46.00', '2019-03-31', 2482, 1904),
(2483, '14.00', '2019-03-31', 2483, 1905),
(2484, '30.00', '2020-06-30', 2484, 1906),
(2485, '30.00', '2020-02-29', 2485, 1907),
(2486, '20.00', '2021-08-31', 2486, 1901),
(2487, '30.00', '2021-06-30', 2487, 1902),
(2488, '40.00', '2019-11-30', 2488, 1900),
(2489, '2.00', '2019-07-31', 2489, 1914),
(2490, '1.00', '2023-08-31', 2490, 1912),
(2491, '1.00', '2020-02-29', 2491, 1911),
(2492, '1.00', '2020-05-31', 2492, 1913),
(2493, '1.00', '2020-05-31', 2493, 1916),
(2494, '10.00', '2020-01-31', 2494, 1030),
(2495, '2.00', '2020-06-30', 2495, 1918),
(2496, '1.00', '2019-08-31', 2496, 1919),
(2497, '1.00', '2020-08-31', 2497, 1920),
(2498, '1.00', '2019-04-30', 2498, 1909),
(2499, '2.00', '2020-11-30', 2499, 1917),
(2500, '2.00', '2020-06-30', 2500, 1926),
(2501, '1.00', '2019-11-30', 2501, 1925),
(2502, '2.00', '2021-05-31', 2502, 1921),
(2503, '1.00', '2020-04-30', 2503, 1923),
(2504, '2.00', '2019-12-31', 2504, 1922),
(2505, '1.00', '2021-05-31', 2505, 1910),
(2506, '2.00', '2020-12-31', 2506, 1924),
(2507, '60.00', '2020-08-31', 2507, 1946),
(2508, '40.00', '2020-08-31', 2508, 1945),
(2509, '11.00', '2020-08-31', 2509, 1313),
(2510, '13.00', '2020-03-03', 2510, 269),
(2511, '3.00', '2019-09-30', 2511, 386),
(2512, '3.00', '2019-11-30', 2512, 377),
(2513, '2.00', '2020-08-31', 2513, 181),
(2514, '20.00', '2020-09-30', 2514, 315),
(2515, '10.00', '2020-09-30', 2515, 325),
(2516, '3.00', '2019-12-31', 2516, 186),
(2517, '-20.00', '2020-07-31', 2517, 1427),
(2518, '0.00', '2020-05-31', 2518, 1412),
(2519, '40.00', '2021-08-31', 2519, 1947),
(2520, '30.00', '2020-08-31', 2520, 1414),
(2521, '0.00', '2020-07-31', 2521, 1464),
(2522, '2.00', '2021-08-31', 2522, 915),
(2523, '60.00', '2021-09-30', 2523, 931),
(2524, '2.00', '2021-07-31', 2524, 914),
(2525, '20.00', '2023-07-31', 2525, 877),
(2526, '40.00', '2020-08-31', 2526, 923),
(2527, '1.00', '2020-09-30', 2527, 913),
(2528, '2.00', '2023-04-30', 2528, 1948),
(2529, '2.00', '2020-07-31', 2529, 1310),
(2530, '2.00', '2020-09-30', 2530, 1312),
(2531, '28.00', '2021-01-31', 2531, 1403),
(2532, '10.00', '2020-04-30', 2532, 1949),
(2533, '3.00', '2021-07-31', 2533, 1950),
(2534, '14.00', '2020-06-30', 2534, 1260),
(2535, '20.00', '2020-09-30', 2535, 1238),
(2536, '20.00', '2020-08-31', 2536, 1184),
(2537, '20.00', '2021-09-30', 2537, 1192),
(2538, '40.00', '2021-06-30', 2538, 1157),
(2539, '40.00', '2021-07-31', 2539, 1158),
(2540, '28.00', '2021-02-28', 2540, 1256),
(2541, '14.00', '2021-01-31', 2541, 1254),
(2542, '28.00', '2021-03-31', 2542, 1255),
(2543, '14.00', '2020-09-30', 2543, 1173),
(2544, '20.00', '2021-07-31', 2544, 304),
(2545, '10.00', '2023-06-30', 2545, 963),
(2546, '20.00', '2021-02-28', 2546, 966),
(2547, '0.00', '2020-04-30', 2547, 1966),
(2548, '7.00', '2019-07-31', 2548, 1967),
(2549, '5.00', '2020-04-30', 2549, 1968),
(2550, '7.00', '2021-08-31', 2550, 1964),
(2551, '4.00', '2021-07-31', 2551, 1965),
(2552, '1.00', '2019-08-31', 2552, 1961),
(2553, '1.00', '2019-11-30', 2553, 1962),
(2554, '0.00', '2020-11-30', 2554, 1980),
(2555, '4.00', '2019-07-31', 2555, 1972),
(2556, '0.00', '2020-06-30', 2556, 1974),
(2557, '1.00', '2020-07-31', 2557, 1971),
(2558, '2.00', '2020-04-30', 2558, 1951),
(2559, '2.00', '2019-03-31', 2559, 1958),
(2560, '1.00', '2019-04-30', 2560, 1957),
(2561, '5.00', '2019-08-31', 2561, 1978),
(2562, '1.00', '2020-01-31', 2562, 1975),
(2563, '2.00', '2019-06-30', 2563, 1956),
(2564, '3.00', '2021-09-30', 2564, 1979),
(2565, '1.00', '2023-03-31', 2565, 1977),
(2566, '1.00', '2023-05-31', 2566, 1976),
(2567, '6.00', '2022-11-30', 2567, 2011),
(2568, '3.00', '2020-06-30', 2568, 1983),
(2569, '5.00', '2020-09-30', 2569, 1095),
(2570, '3.00', '2021-06-30', 2570, 1982),
(2571, '21.00', '2019-08-31', 2571, 1986),
(2572, '12.00', '2019-03-31', 2572, 1985),
(2573, '15.00', '2020-06-30', 2573, 1989),
(2574, '9.00', '2020-07-31', 2574, 1995),
(2575, '4.00', '2021-03-31', 2575, 1991),
(2576, '11.00', '2023-08-31', 2576, 1984),
(2577, '1.00', '2020-12-31', 2577, 1994),
(2578, '7.00', '2021-04-30', 2578, 1990),
(2579, '28.00', '2020-09-30', 2579, 1987),
(2580, '2.00', '2020-11-30', 2580, 2004),
(2581, '2.00', '2019-09-30', 2581, 2003),
(2582, '2.00', '2019-11-30', 2582, 2001),
(2583, '8.00', '2020-05-31', 2583, 1996),
(2584, '1.00', '2019-11-30', 2584, 2000),
(2585, '3.00', '2020-06-30', 2585, 2005),
(2586, '7.00', '2020-06-30', 2586, 2007),
(2587, '5.00', '2019-10-31', 2587, 2009),
(2588, '0.00', '2019-11-30', 2588, 2006),
(2589, '18.00', '2020-03-31', 2589, 1998),
(2590, '13.00', '2020-10-31', 2590, 1997),
(2591, '18.00', '2019-06-30', 2591, 1999),
(2592, '4.00', '2021-03-31', 2592, 1988),
(2593, '0.00', '2020-02-29', 2593, 2008),
(2594, '49.00', '2020-04-30', 2594, 1993),
(2595, '1.00', '2020-05-31', 2595, 1992),
(2596, '7.00', '2021-04-30', 2596, 2010),
(2597, '3.00', '2022-05-31', 2597, 2002),
(2598, '36.00', '2021-07-31', 2598, 936),
(2599, '1.00', '2020-05-31', 2599, 2012),
(2600, '28.00', '2020-05-31', 2600, 396),
(2601, '30.00', '2020-12-31', 2601, 478),
(2602, '30.00', '2020-11-30', 2602, 453),
(2603, '4.00', '2020-09-30', 2603, 1343),
(2604, '6.00', '2021-08-31', 2604, 1297),
(2605, '20.00', '2020-06-30', 2605, 1032),
(2606, '120.00', '2020-07-31', 2606, 1030),
(2607, '2.00', '2020-05-31', 2607, 1729),
(2608, '2.00', '2020-07-31', 2608, 2013),
(2609, '1.00', '2020-09-30', 2609, 1855),
(2610, '5.00', '2020-10-31', 2610, 1730),
(2611, '3.00', '2020-06-30', 2611, 2014),
(2612, '28.00', '2020-10-31', 2612, 1078),
(2613, '28.00', '2020-08-31', 2613, 1070),
(2614, '28.00', '2020-03-31', 2614, 1066),
(2615, '40.00', '2020-07-31', 2615, 1044),
(2616, '14.00', '2020-07-31', 2616, 1045),
(2617, '28.00', '2019-12-31', 2617, 2015),
(2618, '14.00', '2020-07-31', 2618, 2016),
(2619, '3.00', '2020-07-31', 2619, 1092),
(2620, '3.00', '2021-09-30', 2620, 1703),
(2621, '100.00', '2021-07-31', 2621, 1126),
(2622, '20.00', '2020-06-30', 2622, 1133),
(2623, '5.00', '2020-06-30', 2623, 1090),
(2624, '14.00', '2020-07-31', 2624, 1085),
(2625, '20.00', '2020-08-31', 2625, 1349),
(2626, '10.00', '2020-02-29', 2626, 338),
(2627, '2.00', '2019-01-31', 2627, 2017),
(2628, '10.00', '2019-09-30', 2628, 279),
(2629, '40.00', '2021-09-30', 2629, 314),
(2630, '20.00', '2020-08-31', 2630, 322),
(2631, '60.00', '2021-09-30', 2631, 330),
(2632, '3.00', '2020-09-30', 2632, 1762),
(2633, '60.00', '2021-10-31', 2633, 352),
(2634, '38.00', '2021-05-31', 2634, 1894),
(2635, '4.00', '2020-07-31', 2635, 1943),
(2636, '25.00', '2020-08-31', 2636, 1832),
(2637, '10.00', '2020-04-30', 2637, 2034),
(2638, '6.00', '2020-12-31', 2638, 1885),
(2639, '4.00', '2020-01-31', 2639, 2018),
(2640, '5.00', '2020-04-30', 2640, 1940),
(2641, '102.00', '2020-01-31', 2641, 2032),
(2642, '10.00', '2021-06-30', 2642, 2031),
(2643, '25.00', '2021-05-31', 2643, 2030),
(2644, '30.00', '2020-05-31', 2644, 2033),
(2645, '5.00', '2021-04-30', 2645, 2037),
(2646, '30.00', '2020-11-30', 2646, 2029),
(2647, '58.00', '2020-01-31', 2647, 2036),
(2648, '15.00', '2020-01-31', 2648, 2035),
(2649, '30.00', '2020-06-30', 2649, 2027),
(2650, '14.00', '2019-09-30', 2650, 2022),
(2651, '18.00', '2019-10-31', 2651, 2024),
(2652, '19.00', '2019-02-28', 2652, 2026),
(2653, '56.00', '2020-04-30', 2653, 2020),
(2654, '84.00', '2020-04-30', 2654, 2019),
(2655, '10.00', '2019-06-30', 2655, 2049),
(2656, '50.00', '2019-12-31', 2656, 2050),
(2657, '10.00', '2020-04-30', 2657, 2048),
(2658, '14.00', '2020-07-31', 2658, 2046),
(2659, '50.00', '2020-06-30', 2659, 2047),
(2660, '62.00', '2021-08-31', 2660, 2042),
(2661, '10.00', '2020-05-31', 2661, 2045),
(2662, '0.00', '2021-01-31', 2662, 2044),
(2663, '6.00', '2019-11-30', 2663, 1890),
(2664, '10.00', '2020-10-31', 2664, 2043),
(2665, '20.00', '2020-04-30', 2665, 2040),
(2666, '28.00', '2020-06-30', 2666, 2039),
(2667, '4.00', '2019-11-30', 2667, 2038),
(2668, '114.00', '2019-10-31', 2668, 2041),
(2669, '42.00', '2021-01-31', 2669, 1254),
(2670, '10.00', '2020-07-31', 2670, 1166),
(2671, '0.00', '2020-10-31', 2671, 1181),
(2672, '60.00', '2020-08-31', 2672, 2076),
(2673, '28.00', '2020-10-31', 2673, 2077),
(2674, '28.00', '2021-07-31', 2674, 2078),
(2675, '30.00', '2019-07-31', 2675, 2080),
(2676, '60.00', '2020-07-31', 2676, 2079),
(2677, '28.00', '2020-05-31', 2677, 1581),
(2678, '1.00', '2020-08-31', 2678, 617),
(2679, '10.00', '2020-07-31', 2679, 2051),
(2680, '2.00', '2020-03-31', 2680, 2057),
(2681, '2.00', '2019-12-31', 2681, 2058),
(2682, '2.00', '2020-02-29', 2682, 2059),
(2683, '1.00', '2020-03-31', 2683, 2054),
(2684, '1.00', '2020-05-31', 2684, 2055),
(2685, '28.00', '2020-03-31', 2685, 2052),
(2686, '1.00', '2020-03-31', 2686, 2053),
(2687, '1.00', '2019-05-31', 2687, 2056),
(2688, '5.00', '2020-08-31', 2688, 2060),
(2689, '15.00', '2020-01-31', 2689, 1421),
(2690, '7.00', '2019-01-31', 2690, 1421),
(2691, '3.00', '2021-02-28', 2691, 2066),
(2692, '3.00', '2020-05-31', 2692, 2065),
(2693, '4.00', '2021-01-31', 2693, 2061),
(2694, '1.00', '2021-01-31', 2694, 2062),
(2695, '2.00', '2020-09-30', 2695, 2063),
(2696, '3.00', '2019-12-31', 2696, 2064),
(2697, '2.00', '2020-05-31', 2697, 2067),
(2698, '1.00', '2019-02-28', 2698, 2068),
(2699, '3.00', '2020-06-30', 2699, 2070),
(2700, '2.00', '2020-03-31', 2700, 2069),
(2701, '13.00', '2020-02-29', 2701, 2071),
(2702, '1.00', '2019-12-31', 2702, 2072),
(2703, '15.00', '2020-03-31', 2703, 2073),
(2704, '15.00', '2022-06-30', 2704, 2074),
(2705, '15.00', '2021-10-31', 2705, 2075),
(2706, '5.00', '2020-12-31', 2706, 1980),
(2707, '5.00', '2020-06-30', 2707, 1974),
(2708, '100.00', '2021-07-31', 2708, 2081),
(2709, '24.00', '2021-06-30', 2709, 1612),
(2710, '2.00', '2020-09-30', 2710, 1763),
(2711, '2.00', '2020-09-30', 2711, 1764),
(2712, '40.00', '2020-08-31', 2712, 1638),
(2713, '60.00', '2020-08-31', 2713, 1631),
(2714, '40.00', '2020-09-30', 2714, 2082),
(2715, '20.00', '2020-07-31', 2715, 2083),
(2716, '40.00', '2020-05-31', 2716, 1636),
(2717, '40.00', '2020-08-31', 2717, 1637),
(2718, '60.00', '2021-09-30', 2718, 1679),
(2719, '1.00', '2020-08-31', 2719, 1625),
(2720, '1.00', '2020-03-31', 2720, 2084),
(2721, '2.00', '2020-08-31', 2721, 2085),
(2722, '14.00', '2020-10-31', 2722, 2148),
(2723, '42.00', '2020-09-30', 2723, 786),
(2724, '1.00', '2020-03-31', 2724, 1767),
(2725, '1.00', '2020-09-30', 2725, 2150),
(2726, '1.00', '2020-01-31', 2726, 2151),
(2727, '2.00', '2021-07-31', 2727, 2152),
(2728, '1.00', '2020-07-31', 2728, 2153),
(2729, '1.00', '2020-07-31', 2729, 1815),
(2730, '360.00', '2020-09-30', 2730, 773),
(2731, '56.00', '2020-09-30', 2731, 779),
(2732, '20.00', '2020-07-31', 2732, 2154),
(2733, '20.00', '2020-07-31', 2733, 2155),
(2734, '14.00', '2020-08-31', 2734, 2149),
(2735, '1.00', '2021-06-30', 2735, 618),
(2736, '40.00', '2020-02-29', 2736, 790),
(2737, '20.00', '2021-08-31', 2737, 746),
(2738, '28.00', '2021-08-31', 2738, 700),
(2739, '42.00', '2021-07-31', 2739, 699),
(2740, '14.00', '2020-08-31', 2740, 703),
(2741, '2.00', '2022-09-30', 2741, 2092),
(2742, '1.00', '2022-10-31', 2742, 2093),
(2743, '1.00', '2020-12-31', 2743, 2098),
(2744, '1.00', '2019-04-30', 2744, 2094),
(2745, '1.00', '2019-08-31', 2745, 2095),
(2746, '2.00', '2020-09-30', 2746, 2099),
(2747, '2.00', '2021-01-31', 2747, 2086),
(2748, '2.00', '2020-05-31', 2748, 2087),
(2749, '40.00', '2020-04-30', 2749, 2097),
(2750, '1.00', '2020-08-31', 2750, 2090),
(2751, '1.00', '2019-10-31', 2751, 2089),
(2752, '1.00', '2020-06-30', 2752, 2091),
(2753, '1.00', '2019-06-30', 2753, 2099),
(2754, '20.00', '2019-08-31', 2754, 2114),
(2755, '14.00', '2020-06-30', 2755, 2115),
(2756, '42.00', '2019-06-30', 2756, 2116),
(2757, '30.00', '2020-06-30', 2757, 2118),
(2758, '28.00', '2019-10-31', 2758, 2117),
(2759, '90.00', '2021-06-30', 2759, 2119),
(2760, '30.00', '2021-05-31', 2760, 2127),
(2761, '20.00', '2019-08-31', 2761, 2128),
(2762, '10.00', '2020-01-31', 2762, 2113),
(2763, '10.00', '2019-10-31', 2763, 2112),
(2764, '403.00', '2020-12-31', 2764, 2120),
(2765, '40.00', '2020-02-29', 2765, 2121),
(2766, '20.00', '2019-05-31', 2766, 2121),
(2767, '90.00', '2020-06-30', 2767, 2100),
(2768, '20.00', '2020-01-31', 2768, 2101),
(2769, '10.00', '2020-09-30', 2769, 2104),
(2770, '240.00', '2021-04-30', 2770, 2124),
(2771, '30.00', '2020-07-31', 2771, 2122),
(2772, '30.00', '2020-04-30', 2772, 2123),
(2773, '33.00', '2023-08-31', 2773, 2096),
(2774, '40.00', '2019-12-31', 2774, 2126),
(2775, '14.00', '2019-06-30', 2775, 2125),
(2776, '14.00', '2020-01-31', 2776, 2159),
(2777, '50.00', '2021-09-30', 2777, 2102),
(2778, '14.00', '2020-04-30', 2778, 2105),
(2779, '28.00', '2020-08-31', 2779, 2111),
(2780, '28.00', '2019-10-31', 2780, 2103),
(2781, '40.00', '2020-11-30', 2781, 2109),
(2782, '20.00', '2019-08-31', 2782, 2110),
(2783, '28.00', '2019-11-30', 2783, 2108),
(2784, '20.00', '2020-05-31', 2784, 2107),
(2785, '40.00', '2020-04-30', 2785, 2106),
(2786, '168.00', '2020-05-31', 2786, 2146),
(2787, '21.00', '2019-05-31', 2787, 2146),
(2788, '98.00', '2019-05-31', 2788, 2145),
(2789, '199.00', '2020-05-31', 2789, 2129),
(2790, '60.00', '2020-02-29', 2790, 2130),
(2791, '30.00', '2021-07-31', 2791, 2131),
(2792, '30.00', '2019-07-31', 2792, 2135),
(2793, '100.00', '2021-03-31', 2793, 2147),
(2794, '110.00', '2021-06-30', 2794, 2143),
(2795, '5.00', '2019-03-31', 2795, 2160),
(2796, '110.00', '2019-01-31', 2796, 2161),
(2797, '10.00', '2020-05-31', 2797, 2133),
(2798, '20.00', '2020-06-30', 2798, 2134),
(2799, '14.00', '2019-01-31', 2799, 2141),
(2800, '20.00', '2020-11-30', 2800, 2144),
(2801, '60.00', '2021-06-30', 2801, 2138),
(2802, '20.00', '2019-10-31', 2802, 2140),
(2803, '2.00', '2021-04-30', 2803, 2142),
(2804, '6.00', '2021-10-31', 2804, 2137),
(2805, '10.00', '2019-08-31', 2805, 2132),
(2806, '90.00', '2021-07-31', 2806, 2158),
(2807, '30.00', '2021-05-31', 2807, 2136),
(2808, '10.00', '2021-03-31', 2808, 2162),
(2809, '20.00', '2021-06-23', 2809, 2163),
(2810, '10.00', '2019-04-30', 2810, 2164),
(2811, '0.00', '2020-02-29', 2811, 2157),
(2812, '14.00', '2019-11-30', 2812, 2165),
(2813, '112.00', '2019-08-31', 2813, 2156),
(2814, '42.00', '2020-09-30', 2814, 2166),
(2815, '28.00', '2020-08-31', 2815, 2167),
(2816, '6.00', '2019-11-30', 2816, 612),
(2817, '10.00', '2019-04-30', 2817, 403),
(2818, '20.00', '2020-06-30', 2818, 398),
(2819, '30.00', '2020-12-31', 2819, 480),
(2820, '40.00', '2021-09-30', 2820, 364),
(2821, '2.00', '2020-07-31', 2821, 691),
(2822, '20.00', '2020-09-30', 2822, 325),
(2823, '28.00', '2021-03-31', 2823, 274),
(2824, '40.00', '2020-10-31', 2824, 315),
(2825, '1.00', '2020-07-31', 2825, 1934),
(2826, '1.00', '2020-08-31', 2826, 2284),
(2827, '1.00', '2020-08-31', 2827, 2285),
(2828, '10.00', '2020-11-30', 2828, 2286),
(2829, '100.00', '2020-08-31', 2829, 509),
(2830, '40.00', '2020-08-31', 2830, 978),
(2831, '12.00', '2020-06-30', 2831, 639),
(2832, '14.00', '2020-06-30', 2832, 2287),
(2833, '14.00', '2020-02-29', 2833, 2288),
(2834, '40.00', '2020-10-31', 2834, 2289),
(2835, '3.00', '2020-07-31', 2835, 579),
(2836, '10.00', '2020-10-31', 2836, 550),
(2837, '60.00', '2021-07-31', 2837, 542),
(2838, '30.00', '2020-07-31', 2838, 578),
(2839, '10.00', '2020-07-31', 2839, 2290),
(2840, '28.00', '2019-11-30', 2840, 676),
(2841, '14.00', '2019-11-30', 2841, 2291),
(2842, '14.00', '2019-11-30', 2842, 2292),
(2843, '20.00', '2019-10-31', 2843, 2296),
(2844, '10.00', '2019-11-30', 2844, 2293),
(2845, '10.00', '2019-11-30', 2845, 2294),
(2846, '14.00', '2020-09-30', 2846, 540),
(2847, '14.00', '2020-08-31', 2847, 541),
(2848, '20.00', '2019-12-31', 2848, 2295),
(2849, '4.00', '2021-06-30', 2849, 2297),
(2850, '100.00', '2020-06-30', 2850, 523),
(2851, '80.00', '2020-06-30', 2851, 2329),
(2852, '20.00', '2023-07-30', 2852, 2183),
(2853, '60.00', '2022-08-31', 2853, 2181),
(2854, '40.00', '2023-01-31', 2854, 2182),
(2855, '200.00', '2021-10-31', 2855, 2176),
(2856, '180.00', '2023-08-31', 2856, 2175),
(2857, '120.00', '2020-07-31', 2857, 2174),
(2858, '2.00', '2020-01-31', 2858, 2205),
(2859, '6.00', '2021-06-30', 2859, 2209),
(2860, '1.00', '2020-07-31', 2860, 2208),
(2861, '5.00', '2021-04-30', 2861, 2173),
(2862, '1.00', '2023-06-30', 2862, 2172),
(2863, '4.00', '2020-06-30', 2863, 2170),
(2864, '1.00', '2019-11-30', 2864, 2170),
(2865, '3.00', '2021-03-31', 2865, 2171),
(2866, '5.00', '2021-09-30', 2866, 2169),
(2867, '1008.00', '2021-04-30', 2867, 2168),
(2868, '112.00', '2020-07-31', 2868, 2168),
(2869, '14.00', '2020-03-30', 2869, 2180),
(2870, '70.00', '2020-06-30', 2870, 2195),
(2871, '14.00', '2020-06-30', 2871, 2196),
(2872, '50.00', '2021-05-30', 2872, 2198),
(2873, '14.00', '2020-03-30', 2873, 2179),
(2874, '20.00', '2019-05-30', 2874, 2192),
(2875, '40.00', '2023-05-30', 2875, 2202),
(2876, '160.00', '2021-03-30', 2876, 2203),
(2877, '20.00', '2020-05-30', 2877, 2204),
(2878, '20.00', '2021-07-30', 2878, 2200),
(2879, '60.00', '2021-05-30', 2879, 2199),
(2880, '30.00', '2020-06-30', 2880, 2201),
(2881, '30.00', '2021-04-30', 2881, 2201),
(2882, '1.00', '2020-07-30', 2882, 2206),
(2883, '4.00', '2023-03-30', 2883, 2207),
(2884, '40.00', '2020-06-30', 2884, 2185),
(2885, '20.00', '2019-07-30', 2885, 2193),
(2886, '30.00', '2020-11-30', 2886, 2184),
(2887, '20.00', '2021-01-30', 2887, 2210),
(2888, '40.00', '2022-08-30', 2888, 2191),
(2889, '80.00', '2022-03-30', 2889, 2190),
(2890, '20.00', '2023-05-30', 2890, 2186),
(2891, '30.00', '2023-06-30', 2891, 2187),
(2892, '60.00', '2020-04-30', 2892, 2177),
(2893, '20.00', '2020-01-30', 2893, 2178),
(2894, '40.00', '2021-11-30', 2894, 2188),
(2895, '20.00', '2020-08-30', 2895, 2188),
(2896, '50.00', '2021-06-30', 2896, 2189),
(2897, '20.00', '2020-12-30', 2897, 2223),
(2898, '10.00', '2021-10-30', 2898, 2217),
(2899, '20.00', '2020-12-30', 2899, 2211),
(2900, '20.00', '2019-08-30', 2900, 2232),
(2901, '30.00', '2020-07-30', 2901, 2224),
(2902, '30.00', '2020-07-30', 2902, 2225);
INSERT INTO `quantity_history` (`id`, `qty`, `expiry`, `fk_purchase_price_id`, `fk_inventory_id`) VALUES
(2903, '280.00', '2020-08-30', 2903, 2228),
(2904, '40.00', '2021-03-30', 2904, 2226),
(2905, '40.00', '2021-03-30', 2905, 2227),
(2906, '28.00', '2019-07-30', 2906, 2229),
(2907, '28.00', '2019-01-30', 2907, 2230),
(2908, '14.00', '2019-09-30', 2908, 2231),
(2909, '180.00', '2021-02-28', 2909, 2221),
(2910, '40.00', '2021-05-30', 2910, 2233),
(2911, '30.00', '2021-05-30', 2911, 2234),
(2912, '90.00', '2021-03-30', 2912, 2235),
(2913, '60.00', '2019-10-30', 2913, 2236),
(2914, '10.00', '2019-03-30', 2914, 2218),
(2915, '1.00', '2019-09-30', 2915, 2244),
(2916, '5.00', '2020-06-30', 2916, 2212),
(2917, '1.00', '2020-01-30', 2917, 2213),
(2918, '2.00', '2019-12-30', 2918, 2214),
(2919, '1.00', '2019-07-30', 2919, 2216),
(2920, '2.00', '2020-12-30', 2920, 2215),
(2921, '30.00', '2020-04-30', 2921, 2242),
(2922, '60.00', '2020-05-30', 2922, 2241),
(2923, '40.00', '2020-07-30', 2923, 2240),
(2924, '40.00', '2021-05-30', 2924, 2245),
(2925, '20.00', '2021-07-30', 2925, 2243),
(2926, '30.00', '2019-04-30', 2926, 2246),
(2927, '20.00', '2020-01-30', 2927, 2247),
(2928, '20.00', '2020-02-29', 2928, 2220),
(2930, '20.00', '2020-01-30', 2930, 2219),
(2931, '20.00', '2019-07-30', 2931, 2222),
(2932, '38.00', '2020-09-30', 2932, 2239),
(2933, '4.00', '2021-04-30', 2933, 2238),
(2934, '30.00', '2020-03-30', 2934, 2274),
(2935, '40.00', '2019-10-30', 2935, 2255),
(2936, '14.00', '2019-04-30', 2936, 2254),
(2937, '7.00', '2020-09-30', 2937, 2282),
(2938, '30.00', '2020-05-30', 2938, 2281),
(2939, '30.00', '2020-08-30', 2939, 2283),
(2940, '20.00', '2020-03-30', 2940, 2256),
(2941, '20.00', '2020-07-30', 2941, 2257),
(2942, '60.00', '2020-06-30', 2942, 2279),
(2943, '30.00', '2019-10-30', 2943, 2249),
(2944, '30.00', '2020-07-30', 2944, 2250),
(2945, '30.00', '2021-07-30', 2945, 2248),
(2946, '40.00', '2020-07-30', 2946, 2253),
(3181, '50.00', '2019-10-30', 3195, 1129),
(3182, '6.00', '2020-06-30', 3196, 2330),
(3183, '3.00', '2020-12-30', 3197, 2335),
(3184, '3.00', '2021-03-30', 3198, 2331),
(3185, '11.00', '2021-08-30', 3199, 2334),
(3186, '10.00', '2021-10-30', 3200, 2333),
(3187, '7.00', '2020-06-30', 3201, 2332),
(3188, '1.00', '2021-07-30', 3202, 2336),
(3189, '9.00', '2020-05-30', 3203, 2338),
(3190, '11.00', '2019-11-30', 3204, 2337),
(3191, '14.00', '2020-10-30', 3205, 2340),
(3192, '3.00', '2021-04-30', 3206, 2343),
(3193, '3.00', '2020-08-30', 3207, 2341),
(3194, '4.00', '2020-12-30', 3208, 2342),
(3195, '13.00', '2021-05-30', 3209, 2341),
(3196, '8.00', '2020-09-30', 3210, 2345),
(3197, '10.00', '2020-08-30', 3212, 1398),
(3198, '21.00', '2020-08-30', 3213, 1412),
(3199, '14.00', '2020-08-30', 3214, 1460),
(3200, '20.00', '2020-07-30', 3215, 1427),
(3201, '40.00', '2020-08-30', 3216, 1407),
(3202, '28.00', '2020-07-30', 3217, 1464),
(3203, '12.00', '2021-07-30', 3218, 2362),
(3204, '4.00', '2025-09-30', 3219, 2361),
(3205, '20.00', '2020-06-30', 3220, 1230),
(3206, '7.00', '2020-10-30', 3221, 1181),
(3207, '28.00', '2021-05-30', 3222, 1256),
(3208, '100.00', '2023-07-30', 3223, 228),
(3209, '14.00', '2020-08-30', 3224, 1261),
(3210, '14.00', '2020-09-30', 3225, 1248),
(3211, '20.00', '2021-08-30', 3226, 1187),
(3212, '28.00', '2020-08-30', 3227, 1193),
(3213, '14.00', '2020-08-30', 3228, 1214),
(3214, '28.00', '2020-09-30', 3229, 1173),
(3215, '2.00', '2021-05-30', 3230, 935),
(3216, '42.00', '2020-02-28', 3231, 954),
(3217, '150.00', '2023-05-30', 3232, 1006),
(3218, '28.00', '2021-11-30', 3233, 981),
(3219, '28.00', '2020-03-30', 3234, 1004),
(3220, '60.00', '2021-06-30', 3235, 996),
(3221, '6.00', '2020-09-30', 3236, 2363),
(3222, '2.00', '2020-08-30', 3237, 1573),
(3223, '2.00', '2020-06-30', 3238, 1830),
(3224, '1.00', '2021-01-30', 3239, 2062),
(3225, '2.00', '2021-01-30', 3240, 2061),
(3226, '40.00', '2021-04-30', 3241, 1281),
(3227, '1.00', '2019-12-30', 3242, 2072);

-- --------------------------------------------------------

--
-- Table structure for table `returned_items`
--

CREATE TABLE `returned_items` (
  `id` int(10) UNSIGNED NOT NULL,
  `timestamp` timestamp NOT NULL DEFAULT CURRENT_TIMESTAMP ON UPDATE CURRENT_TIMESTAMP,
  `total` decimal(10,2) NOT NULL,
  `qty` decimal(10,2) NOT NULL,
  `fk_inventory_id` int(10) UNSIGNED NOT NULL,
  `fk_user_id` int(10) UNSIGNED NOT NULL,
  `fk_sale_id` int(10) UNSIGNED NOT NULL
) ENGINE=InnoDB DEFAULT CHARSET=utf8mb4 COLLATE=utf8mb4_unicode_ci;

--
-- Dumping data for table `returned_items`
--

INSERT INTO `returned_items` (`id`, `timestamp`, `total`, `qty`, `fk_inventory_id`, `fk_user_id`, `fk_sale_id`) VALUES
(1, '2018-11-04 14:26:47', '340.80', '20.00', 315, 1, 81),
(2, '2018-11-04 14:26:48', '80.00', '50.00', 671, 1, 81),
(3, '2018-11-05 13:53:05', '315.00', '14.00', 1260, 1, 133),
(4, '2018-11-05 15:04:22', '57.60', '8.00', 471, 1, 136),
(5, '2018-11-09 06:05:01', '174.00', '20.00', 192, 2, 255),
(6, '2018-11-10 09:44:52', '322.00', '14.00', 778, 2, 304),
(7, '2018-11-13 14:00:44', '253.00', '1.00', 502, 1, 422),
(8, '2018-11-13 14:00:54', '155.00', '1.00', 1819, 1, 421),
(9, '2018-11-16 14:57:27', '145.00', '1.00', 822, 2, 536),
(10, '2018-11-19 04:59:02', '150.00', '5.00', 2030, 2, 609);

-- --------------------------------------------------------

--
-- Table structure for table `returned_qty`
--

CREATE TABLE `returned_qty` (
  `id` int(10) UNSIGNED NOT NULL,
  `qty` decimal(10,2) NOT NULL,
  `fk_returned_item_id` int(10) UNSIGNED NOT NULL,
  `fk_purchase_price_id` int(10) UNSIGNED NOT NULL
) ENGINE=InnoDB DEFAULT CHARSET=utf8mb4 COLLATE=utf8mb4_unicode_ci;

--
-- Dumping data for table `returned_qty`
--

INSERT INTO `returned_qty` (`id`, `qty`, `fk_returned_item_id`, `fk_purchase_price_id`) VALUES
(1, '20.00', 1, 671),
(2, '50.00', 2, 1047),
(3, '14.00', 3, 1637),
(4, '8.00', 4, 885),
(5, '20.00', 5, 627),
(6, '14.00', 6, 1166),
(7, '1.00', 7, 813),
(8, '1.00', 8, 2274),
(9, '1.00', 9, 1199),
(10, '5.00', 10, 2643);

-- --------------------------------------------------------

--
-- Table structure for table `sale`
--

CREATE TABLE `sale` (
  `id` int(10) UNSIGNED NOT NULL,
  `total` decimal(10,2) NOT NULL,
  `discount` decimal(10,2) NOT NULL,
  `grand_total` decimal(10,2) NOT NULL,
  `payment` enum('cash','credit') COLLATE utf8mb4_unicode_ci NOT NULL,
  `timestamp` timestamp NOT NULL DEFAULT CURRENT_TIMESTAMP ON UPDATE CURRENT_TIMESTAMP,
  `fk_user_id` int(10) UNSIGNED NOT NULL
) ENGINE=InnoDB DEFAULT CHARSET=utf8mb4 COLLATE=utf8mb4_unicode_ci;

--
-- Dumping data for table `sale`
--

INSERT INTO `sale` (`id`, `total`, `discount`, `grand_total`, `payment`, `timestamp`, `fk_user_id`) VALUES
(1, '260.00', '0.00', '260.00', 'cash', '2018-10-31 04:16:27', 2),
(2, '855.00', '0.00', '855.00', 'cash', '2018-10-31 04:21:53', 2),
(3, '35.20', '0.00', '35.20', 'cash', '2018-10-31 04:40:59', 2),
(4, '27.00', '0.00', '27.00', 'cash', '2018-10-31 08:43:53', 2),
(5, '380.00', '0.00', '380.00', 'cash', '2018-10-31 09:12:54', 2),
(6, '260.00', '20.00', '240.00', 'cash', '2018-10-31 14:36:10', 2),
(7, '51.42', '0.00', '51.42', 'cash', '2018-10-31 14:58:17', 2),
(8, '190.00', '0.00', '190.00', 'cash', '2018-10-31 18:08:20', 1),
(9, '88.00', '0.00', '88.00', 'cash', '2018-10-31 18:11:34', 1),
(10, '58.00', '0.00', '58.00', 'cash', '2018-11-01 05:16:25', 2),
(11, '264.88', '0.00', '264.88', 'cash', '2018-11-01 05:58:17', 2),
(12, '51.42', '0.00', '51.42', 'cash', '2018-11-01 06:29:42', 2),
(13, '130.84', '0.00', '130.84', 'cash', '2018-11-01 06:32:58', 2),
(14, '85.00', '0.00', '85.00', 'cash', '2018-11-01 09:06:30', 2),
(15, '1845.00', '25.00', '1820.00', 'cash', '2018-11-01 09:15:35', 2),
(16, '1845.00', '0.00', '1845.00', 'cash', '2018-11-01 09:34:31', 2),
(17, '40.00', '0.00', '40.00', 'cash', '2018-11-01 11:28:03', 2),
(18, '70.00', '0.00', '70.00', 'cash', '2018-11-01 12:12:24', 1),
(19, '60.50', '0.00', '60.50', 'cash', '2018-11-01 13:05:27', 1),
(20, '576.00', '0.00', '576.00', 'cash', '2018-11-01 14:01:28', 1),
(21, '27.15', '0.00', '27.15', 'cash', '2018-11-01 14:48:53', 1),
(22, '538.00', '8.00', '530.00', 'cash', '2018-11-01 15:19:39', 1),
(23, '132.00', '0.00', '132.00', 'cash', '2018-11-01 15:35:07', 1),
(24, '11.60', '1.60', '10.00', 'cash', '2018-11-01 15:37:02', 1),
(25, '205.00', '5.00', '200.00', 'cash', '2018-11-01 17:19:09', 1),
(26, '270.00', '10.00', '260.00', 'cash', '2018-11-01 17:41:46', 1),
(27, '201.50', '0.00', '201.50', 'cash', '2018-11-02 04:37:55', 2),
(28, '371.00', '21.00', '350.00', 'cash', '2018-11-02 04:44:23', 2),
(29, '210.50', '0.00', '210.50', 'cash', '2018-11-02 06:58:25', 2),
(30, '239.75', '0.00', '239.75', 'cash', '2018-11-02 07:21:10', 2),
(31, '700.00', '40.00', '660.00', 'cash', '2018-11-02 08:23:53', 2),
(32, '85.70', '0.00', '85.70', 'cash', '2018-11-02 09:57:57', 2),
(33, '380.00', '0.00', '380.00', 'cash', '2018-11-02 10:00:56', 2),
(34, '326.00', '6.00', '320.00', 'cash', '2018-11-02 11:24:59', 1),
(35, '310.92', '0.00', '310.92', 'cash', '2018-11-02 12:02:10', 2),
(36, '132.00', '0.00', '132.00', 'cash', '2018-11-02 12:02:56', 2),
(37, '200.00', '0.00', '200.00', 'cash', '2018-11-02 12:05:44', 2),
(38, '150.00', '0.00', '150.00', 'cash', '2018-11-02 12:38:03', 1),
(39, '109.00', '0.00', '109.00', 'cash', '2018-11-02 13:12:46', 1),
(40, '74.80', '0.00', '74.80', 'cash', '2018-11-02 13:41:57', 1),
(41, '65.74', '0.00', '65.74', 'cash', '2018-11-02 13:42:52', 1),
(42, '921.00', '0.00', '921.00', 'cash', '2018-11-02 14:00:17', 1),
(43, '322.00', '0.00', '322.00', 'cash', '2018-11-02 14:10:53', 1),
(44, '646.30', '0.00', '646.30', 'cash', '2018-11-02 16:27:23', 1),
(45, '260.00', '0.00', '260.00', 'cash', '2018-11-02 17:23:08', 1),
(46, '56.43', '0.00', '56.43', 'cash', '2018-11-03 04:23:04', 2),
(47, '55.00', '0.00', '55.00', 'cash', '2018-11-03 05:23:22', 2),
(48, '246.40', '0.00', '246.40', 'cash', '2018-11-03 08:37:56', 2),
(49, '250.00', '0.00', '250.00', 'cash', '2018-11-03 09:36:43', 2),
(50, '35.35', '0.00', '35.35', 'cash', '2018-11-03 09:38:36', 2),
(51, '119.84', '0.00', '119.84', 'cash', '2018-11-03 09:51:42', 2),
(52, '119.84', '0.00', '119.84', 'cash', '2018-11-03 09:52:25', 2),
(53, '59.92', '0.00', '59.92', 'cash', '2018-11-03 09:53:04', 2),
(54, '452.00', '0.00', '452.00', 'cash', '2018-11-03 10:53:57', 2),
(55, '68.00', '0.00', '68.00', 'cash', '2018-11-03 11:50:23', 2),
(56, '127.30', '0.00', '127.30', 'cash', '2018-11-03 12:11:51', 2),
(57, '397.00', '0.00', '397.00', 'cash', '2018-11-03 12:45:01', 2),
(58, '168.00', '0.00', '168.00', 'cash', '2018-11-03 12:45:49', 2),
(59, '67.12', '0.00', '67.12', 'cash', '2018-11-03 12:47:15', 2),
(60, '349.95', '0.00', '349.95', 'cash', '2018-11-03 13:23:36', 2),
(61, '19.50', '0.00', '19.50', 'cash', '2018-11-03 13:36:28', 2),
(62, '88.00', '0.00', '88.00', 'cash', '2018-11-03 13:45:23', 2),
(63, '338.30', '0.00', '338.30', 'cash', '2018-11-03 13:46:53', 2),
(64, '1008.00', '48.00', '960.00', 'cash', '2018-11-03 14:26:26', 2),
(65, '1008.00', '48.00', '960.00', 'cash', '2018-11-03 14:26:32', 2),
(66, '55.00', '5.00', '50.00', 'cash', '2018-11-03 15:34:18', 2),
(67, '51.42', '0.00', '51.42', 'cash', '2018-11-03 16:06:53', 2),
(68, '2941.40', '0.00', '2941.40', 'cash', '2018-11-03 16:11:02', 2),
(69, '21.30', '1.00', '20.30', 'cash', '2018-11-03 17:31:40', 1),
(70, '80.00', '0.00', '80.00', 'cash', '2018-11-04 04:25:51', 2),
(71, '39.81', '0.00', '39.81', 'cash', '2018-11-04 04:32:47', 2),
(72, '604.00', '0.00', '604.00', 'cash', '2018-11-04 06:05:16', 2),
(73, '260.00', '0.00', '260.00', 'cash', '2018-11-04 06:13:36', 2),
(74, '14.00', '0.00', '14.00', 'cash', '2018-11-04 07:03:12', 2),
(75, '124.00', '12.00', '112.00', 'cash', '2018-11-04 08:46:01', 2),
(76, '150.00', '0.00', '150.00', 'cash', '2018-11-04 09:39:57', 2),
(77, '361.00', '0.00', '361.00', 'cash', '2018-11-04 10:33:18', 1),
(78, '58.00', '0.00', '58.00', 'cash', '2018-11-04 10:57:11', 1),
(79, '64.00', '0.00', '64.00', 'cash', '2018-11-04 11:37:07', 2),
(80, '930.00', '0.00', '930.00', 'cash', '2018-11-04 12:58:11', 2),
(81, '0.00', '20.00', '0.00', 'cash', '2018-11-04 14:26:48', 2),
(82, '300.00', '20.00', '280.00', 'cash', '2018-11-04 13:00:12', 2),
(83, '300.00', '15.00', '285.00', 'cash', '2018-11-04 13:09:23', 2),
(84, '162.00', '0.00', '162.00', 'cash', '2018-11-04 13:09:53', 2),
(85, '571.00', '0.00', '571.00', 'cash', '2018-11-04 13:11:45', 2),
(86, '40.00', '0.00', '40.00', 'cash', '2018-11-04 13:18:59', 2),
(87, '40.00', '0.00', '40.00', 'cash', '2018-11-04 13:19:13', 2),
(88, '55.60', '5.00', '50.60', 'cash', '2018-11-04 13:30:25', 2),
(89, '155.00', '5.00', '150.00', 'cash', '2018-11-04 13:37:51', 2),
(90, '109.90', '0.00', '109.90', 'cash', '2018-11-04 13:42:50', 1),
(91, '250.00', '0.00', '250.00', 'cash', '2018-11-04 14:22:55', 1),
(92, '294.90', '4.00', '290.90', 'cash', '2018-11-04 14:30:30', 1),
(93, '294.90', '4.00', '290.90', 'cash', '2018-11-04 14:30:35', 1),
(94, '623.94', '0.00', '623.94', 'cash', '2018-11-04 14:37:04', 1),
(95, '36.00', '0.00', '36.00', 'cash', '2018-11-04 15:03:02', 1),
(96, '92.20', '0.00', '92.20', 'cash', '2018-11-04 15:29:41', 1),
(97, '28.80', '0.00', '28.80', 'cash', '2018-11-04 16:02:56', 1),
(98, '142.00', '2.00', '140.00', 'cash', '2018-11-04 16:19:18', 1),
(99, '172.00', '0.00', '172.00', 'cash', '2018-11-04 16:43:56', 1),
(100, '198.42', '0.00', '198.42', 'cash', '2018-11-04 17:17:30', 1),
(101, '207.00', '17.00', '190.00', 'cash', '2018-11-04 17:33:49', 1),
(102, '121.00', '0.00', '121.00', 'cash', '2018-11-04 17:35:10', 1),
(103, '36.00', '0.00', '36.00', 'cash', '2018-11-05 04:04:02', 2),
(104, '128.00', '8.00', '120.00', 'cash', '2018-11-05 04:04:47', 2),
(105, '128.00', '8.00', '120.00', 'cash', '2018-11-05 04:05:07', 2),
(106, '35.00', '0.00', '35.00', 'cash', '2018-11-05 04:27:14', 2),
(107, '76.95', '6.00', '70.95', 'cash', '2018-11-05 04:36:56', 2),
(108, '212.00', '0.00', '212.00', 'cash', '2018-11-05 04:47:42', 2),
(109, '80.00', '0.00', '80.00', 'cash', '2018-11-05 04:47:58', 2),
(110, '191.00', '0.00', '191.00', 'cash', '2018-11-05 05:02:00', 2),
(111, '305.90', '15.00', '290.90', 'cash', '2018-11-05 05:22:54', 2),
(112, '380.00', '20.00', '360.00', 'cash', '2018-11-05 05:24:54', 2),
(113, '86.00', '6.00', '80.00', 'cash', '2018-11-05 06:03:19', 2),
(114, '586.20', '25.00', '561.20', 'cash', '2018-11-05 06:38:05', 2),
(115, '274.96', '4.00', '270.96', 'cash', '2018-11-05 06:40:09', 2),
(116, '283.00', '0.00', '283.00', 'cash', '2018-11-05 08:31:30', 2),
(117, '1480.70', '70.00', '1410.70', 'cash', '2018-11-05 09:16:14', 2),
(118, '120.00', '0.00', '120.00', 'cash', '2018-11-05 09:17:47', 2),
(119, '20.00', '0.00', '20.00', 'cash', '2018-11-05 09:50:03', 2),
(120, '88.00', '0.00', '88.00', 'cash', '2018-11-05 10:14:21', 2),
(121, '40.00', '0.00', '40.00', 'cash', '2018-11-05 10:18:08', 2),
(122, '26.00', '0.00', '26.00', 'cash', '2018-11-05 10:41:24', 2),
(123, '441.00', '31.00', '410.00', 'cash', '2018-11-05 10:54:25', 2),
(124, '196.00', '0.00', '196.00', 'cash', '2018-11-05 11:08:42', 2),
(125, '132.00', '2.00', '130.00', 'cash', '2018-11-05 11:34:29', 1),
(126, '66.00', '0.00', '66.00', 'cash', '2018-11-05 11:35:02', 1),
(127, '1796.00', '0.00', '1796.00', 'cash', '2018-11-05 11:53:26', 1),
(128, '53.00', '0.00', '53.00', 'cash', '2018-11-05 11:54:12', 1),
(129, '53.00', '0.00', '53.00', 'cash', '2018-11-05 11:54:20', 1),
(130, '81.60', '0.00', '81.60', 'cash', '2018-11-05 12:00:45', 1),
(131, '118.00', '0.00', '118.00', 'cash', '2018-11-05 12:08:43', 1),
(132, '154.00', '4.00', '150.00', 'cash', '2018-11-05 12:16:34', 1),
(133, '157.00', '0.00', '157.00', 'cash', '2018-11-05 13:53:05', 1),
(134, '226.50', '6.50', '220.00', 'cash', '2018-11-05 14:30:25', 1),
(135, '522.80', '2.00', '520.80', 'cash', '2018-11-05 14:47:44', 1),
(136, '43.00', '2.15', '43.00', 'cash', '2018-11-05 15:04:22', 1),
(137, '30.78', '0.00', '30.78', 'cash', '2018-11-05 15:08:53', 1),
(138, '142.30', '0.00', '142.30', 'cash', '2018-11-05 15:13:25', 1),
(139, '92.83', '0.00', '92.83', 'cash', '2018-11-05 15:17:44', 1),
(140, '26.00', '6.00', '20.00', 'cash', '2018-11-05 15:22:13', 1),
(141, '103.00', '3.00', '100.00', 'cash', '2018-11-05 15:48:12', 1),
(142, '230.00', '0.00', '230.00', 'cash', '2018-11-05 16:13:04', 1),
(143, '829.80', '30.80', '799.00', 'cash', '2018-11-05 16:47:09', 1),
(144, '333.90', '13.00', '320.90', 'cash', '2018-11-06 04:57:48', 2),
(145, '529.15', '19.15', '510.00', 'cash', '2018-11-06 05:28:36', 2),
(146, '63.00', '3.00', '60.00', 'cash', '2018-11-06 05:56:52', 2),
(147, '110.25', '0.25', '110.00', 'cash', '2018-11-06 06:13:44', 2),
(148, '80.00', '0.00', '80.00', 'cash', '2018-11-06 06:20:01', 2),
(149, '40.00', '0.00', '40.00', 'cash', '2018-11-06 06:54:30', 2),
(150, '113.00', '3.00', '110.00', 'cash', '2018-11-06 07:08:28', 2),
(151, '211.00', '0.00', '211.00', 'cash', '2018-11-06 07:18:33', 2),
(152, '115.00', '5.00', '110.00', 'cash', '2018-11-06 08:24:37', 2),
(153, '652.47', '0.00', '652.47', 'cash', '2018-11-06 08:38:01', 2),
(154, '17.60', '0.60', '17.00', 'cash', '2018-11-06 10:02:41', 2),
(155, '108.00', '0.00', '108.00', 'cash', '2018-11-06 10:41:05', 2),
(156, '87.00', '7.00', '80.00', 'cash', '2018-11-06 10:50:59', 2),
(157, '195.20', '0.00', '195.20', 'cash', '2018-11-06 11:27:49', 2),
(158, '147.92', '0.00', '147.92', 'cash', '2018-11-06 11:29:23', 2),
(159, '173.00', '0.00', '173.00', 'cash', '2018-11-06 11:39:42', 2),
(160, '158.00', '0.00', '158.00', 'cash', '2018-11-06 11:45:29', 2),
(161, '497.90', '0.00', '497.90', 'cash', '2018-11-06 12:13:47', 2),
(162, '76.80', '0.00', '76.80', 'cash', '2018-11-06 12:24:22', 2),
(163, '110.00', '0.00', '110.00', 'cash', '2018-11-06 12:24:43', 2),
(164, '107.00', '7.00', '100.00', 'cash', '2018-11-06 12:30:40', 2),
(165, '91.00', '0.00', '91.00', 'cash', '2018-11-06 12:48:51', 2),
(166, '101.00', '0.00', '101.00', 'cash', '2018-11-06 13:10:18', 2),
(167, '122.50', '0.00', '122.50', 'cash', '2018-11-06 13:33:00', 2),
(168, '294.48', '0.00', '294.48', 'cash', '2018-11-06 13:50:43', 2),
(169, '91.00', '11.00', '80.00', 'cash', '2018-11-06 14:37:31', 2),
(170, '1195.95', '20.00', '1175.95', 'cash', '2018-11-06 14:56:00', 2),
(171, '136.00', '0.00', '136.00', 'cash', '2018-11-06 14:56:26', 2),
(172, '330.85', '0.00', '330.85', 'cash', '2018-11-06 15:47:02', 1),
(173, '75.00', '0.00', '75.00', 'cash', '2018-11-06 16:23:42', 2),
(174, '319.20', '0.00', '319.20', 'cash', '2018-11-06 16:24:50', 2),
(175, '323.25', '0.00', '323.25', 'cash', '2018-11-06 16:32:53', 1),
(176, '369.00', '0.00', '369.00', 'cash', '2018-11-07 05:00:55', 2),
(177, '413.00', '0.00', '413.00', 'cash', '2018-11-07 06:22:07', 2),
(178, '202.80', '2.70', '200.10', 'cash', '2018-11-07 06:39:15', 2),
(179, '630.00', '40.00', '590.00', 'cash', '2018-11-07 07:06:33', 2),
(180, '157.92', '7.00', '150.92', 'cash', '2018-11-07 07:16:07', 2),
(181, '54.50', '0.00', '54.50', 'cash', '2018-11-07 07:42:51', 2),
(182, '146.00', '0.00', '146.00', 'cash', '2018-11-07 07:50:20', 2),
(183, '146.00', '0.00', '146.00', 'cash', '2018-11-07 07:50:26', 2),
(184, '1071.12', '51.00', '1020.12', 'cash', '2018-11-07 08:05:29', 2),
(185, '410.35', '20.00', '390.35', 'cash', '2018-11-07 08:14:24', 2),
(186, '780.00', '0.00', '780.00', 'cash', '2018-11-07 09:46:56', 2),
(187, '941.00', '41.00', '900.00', 'cash', '2018-11-07 09:56:16', 2),
(188, '110.00', '0.00', '110.00', 'cash', '2018-11-07 09:58:56', 2),
(189, '90.30', '0.00', '90.30', 'cash', '2018-11-07 10:23:57', 2),
(190, '136.75', '0.00', '136.75', 'cash', '2018-11-07 11:25:41', 2),
(191, '88.48', '0.00', '88.48', 'cash', '2018-11-07 12:14:55', 2),
(192, '126.96', '0.00', '126.96', 'cash', '2018-11-07 12:18:17', 2),
(193, '63.50', '0.00', '63.50', 'cash', '2018-11-07 12:39:33', 2),
(194, '146.40', '0.00', '146.40', 'cash', '2018-11-07 13:54:40', 1),
(195, '121.00', '0.00', '121.00', 'cash', '2018-11-07 14:10:02', 2),
(196, '322.00', '0.00', '322.00', 'cash', '2018-11-07 14:12:01', 2),
(197, '129.00', '0.00', '129.00', 'cash', '2018-11-07 14:50:55', 2),
(198, '51.42', '0.00', '51.42', 'cash', '2018-11-07 14:53:15', 2),
(199, '599.92', '0.00', '599.92', 'cash', '2018-11-07 14:59:58', 2),
(200, '599.92', '0.00', '599.92', 'cash', '2018-11-07 15:00:02', 2),
(201, '400.00', '20.00', '380.00', 'cash', '2018-11-07 15:04:02', 2),
(202, '55.60', '0.00', '55.60', 'cash', '2018-11-07 15:13:12', 2),
(203, '55.60', '0.00', '55.60', 'cash', '2018-11-07 15:13:15', 2),
(204, '170.50', '0.00', '170.50', 'cash', '2018-11-07 15:20:14', 2),
(205, '495.00', '0.00', '495.00', 'cash', '2018-11-07 15:45:31', 2),
(206, '50.00', '0.00', '50.00', 'cash', '2018-11-07 15:45:49', 2),
(207, '696.00', '0.00', '696.00', 'cash', '2018-11-07 15:47:45', 2),
(208, '696.00', '0.00', '696.00', 'cash', '2018-11-07 15:47:49', 2),
(209, '955.92', '0.00', '955.92', 'cash', '2018-11-07 15:48:02', 1),
(210, '42.40', '2.00', '40.40', 'cash', '2018-11-07 15:52:41', 1),
(211, '375.06', '15.00', '360.06', 'cash', '2018-11-07 16:17:29', 1),
(212, '100.00', '0.00', '100.00', 'cash', '2018-11-07 16:17:43', 1),
(213, '168.00', '0.00', '168.00', 'cash', '2018-11-07 16:39:40', 1),
(214, '295.00', '5.00', '290.00', 'cash', '2018-11-07 16:44:00', 1),
(215, '1120.00', '0.00', '1120.00', 'cash', '2018-11-07 16:55:09', 1),
(216, '161.76', '0.00', '161.76', 'cash', '2018-11-08 04:38:49', 2),
(217, '66.50', '0.00', '66.50', 'cash', '2018-11-08 04:39:42', 2),
(218, '100.00', '0.00', '100.00', 'cash', '2018-11-08 04:59:47', 2),
(219, '1394.88', '94.00', '1300.88', 'cash', '2018-11-08 05:11:15', 2),
(220, '232.00', '0.00', '232.00', 'cash', '2018-11-08 05:59:54', 2),
(221, '944.00', '44.00', '900.00', 'cash', '2018-11-08 06:29:54', 2),
(222, '364.00', '0.00', '364.00', 'cash', '2018-11-08 07:05:25', 2),
(223, '138.00', '0.00', '138.00', 'cash', '2018-11-08 07:05:50', 2),
(224, '698.01', '0.00', '698.01', 'cash', '2018-11-08 07:07:45', 2),
(225, '57.30', '0.00', '57.30', 'cash', '2018-11-08 07:12:49', 2),
(226, '566.16', '35.00', '531.16', 'cash', '2018-11-08 09:00:07', 2),
(227, '945.55', '65.60', '879.95', 'cash', '2018-11-08 09:32:08', 2),
(228, '238.00', '0.00', '238.00', 'cash', '2018-11-08 10:06:23', 2),
(229, '378.00', '18.00', '360.00', 'cash', '2018-11-08 10:07:49', 2),
(230, '86.00', '0.00', '86.00', 'cash', '2018-11-08 10:14:14', 2),
(231, '132.70', '0.00', '132.70', 'cash', '2018-11-08 10:22:47', 2),
(232, '42.00', '2.00', '40.00', 'cash', '2018-11-08 10:26:07', 2),
(233, '36.00', '0.00', '36.00', 'cash', '2018-11-08 10:47:34', 2),
(234, '77.00', '0.00', '77.00', 'cash', '2018-11-08 11:49:03', 2),
(235, '66.60', '0.00', '66.60', 'cash', '2018-11-08 12:02:25', 2),
(236, '115.00', '0.00', '115.00', 'cash', '2018-11-08 12:49:55', 2),
(237, '380.00', '10.00', '370.00', 'cash', '2018-11-08 12:57:51', 2),
(238, '489.00', '0.00', '489.00', 'cash', '2018-11-08 13:35:37', 2),
(239, '1887.00', '100.00', '1787.00', 'cash', '2018-11-08 14:40:44', 2),
(240, '46.10', '0.00', '46.10', 'cash', '2018-11-08 15:06:03', 2),
(241, '157.92', '0.00', '157.92', 'cash', '2018-11-08 15:13:39', 2),
(242, '792.95', '0.00', '792.95', 'cash', '2018-11-08 15:30:56', 2),
(243, '88.00', '0.00', '88.00', 'cash', '2018-11-08 15:34:58', 2),
(244, '63.00', '0.00', '63.00', 'cash', '2018-11-08 15:43:19', 2),
(247, '869.74', '33.49', '869.74', 'cash', '2018-11-08 16:02:17', 2),
(248, '83.04', '0.00', '83.04', 'cash', '2018-11-08 16:05:21', 2),
(249, '540.00', '40.00', '500.00', 'cash', '2018-11-08 16:07:38', 2),
(250, '35.00', '0.00', '35.00', 'cash', '2018-11-08 16:13:39', 2),
(251, '69.00', '0.00', '69.00', 'cash', '2018-11-08 16:26:44', 2),
(252, '88.00', '0.00', '88.00', 'cash', '2018-11-08 17:02:53', 2),
(253, '24.65', '0.00', '24.65', 'cash', '2018-11-08 17:05:32', 2),
(254, '22.26', '0.00', '22.26', 'cash', '2018-11-09 04:21:48', 2),
(255, '483.57', '0.00', '483.57', 'cash', '2018-11-09 06:05:02', 2),
(256, '289.60', '20.00', '269.60', 'cash', '2018-11-09 06:06:11', 2),
(257, '87.50', '7.50', '80.00', 'cash', '2018-11-09 06:16:37', 2),
(258, '150.00', '0.00', '150.00', 'cash', '2018-11-09 06:22:36', 2),
(259, '50.00', '0.00', '50.00', 'cash', '2018-11-09 06:46:50', 2),
(260, '303.00', '0.00', '303.00', 'cash', '2018-11-09 06:49:35', 2),
(261, '90.90', '0.10', '90.80', 'cash', '2018-11-09 06:53:21', 2),
(262, '60.60', '0.00', '60.60', 'cash', '2018-11-09 06:53:38', 2),
(263, '80.00', '0.00', '80.00', 'cash', '2018-11-09 07:23:45', 2),
(264, '95.00', '0.00', '95.00', 'cash', '2018-11-09 08:30:24', 2),
(265, '433.00', '0.00', '433.00', 'cash', '2018-11-09 08:32:12', 2),
(266, '433.00', '0.00', '433.00', 'cash', '2018-11-09 08:32:15', 2),
(267, '40.00', '0.00', '40.00', 'cash', '2018-11-09 08:45:23', 2),
(268, '87.50', '0.00', '87.50', 'cash', '2018-11-09 10:00:47', 2),
(269, '103.00', '0.00', '103.00', 'cash', '2018-11-09 10:01:03', 2),
(270, '49.00', '0.00', '49.00', 'cash', '2018-11-09 10:01:17', 2),
(271, '170.00', '0.00', '170.00', 'cash', '2018-11-09 10:02:19', 2),
(272, '170.00', '0.00', '170.00', 'cash', '2018-11-09 10:02:22', 2),
(273, '37.80', '0.00', '37.80', 'cash', '2018-11-09 12:36:04', 2),
(274, '332.06', '0.00', '332.06', 'cash', '2018-11-09 12:45:43', 2),
(275, '160.00', '0.00', '160.00', 'cash', '2018-11-09 12:49:53', 2),
(276, '787.60', '0.00', '787.60', 'cash', '2018-11-09 13:01:22', 2),
(277, '33.36', '0.00', '33.36', 'cash', '2018-11-09 13:06:23', 2),
(278, '72.00', '0.00', '72.00', 'cash', '2018-11-09 13:25:58', 2),
(279, '460.00', '0.00', '460.00', 'cash', '2018-11-09 13:31:39', 2),
(280, '32.00', '0.00', '32.00', 'cash', '2018-11-09 13:43:43', 2),
(281, '80.00', '0.00', '80.00', 'cash', '2018-11-09 14:00:27', 2),
(282, '356.50', '0.00', '356.50', 'cash', '2018-11-09 14:07:15', 2),
(283, '356.50', '0.00', '356.50', 'cash', '2018-11-09 14:07:18', 2),
(284, '1432.50', '0.00', '1432.50', 'cash', '2018-11-09 14:27:12', 2),
(285, '80.00', '0.00', '80.00', 'cash', '2018-11-09 14:59:31', 2),
(286, '11.00', '0.00', '11.00', 'cash', '2018-11-09 15:18:18', 2),
(287, '175.00', '0.00', '175.00', 'cash', '2018-11-09 15:31:10', 2),
(288, '220.00', '0.00', '220.00', 'cash', '2018-11-09 15:39:44', 2),
(289, '421.50', '0.00', '421.50', 'cash', '2018-11-09 16:00:46', 2),
(290, '86.97', '0.00', '86.97', 'cash', '2018-11-09 16:12:27', 2),
(291, '1640.00', '0.00', '1640.00', 'cash', '2018-11-10 05:24:19', 2),
(292, '648.20', '48.00', '600.20', 'cash', '2018-11-10 05:32:35', 2),
(293, '111.00', '0.00', '111.00', 'cash', '2018-11-10 06:20:06', 2),
(294, '33.00', '3.00', '30.00', 'cash', '2018-11-10 06:20:23', 2),
(295, '136.00', '0.00', '136.00', 'cash', '2018-11-10 06:59:23', 2),
(296, '86.10', '0.00', '86.10', 'cash', '2018-11-10 07:19:52', 2),
(297, '40.00', '0.00', '40.00', 'cash', '2018-11-10 07:44:20', 2),
(298, '305.00', '0.00', '305.00', 'cash', '2018-11-10 08:30:24', 2),
(299, '276.00', '0.00', '276.00', 'cash', '2018-11-10 08:32:01', 2),
(300, '199.00', '0.00', '199.00', 'cash', '2018-11-10 08:52:36', 2),
(301, '80.00', '0.00', '80.00', 'cash', '2018-11-10 08:53:03', 2),
(302, '100.00', '0.00', '100.00', 'cash', '2018-11-10 09:29:06', 2),
(303, '34.00', '4.00', '30.00', 'cash', '2018-11-10 09:29:32', 2),
(304, '892.00', '0.00', '892.00', 'cash', '2018-11-10 09:44:53', 2),
(305, '336.00', '6.00', '330.00', 'cash', '2018-11-10 09:45:51', 2),
(306, '336.00', '6.00', '330.00', 'cash', '2018-11-10 09:45:55', 2),
(307, '939.72', '0.00', '939.72', 'cash', '2018-11-10 10:00:25', 2),
(308, '172.73', '12.00', '160.73', 'cash', '2018-11-10 10:28:55', 2),
(309, '1649.20', '0.00', '1649.20', 'cash', '2018-11-10 10:35:23', 2),
(310, '55.60', '0.00', '55.60', 'cash', '2018-11-10 11:31:19', 2),
(311, '390.06', '20.00', '370.06', 'cash', '2018-11-10 11:32:17', 2),
(312, '3690.00', '0.00', '3690.00', 'cash', '2018-11-10 11:35:47', 2),
(313, '110.00', '0.00', '110.00', 'cash', '2018-11-10 11:44:21', 2),
(314, '429.00', '0.00', '429.00', 'cash', '2018-11-10 11:45:23', 2),
(315, '192.86', '0.00', '192.86', 'cash', '2018-11-10 11:46:59', 2),
(316, '729.40', '30.00', '699.40', 'cash', '2018-11-10 12:00:24', 2),
(317, '530.06', '0.00', '530.06', 'cash', '2018-11-10 12:05:24', 2),
(318, '150.00', '0.00', '150.00', 'cash', '2018-11-10 12:07:49', 2),
(319, '243.05', '13.00', '230.05', 'cash', '2018-11-10 12:28:04', 2),
(320, '93.72', '0.00', '93.72', 'cash', '2018-11-10 12:43:27', 2),
(321, '512.80', '30.00', '482.80', 'cash', '2018-11-10 12:44:23', 2),
(322, '512.80', '30.00', '482.80', 'cash', '2018-11-10 12:44:27', 2),
(323, '80.00', '0.00', '80.00', 'cash', '2018-11-10 12:52:27', 2),
(324, '22.75', '0.00', '22.75', 'cash', '2018-11-10 14:34:17', 2),
(325, '521.20', '0.00', '521.20', 'cash', '2018-11-10 14:39:46', 2),
(326, '32.00', '0.00', '32.00', 'cash', '2018-11-10 14:45:28', 2),
(327, '1393.45', '0.00', '1393.45', 'cash', '2018-11-10 15:02:30', 2),
(328, '63.90', '0.00', '63.90', 'cash', '2018-11-10 15:16:35', 2),
(329, '220.00', '0.00', '220.00', 'cash', '2018-11-10 15:37:31', 2),
(330, '51.30', '0.00', '51.30', 'cash', '2018-11-10 15:40:00', 2),
(331, '470.00', '20.00', '450.00', 'cash', '2018-11-10 16:08:29', 2),
(332, '51.42', '0.00', '51.42', 'cash', '2018-11-10 16:08:48', 2),
(333, '205.00', '0.00', '205.00', 'cash', '2018-11-10 16:38:35', 2),
(334, '2170.18', '100.00', '2070.18', 'cash', '2018-11-10 16:44:14', 2),
(335, '26.50', '0.00', '26.50', 'cash', '2018-11-11 04:47:41', 2),
(336, '429.94', '19.00', '410.94', 'cash', '2018-11-11 04:53:32', 2),
(337, '1573.00', '73.00', '1500.00', 'cash', '2018-11-11 06:09:49', 2),
(338, '450.00', '30.00', '420.00', 'cash', '2018-11-11 06:14:17', 2),
(339, '40.00', '0.00', '40.00', 'cash', '2018-11-11 06:16:41', 2),
(340, '53.00', '0.00', '53.00', 'cash', '2018-11-11 06:56:00', 2),
(341, '65.00', '5.00', '60.00', 'cash', '2018-11-11 06:56:35', 2),
(342, '65.00', '0.00', '65.00', 'cash', '2018-11-11 07:00:08', 2),
(343, '124.50', '0.00', '124.50', 'cash', '2018-11-11 07:25:29', 2),
(344, '11.60', '0.00', '11.60', 'cash', '2018-11-11 08:09:51', 2),
(345, '307.00', '17.00', '290.00', 'cash', '2018-11-11 08:24:06', 2),
(346, '790.12', '0.00', '790.12', 'cash', '2018-11-11 09:34:20', 2),
(347, '43.99', '0.00', '43.99', 'cash', '2018-11-11 10:09:23', 2),
(348, '32.00', '0.00', '32.00', 'cash', '2018-11-11 10:22:16', 2),
(349, '53.50', '0.00', '53.50', 'cash', '2018-11-11 10:31:03', 2),
(350, '137.00', '0.00', '137.00', 'cash', '2018-11-11 10:37:09', 2),
(351, '554.76', '0.00', '554.76', 'cash', '2018-11-11 11:26:17', 2),
(352, '82.84', '0.00', '82.84', 'cash', '2018-11-11 12:40:27', 2),
(353, '79.50', '0.00', '79.50', 'cash', '2018-11-11 13:17:09', 2),
(354, '413.15', '0.00', '413.15', 'cash', '2018-11-11 13:19:42', 2),
(355, '80.00', '0.00', '80.00', 'cash', '2018-11-11 13:21:37', 2),
(356, '1218.40', '70.00', '1148.40', 'cash', '2018-11-11 13:43:21', 2),
(357, '255.00', '5.00', '250.00', 'cash', '2018-11-11 13:47:37', 2),
(358, '211.95', '11.00', '200.95', 'cash', '2018-11-11 13:49:37', 2),
(359, '845.28', '5.00', '840.28', 'cash', '2018-11-11 14:02:22', 2),
(360, '223.00', '0.00', '223.00', 'cash', '2018-11-11 14:07:34', 2),
(361, '460.00', '0.00', '460.00', 'cash', '2018-11-11 14:10:29', 2),
(362, '101.00', '0.00', '101.00', 'cash', '2018-11-11 14:11:40', 2),
(363, '101.00', '0.00', '101.00', 'cash', '2018-11-11 14:11:43', 2),
(364, '98.00', '0.00', '98.00', 'cash', '2018-11-11 14:25:05', 2),
(365, '130.86', '0.00', '130.86', 'cash', '2018-11-11 14:31:26', 2),
(366, '926.80', '0.00', '926.80', 'cash', '2018-11-11 14:36:37', 2),
(367, '361.90', '0.00', '361.90', 'cash', '2018-11-11 14:43:34', 2),
(368, '76.00', '0.00', '76.00', 'cash', '2018-11-11 14:43:50', 2),
(369, '275.00', '0.00', '275.00', 'cash', '2018-11-11 15:09:28', 2),
(370, '644.00', '44.00', '600.00', 'cash', '2018-11-11 15:23:00', 2),
(371, '104.00', '0.00', '104.00', 'cash', '2018-11-11 15:38:54', 2),
(372, '230.00', '0.00', '230.00', 'cash', '2018-11-11 16:09:03', 2),
(373, '259.00', '19.00', '240.00', 'cash', '2018-11-11 16:24:40', 2),
(374, '152.60', '2.60', '150.00', 'cash', '2018-11-11 16:59:48', 2),
(375, '260.00', '0.00', '260.00', 'cash', '2018-11-11 17:06:49', 2),
(376, '315.00', '0.00', '315.00', 'cash', '2018-11-11 17:13:21', 2),
(377, '23.00', '0.00', '23.00', 'cash', '2018-11-12 04:25:56', 2),
(378, '22.60', '0.00', '22.60', 'cash', '2018-11-12 04:30:38', 2),
(379, '291.64', '0.10', '291.54', 'cash', '2018-11-12 05:11:48', 2),
(380, '1145.68', '0.00', '1145.68', 'cash', '2018-11-12 06:17:38', 2),
(381, '30.00', '0.00', '30.00', 'cash', '2018-11-12 07:08:35', 2),
(382, '280.00', '0.00', '280.00', 'cash', '2018-11-12 07:09:26', 2),
(383, '280.00', '0.00', '280.00', 'cash', '2018-11-12 07:09:29', 2),
(384, '113.00', '0.00', '113.00', 'cash', '2018-11-12 07:58:00', 2),
(385, '33.00', '3.00', '30.00', 'cash', '2018-11-12 08:09:33', 2),
(386, '1890.90', '0.00', '1890.90', 'cash', '2018-11-12 08:43:01', 2),
(387, '938.98', '38.00', '900.98', 'cash', '2018-11-12 08:47:58', 2),
(388, '230.00', '0.00', '230.00', 'cash', '2018-11-12 09:23:00', 2),
(389, '175.86', '5.00', '170.86', 'cash', '2018-11-12 09:56:46', 2),
(390, '340.00', '0.00', '340.00', 'cash', '2018-11-12 10:02:02', 2),
(391, '207.00', '7.00', '200.00', 'cash', '2018-11-12 10:48:43', 2),
(392, '69.75', '0.00', '69.75', 'cash', '2018-11-12 11:09:41', 2),
(393, '128.00', '0.00', '128.00', 'cash', '2018-11-12 11:18:54', 2),
(394, '33.00', '3.00', '30.00', 'cash', '2018-11-12 11:46:18', 2),
(395, '1344.14', '0.00', '1344.14', 'cash', '2018-11-12 12:08:36', 2),
(396, '294.00', '4.00', '290.00', 'cash', '2018-11-12 12:09:08', 2),
(397, '294.00', '4.00', '290.00', 'cash', '2018-11-12 12:09:11', 2),
(398, '118.00', '0.00', '118.00', 'cash', '2018-11-12 12:42:02', 2),
(399, '69.00', '0.00', '69.00', 'cash', '2018-11-12 12:52:52', 2),
(400, '3234.00', '0.00', '3234.00', 'cash', '2018-11-12 13:04:11', 2),
(401, '626.00', '0.00', '626.00', 'cash', '2018-11-12 13:04:26', 2),
(402, '626.00', '0.00', '626.00', 'cash', '2018-11-12 13:04:28', 2),
(403, '47.50', '0.00', '47.50', 'cash', '2018-11-12 13:05:56', 2),
(404, '47.50', '0.00', '47.50', 'cash', '2018-11-12 13:05:59', 2),
(405, '175.00', '15.00', '160.00', 'cash', '2018-11-12 13:31:40', 2),
(406, '139.00', '0.00', '139.00', 'cash', '2018-11-12 13:37:40', 2),
(407, '150.00', '0.00', '150.00', 'cash', '2018-11-12 14:13:39', 2),
(408, '69.00', '0.00', '69.00', 'cash', '2018-11-12 14:53:37', 2),
(409, '69.00', '3.45', '69.00', 'cash', '2018-11-12 15:06:00', 2),
(410, '278.62', '0.00', '278.62', 'cash', '2018-11-12 15:12:20', 2),
(411, '30.00', '0.00', '30.00', 'cash', '2018-11-12 15:13:49', 2),
(412, '384.92', '15.00', '369.92', 'cash', '2018-11-12 15:20:25', 2),
(413, '2187.86', '56.00', '2131.86', 'cash', '2018-11-12 15:35:23', 2),
(414, '158.06', '0.00', '158.06', 'cash', '2018-11-12 15:36:25', 2),
(415, '86.00', '4.30', '86.00', 'cash', '2018-11-12 16:33:02', 2),
(416, '39.75', '0.00', '39.75', 'cash', '2018-11-12 16:35:33', 2),
(417, '170.40', '0.00', '170.40', 'cash', '2018-11-12 16:52:05', 2),
(418, '72.00', '0.00', '72.00', 'cash', '2018-11-13 04:33:26', 2),
(419, '133.00', '3.00', '130.00', 'cash', '2018-11-13 04:36:54', 2),
(420, '164.94', '0.00', '164.94', 'cash', '2018-11-13 04:44:34', 2),
(421, '0.00', '0.00', '0.00', 'cash', '2018-11-13 14:00:54', 2),
(422, '2138.27', '2.68', '2138.27', 'cash', '2018-11-13 14:00:44', 1),
(423, '346.00', '20.00', '326.00', 'cash', '2018-11-13 10:03:22', 1),
(424, '7.90', '0.00', '7.90', 'cash', '2018-11-13 10:26:31', 1),
(425, '75.00', '0.00', '75.00', 'cash', '2018-11-13 10:40:53', 1),
(426, '40.00', '0.00', '40.00', 'cash', '2018-11-13 10:50:12', 1),
(427, '1924.10', '100.00', '1824.10', 'cash', '2018-11-13 12:11:00', 1),
(428, '230.00', '0.00', '230.00', 'cash', '2018-11-13 12:37:38', 1),
(429, '152.50', '0.00', '152.50', 'cash', '2018-11-13 13:21:34', 1),
(430, '50.00', '0.00', '50.00', 'cash', '2018-11-13 13:37:18', 1),
(431, '519.00', '0.00', '519.00', 'cash', '2018-11-13 13:40:39', 1),
(432, '35.00', '0.00', '35.00', 'cash', '2018-11-13 13:42:36', 1),
(433, '2.32', '0.00', '2.32', 'cash', '2018-11-13 14:05:47', 1),
(434, '753.10', '0.00', '753.10', 'cash', '2018-11-13 14:19:19', 1),
(435, '108.00', '0.00', '108.00', 'cash', '2018-11-13 14:26:15', 1),
(436, '119.00', '0.00', '119.00', 'cash', '2018-11-13 14:43:21', 1),
(437, '58.75', '0.00', '58.75', 'cash', '2018-11-13 14:49:54', 1),
(438, '726.00', '46.00', '680.00', 'cash', '2018-11-13 15:21:20', 2),
(439, '290.80', '0.00', '290.80', 'cash', '2018-11-13 15:26:25', 2),
(440, '2002.04', '140.00', '1862.04', 'cash', '2018-11-13 15:31:30', 2),
(441, '110.00', '0.00', '110.00', 'cash', '2018-11-13 15:39:22', 2),
(442, '170.00', '0.00', '170.00', 'cash', '2018-11-13 15:55:27', 2),
(443, '52.10', '0.00', '52.10', 'cash', '2018-11-13 16:14:42', 2),
(444, '334.04', '0.00', '334.04', 'cash', '2018-11-13 16:15:38', 2),
(445, '302.00', '0.00', '302.00', 'cash', '2018-11-13 16:30:26', 2),
(446, '51.00', '0.00', '51.00', 'cash', '2018-11-13 17:34:29', 2),
(447, '287.06', '0.06', '287.00', 'cash', '2018-11-14 04:23:45', 2),
(448, '581.00', '0.00', '581.00', 'cash', '2018-11-14 05:14:01', 2),
(449, '355.00', '0.00', '355.00', 'cash', '2018-11-14 06:58:10', 2),
(450, '147.60', '0.00', '147.60', 'cash', '2018-11-14 07:02:29', 2),
(451, '147.60', '0.00', '147.60', 'cash', '2018-11-14 07:02:34', 2),
(452, '348.06', '0.00', '348.06', 'cash', '2018-11-14 07:42:18', 2),
(453, '135.00', '0.00', '135.00', 'cash', '2018-11-14 07:48:47', 2),
(454, '133.20', '0.00', '133.20', 'cash', '2018-11-14 08:02:06', 2),
(455, '169.00', '0.00', '169.00', 'cash', '2018-11-14 08:32:55', 2),
(456, '33.00', '0.00', '33.00', 'cash', '2018-11-14 08:39:14', 2),
(457, '63.40', '0.00', '63.40', 'cash', '2018-11-14 09:04:57', 2),
(458, '82.84', '0.00', '82.84', 'cash', '2018-11-14 09:11:57', 2),
(459, '260.12', '20.00', '240.12', 'cash', '2018-11-14 09:24:45', 2),
(460, '143.00', '0.00', '143.00', 'cash', '2018-11-14 09:43:55', 2),
(461, '211.42', '0.00', '211.42', 'cash', '2018-11-14 09:45:58', 2),
(462, '112.00', '0.00', '112.00', 'cash', '2018-11-14 09:57:44', 2),
(463, '26.50', '0.00', '26.50', 'cash', '2018-11-14 10:15:23', 2),
(464, '1523.76', '3.00', '1520.76', 'cash', '2018-11-14 10:19:29', 2),
(465, '1523.76', '3.00', '1520.76', 'cash', '2018-11-14 10:19:32', 2),
(466, '198.26', '0.00', '198.26', 'cash', '2018-11-14 10:54:25', 2),
(467, '32.00', '2.00', '30.00', 'cash', '2018-11-14 11:10:49', 2),
(468, '334.04', '14.00', '320.04', 'cash', '2018-11-14 11:32:22', 1),
(469, '901.04', '0.00', '901.04', 'cash', '2018-11-14 12:00:40', 1),
(470, '51.42', '0.00', '51.42', 'cash', '2018-11-14 12:02:41', 1),
(471, '210.00', '10.00', '200.00', 'cash', '2018-11-14 12:27:46', 1),
(472, '704.74', '0.00', '704.74', 'cash', '2018-11-14 12:59:57', 1),
(473, '100.00', '0.00', '100.00', 'cash', '2018-11-14 13:04:35', 1),
(474, '100.00', '0.00', '100.00', 'cash', '2018-11-14 13:04:37', 1),
(475, '1072.10', '0.00', '1072.10', 'cash', '2018-11-14 13:15:14', 1),
(476, '5910.27', '210.00', '5700.27', 'cash', '2018-11-14 14:33:46', 1),
(477, '71.00', '0.00', '71.00', 'cash', '2018-11-14 15:03:42', 1),
(478, '91.00', '0.00', '91.00', 'cash', '2018-11-14 15:19:48', 1),
(479, '40.00', '0.00', '40.00', 'cash', '2018-11-14 15:21:34', 1),
(480, '20.00', '0.00', '20.00', 'cash', '2018-11-14 15:21:58', 1),
(481, '33.00', '0.00', '33.00', 'cash', '2018-11-14 15:38:56', 1),
(482, '60.00', '0.00', '60.00', 'cash', '2018-11-14 15:49:00', 1),
(483, '35.73', '0.00', '35.73', 'cash', '2018-11-14 16:18:56', 1),
(484, '194.60', '0.00', '194.60', 'cash', '2018-11-14 16:19:52', 1),
(485, '40.00', '0.00', '40.00', 'cash', '2018-11-14 16:45:04', 1),
(486, '223.00', '0.00', '223.00', 'cash', '2018-11-14 16:58:13', 1),
(487, '162.00', '12.00', '150.00', 'cash', '2018-11-15 04:27:20', 2),
(488, '849.24', '60.00', '789.24', 'cash', '2018-11-15 04:27:46', 2),
(489, '124.95', '0.00', '124.95', 'cash', '2018-11-15 04:37:12', 2),
(490, '335.50', '0.00', '335.50', 'cash', '2018-11-15 04:42:45', 2),
(491, '745.00', '0.00', '745.00', 'cash', '2018-11-15 04:54:05', 2),
(492, '155.20', '0.00', '155.20', 'cash', '2018-11-15 06:09:20', 2),
(493, '150.00', '0.00', '150.00', 'cash', '2018-11-15 06:27:40', 2),
(494, '341.00', '0.00', '341.00', 'cash', '2018-11-15 07:42:03', 2),
(495, '53.57', '0.00', '53.57', 'cash', '2018-11-15 07:42:27', 2),
(496, '53.57', '0.00', '53.57', 'cash', '2018-11-15 07:42:31', 2),
(497, '82.80', '0.00', '82.80', 'cash', '2018-11-15 07:48:05', 2),
(498, '168.00', '8.00', '160.00', 'cash', '2018-11-15 07:58:22', 2),
(499, '147.00', '0.00', '147.00', 'cash', '2018-11-15 08:47:56', 2),
(500, '70.00', '0.00', '70.00', 'cash', '2018-11-15 09:15:56', 2),
(501, '94.00', '0.00', '94.00', 'cash', '2018-11-15 09:32:14', 2),
(502, '126.50', '0.00', '126.50', 'cash', '2018-11-15 10:19:48', 2),
(503, '176.12', '6.00', '170.12', 'cash', '2018-11-15 10:35:44', 2),
(504, '119.30', '0.00', '119.30', 'cash', '2018-11-15 10:50:05', 2),
(505, '253.00', '13.00', '240.00', 'cash', '2018-11-15 11:06:57', 2),
(506, '678.00', '28.00', '650.00', 'cash', '2018-11-15 11:29:17', 2),
(507, '143.92', '13.00', '130.92', 'cash', '2018-11-15 12:17:48', 2),
(508, '461.20', '61.00', '400.20', 'cash', '2018-11-15 12:22:29', 2),
(509, '231.06', '13.00', '218.06', 'cash', '2018-11-15 12:51:29', 2),
(510, '138.00', '6.00', '132.00', 'cash', '2018-11-15 12:54:15', 2),
(511, '6982.50', '0.00', '6982.50', 'cash', '2018-11-15 12:59:34', 2),
(512, '128.00', '8.00', '120.00', 'cash', '2018-11-15 13:21:55', 2),
(513, '15.00', '0.00', '15.00', 'cash', '2018-11-15 13:22:08', 2),
(514, '223.02', '13.00', '210.02', 'cash', '2018-11-15 13:32:49', 2),
(515, '414.00', '0.00', '414.00', 'cash', '2018-11-15 13:36:16', 2),
(516, '220.00', '0.00', '220.00', 'cash', '2018-11-15 14:09:45', 2),
(517, '220.00', '0.00', '220.00', 'cash', '2018-11-15 14:09:51', 2),
(518, '486.40', '0.00', '486.40', 'cash', '2018-11-15 14:16:27', 2),
(519, '40.00', '0.00', '40.00', 'cash', '2018-11-15 14:23:44', 2),
(520, '50.00', '0.00', '50.00', 'cash', '2018-11-15 14:38:37', 2),
(521, '159.00', '0.00', '159.00', 'cash', '2018-11-15 14:49:13', 2),
(522, '686.74', '0.00', '686.74', 'cash', '2018-11-15 16:40:07', 2),
(523, '272.22', '0.00', '272.22', 'cash', '2018-11-16 05:12:44', 2),
(524, '538.00', '0.00', '538.00', 'cash', '2018-11-16 05:39:56', 2),
(525, '178.00', '0.00', '178.00', 'cash', '2018-11-16 05:54:16', 2),
(526, '40.00', '0.00', '40.00', 'cash', '2018-11-16 06:47:49', 2),
(527, '21.30', '0.00', '21.30', 'cash', '2018-11-16 09:06:44', 2),
(528, '290.53', '0.00', '290.53', 'cash', '2018-11-16 09:33:19', 2),
(529, '190.00', '0.00', '190.00', 'cash', '2018-11-16 10:25:59', 1),
(530, '250.00', '0.00', '250.00', 'cash', '2018-11-16 10:43:50', 1),
(531, '35.35', '0.00', '35.35', 'cash', '2018-11-16 12:15:53', 1),
(532, '132.00', '0.00', '132.00', 'cash', '2018-11-16 12:27:24', 1),
(533, '393.08', '0.00', '393.08', 'cash', '2018-11-16 12:50:49', 1),
(534, '160.00', '0.00', '160.00', 'cash', '2018-11-16 13:32:01', 1),
(535, '1838.15', '0.00', '1838.15', 'cash', '2018-11-16 14:41:28', 2),
(536, '88.00', '0.00', '88.00', 'cash', '2018-11-16 14:57:27', 2),
(537, '98.00', '0.00', '98.00', 'cash', '2018-11-16 14:46:26', 2),
(538, '123.00', '0.00', '123.00', 'cash', '2018-11-16 14:52:35', 2),
(539, '280.00', '0.00', '280.00', 'cash', '2018-11-16 15:01:11', 2),
(540, '93.30', '0.00', '93.30', 'cash', '2018-11-16 15:03:23', 2),
(541, '104.57', '0.00', '104.57', 'cash', '2018-11-16 15:05:45', 2),
(542, '395.00', '0.00', '395.00', 'cash', '2018-11-16 15:07:24', 2),
(543, '166.40', '0.00', '166.40', 'cash', '2018-11-16 15:09:06', 2),
(544, '41.60', '0.00', '41.60', 'cash', '2018-11-16 15:09:22', 2),
(545, '120.00', '0.00', '120.00', 'cash', '2018-11-16 15:42:45', 2),
(546, '490.00', '0.00', '490.00', 'cash', '2018-11-16 15:50:33', 2),
(547, '490.00', '0.00', '490.00', 'cash', '2018-11-16 15:50:39', 2),
(548, '246.00', '0.00', '246.00', 'cash', '2018-11-16 16:27:59', 2),
(549, '561.10', '0.00', '561.10', 'cash', '2018-11-17 05:08:30', 2),
(550, '88.00', '0.00', '88.00', 'cash', '2018-11-17 05:13:49', 2),
(551, '42.60', '0.00', '42.60', 'cash', '2018-11-17 06:36:05', 2),
(552, '134.00', '0.00', '134.00', 'cash', '2018-11-17 07:39:18', 2),
(553, '290.08', '20.00', '270.08', 'cash', '2018-11-17 07:51:36', 2),
(554, '615.97', '0.00', '615.97', 'cash', '2018-11-17 09:08:25', 2),
(555, '140.42', '10.00', '130.42', 'cash', '2018-11-17 10:39:23', 2),
(556, '51.42', '1.00', '50.42', 'cash', '2018-11-17 10:43:04', 2),
(557, '80.00', '0.00', '80.00', 'cash', '2018-11-17 11:36:52', 2),
(558, '27.70', '0.00', '27.70', 'cash', '2018-11-17 12:05:43', 2),
(559, '364.00', '4.00', '360.00', 'cash', '2018-11-17 13:17:18', 1),
(560, '2786.29', '0.00', '2786.29', 'cash', '2018-11-17 13:56:29', 1),
(561, '108.00', '0.00', '108.00', 'cash', '2018-11-17 14:11:24', 1),
(562, '331.50', '0.00', '331.50', 'cash', '2018-11-17 14:31:19', 1),
(563, '68.99', '0.90', '68.09', 'cash', '2018-11-17 14:46:16', 1),
(564, '176.12', '6.00', '170.12', 'cash', '2018-11-17 14:46:39', 1),
(565, '270.06', '0.00', '270.06', 'cash', '2018-11-17 14:46:56', 1),
(566, '39.00', '0.00', '39.00', 'cash', '2018-11-17 14:47:16', 1),
(567, '220.41', '0.00', '220.41', 'cash', '2018-11-17 14:58:06', 1),
(568, '370.00', '0.00', '370.00', 'cash', '2018-11-17 14:58:52', 1),
(569, '540.59', '0.00', '540.59', 'cash', '2018-11-17 15:32:25', 2),
(570, '260.00', '40.00', '220.00', 'cash', '2018-11-17 15:44:50', 2),
(571, '238.00', '0.00', '238.00', 'cash', '2018-11-17 16:13:14', 1),
(572, '66.00', '0.00', '66.00', 'cash', '2018-11-18 04:26:32', 2),
(573, '650.52', '0.00', '650.52', 'cash', '2018-11-18 05:53:57', 2),
(574, '97.00', '0.00', '97.00', 'cash', '2018-11-18 05:57:12', 2),
(575, '97.00', '0.00', '97.00', 'cash', '2018-11-18 05:57:16', 2),
(576, '72.00', '0.00', '72.00', 'cash', '2018-11-18 08:53:46', 2),
(577, '326.41', '6.00', '320.41', 'cash', '2018-11-18 10:34:50', 2),
(578, '746.32', '0.00', '746.32', 'cash', '2018-11-18 10:51:09', 2),
(579, '56.00', '0.00', '56.00', 'cash', '2018-11-18 11:17:04', 2),
(580, '200.00', '0.00', '200.00', 'cash', '2018-11-18 11:23:21', 2),
(581, '30.00', '0.00', '30.00', 'cash', '2018-11-18 11:45:36', 2),
(582, '112.00', '0.00', '112.00', 'cash', '2018-11-18 11:51:32', 2),
(583, '250.00', '0.00', '250.00', 'cash', '2018-11-18 12:13:03', 2),
(584, '504.00', '0.00', '504.00', 'cash', '2018-11-18 12:16:16', 2),
(585, '104.72', '0.00', '104.72', 'cash', '2018-11-18 12:18:18', 2),
(586, '160.70', '0.00', '160.70', 'cash', '2018-11-18 12:19:54', 2),
(587, '35.00', '0.00', '35.00', 'cash', '2018-11-18 12:20:11', 2),
(588, '170.00', '0.00', '170.00', 'cash', '2018-11-18 12:47:14', 2),
(589, '670.29', '0.00', '670.29', 'cash', '2018-11-18 13:19:28', 2),
(590, '310.00', '0.00', '310.00', 'cash', '2018-11-18 13:26:35', 2),
(591, '602.14', '0.00', '602.14', 'cash', '2018-11-18 13:48:05', 2),
(592, '383.00', '0.00', '383.00', 'cash', '2018-11-18 14:23:11', 2),
(593, '554.50', '0.00', '554.50', 'cash', '2018-11-18 14:40:54', 2),
(594, '621.00', '0.00', '621.00', 'cash', '2018-11-18 14:41:47', 2),
(595, '51.50', '0.00', '51.50', 'cash', '2018-11-18 15:05:06', 2),
(596, '62.00', '0.00', '62.00', 'cash', '2018-11-18 15:05:32', 2),
(597, '62.00', '0.00', '62.00', 'cash', '2018-11-18 15:05:37', 2),
(598, '336.00', '36.00', '300.00', 'cash', '2018-11-18 15:29:13', 2),
(599, '182.00', '0.00', '182.00', 'cash', '2018-11-18 15:29:28', 2),
(600, '315.00', '15.00', '300.00', 'cash', '2018-11-18 15:41:59', 2),
(601, '170.00', '0.00', '170.00', 'cash', '2018-11-18 16:09:57', 2),
(602, '365.30', '15.00', '350.30', 'cash', '2018-11-18 16:10:28', 2),
(603, '51.00', '0.00', '51.00', 'cash', '2018-11-18 16:13:09', 2),
(604, '215.00', '0.00', '215.00', 'cash', '2018-11-18 16:14:00', 2),
(605, '1063.00', '0.00', '1063.00', 'cash', '2018-11-18 16:25:50', 2),
(606, '435.00', '35.00', '400.00', 'cash', '2018-11-18 16:37:04', 2),
(607, '77.00', '0.00', '77.00', 'cash', '2018-11-18 17:07:25', 2),
(608, '317.40', '0.00', '317.40', 'cash', '2018-11-19 04:43:35', 2),
(609, '210.00', '0.00', '210.00', 'cash', '2018-11-19 04:59:02', 2),
(610, '111.23', '0.00', '111.23', 'cash', '2018-11-19 05:12:23', 2),
(611, '60.06', '0.00', '60.06', 'cash', '2018-11-19 05:26:34', 2),
(612, '285.08', '0.00', '285.08', 'cash', '2018-11-19 05:46:36', 2),
(613, '220.25', '0.00', '220.25', 'cash', '2018-11-19 06:08:02', 2),
(614, '432.00', '0.00', '432.00', 'cash', '2018-11-19 06:25:59', 2),
(615, '1023.26', '0.00', '1023.26', 'cash', '2018-11-19 07:40:52', 2),
(616, '120.00', '0.00', '120.00', 'cash', '2018-11-19 07:48:10', 2),
(617, '411.00', '0.00', '411.00', 'cash', '2018-11-19 07:54:13', 2),
(618, '171.50', '0.00', '171.50', 'cash', '2018-11-19 07:59:56', 2),
(619, '110.85', '0.00', '110.85', 'cash', '2018-11-19 08:16:53', 2),
(620, '57.30', '2.00', '55.30', 'cash', '2018-11-19 08:29:40', 2),
(621, '801.10', '40.00', '761.10', 'cash', '2018-11-19 08:34:57', 2),
(622, '120.00', '10.00', '110.00', 'cash', '2018-11-19 09:20:59', 2),
(623, '237.70', '0.00', '237.70', 'cash', '2018-11-19 10:51:49', 2),
(624, '235.60', '5.60', '230.00', 'cash', '2018-11-19 10:55:23', 2),
(625, '30.00', '0.00', '30.00', 'cash', '2018-11-19 10:56:56', 2),
(626, '30.00', '0.00', '30.00', 'cash', '2018-11-19 10:57:16', 2),
(627, '240.00', '0.00', '240.00', 'cash', '2018-11-19 11:19:45', 2),
(628, '343.00', '3.00', '340.00', 'cash', '2018-11-19 11:32:35', 2),
(629, '1889.00', '94.45', '1794.55', 'cash', '2018-11-19 11:36:56', 2),
(630, '80.00', '0.00', '80.00', 'cash', '2018-11-19 11:40:11', 2),
(631, '80.00', '0.00', '80.00', 'cash', '2018-11-19 11:40:14', 2),
(632, '189.12', '0.00', '189.12', 'cash', '2018-11-19 11:58:06', 2),
(633, '31.00', '0.00', '31.00', 'cash', '2018-11-19 12:20:44', 2),
(634, '232.00', '0.00', '232.00', 'cash', '2018-11-19 12:22:07', 2);

-- --------------------------------------------------------

--
-- Table structure for table `sale_items`
--

CREATE TABLE `sale_items` (
  `id` int(10) UNSIGNED NOT NULL,
  `total` decimal(10,2) NOT NULL,
  `fk_inventory_id` int(10) UNSIGNED NOT NULL,
  `fk_sale_price_id` int(10) UNSIGNED NOT NULL,
  `fk_sale_id` int(10) UNSIGNED NOT NULL
) ENGINE=InnoDB DEFAULT CHARSET=utf8mb4 COLLATE=utf8mb4_unicode_ci;

--
-- Dumping data for table `sale_items`
--

INSERT INTO `sale_items` (`id`, `total`, `fk_inventory_id`, `fk_sale_price_id`, `fk_sale_id`) VALUES
(1, '260.00', 103, 96, 1),
(2, '855.00', 119, 114, 2),
(3, '35.20', 228, 182, 3),
(4, '27.00', 201, 153, 4),
(5, '380.00', 93, 89, 5),
(6, '260.00', 42, 48, 6),
(7, '51.42', 184, 195, 7),
(8, '190.00', 91, 86, 8),
(9, '88.00', 217, 165, 9),
(10, '58.00', 287, 243, 10),
(11, '264.88', 298, 247, 11),
(12, '51.42', 184, 195, 12),
(13, '130.84', 181, 192, 13),
(14, '85.00', 177, 188, 14),
(15, '1845.00', 118, 113, 15),
(16, '1845.00', 108, 103, 16),
(17, '40.00', 367, 299, 17),
(18, '70.00', 178, 189, 18),
(19, '60.50', 302, 263, 19),
(20, '175.00', 377, 288, 20),
(21, '182.00', 505, 410, 20),
(22, '219.00', 337, 323, 20),
(23, '27.15', 345, 316, 21),
(24, '90.00', 63, 3, 22),
(25, '448.00', 575, 438, 22),
(26, '132.00', 578, 435, 23),
(27, '11.60', 495, 506, 24),
(28, '205.00', 325, 343, 25),
(29, '270.00', 364, 301, 26),
(30, '138.50', 472, 470, 27),
(31, '63.00', 514, 420, 27),
(32, '371.00', 374, 296, 28),
(33, '40.00', 367, 299, 29),
(34, '170.50', 305, 331, 29),
(35, '69.75', 268, 232, 30),
(36, '170.00', 272, 563, 30),
(37, '700.00', 492, 450, 31),
(38, '85.70', 245, 210, 32),
(39, '380.00', 2, 83, 33),
(40, '119.00', 386, 284, 34),
(41, '95.00', 504, 411, 34),
(42, '112.00', 667, 615, 34),
(43, '143.92', 541, 518, 35),
(44, '167.00', 271, 562, 35),
(45, '132.00', 578, 435, 36),
(46, '200.00', 147, 23, 37),
(47, '150.00', 1, 1, 38),
(48, '46.00', 513, 419, 39),
(49, '63.00', 514, 420, 39),
(50, '11.60', 495, 506, 40),
(51, '47.20', 658, 604, 40),
(52, '16.00', 222, 170, 40),
(53, '65.74', 246, 211, 41),
(54, '31.20', 558, 488, 42),
(55, '161.20', 536, 522, 42),
(56, '681.60', 315, 273, 42),
(57, '47.00', 175, 144, 42),
(58, '322.00', 409, 691, 43),
(59, '646.30', 316, 330, 44),
(60, '260.00', 103, 96, 45),
(61, '56.43', 336, 324, 46),
(62, '55.00', 615, 545, 47),
(63, '246.40', 786, 722, 48),
(64, '250.00', 70, 15, 49),
(65, '35.35', 519, 433, 50),
(66, '119.84', 689, 583, 51),
(67, '119.84', 689, 583, 52),
(68, '59.92', 689, 583, 53),
(69, '187.00', 683, 779, 54),
(70, '177.00', 218, 166, 54),
(71, '88.00', 509, 415, 54),
(72, '68.00', 542, 517, 55),
(73, '47.30', 202, 154, 56),
(74, '80.00', 286, 244, 56),
(75, '80.00', 269, 233, 57),
(76, '112.00', 667, 615, 57),
(77, '102.00', 662, 614, 57),
(78, '103.00', 388, 278, 57),
(79, '168.00', 156, 127, 58),
(80, '67.12', 157, 128, 59),
(81, '349.95', 479, 463, 60),
(82, '19.50', 796, 718, 61),
(83, '88.00', 509, 415, 62),
(84, '176.30', 826, 759, 63),
(85, '110.00', 825, 760, 63),
(86, '52.00', 980, 789, 63),
(87, '1008.00', 775, 732, 64),
(88, '1008.00', 775, 732, 65),
(89, '55.00', 957, 885, 66),
(90, '51.42', 184, 195, 67),
(91, '106.60', 931, 945, 68),
(92, '1479.80', 282, 252, 68),
(93, '425.00', 574, 437, 68),
(94, '930.00', 480, 461, 68),
(95, '21.30', 674, 623, 69),
(96, '80.00', 620, 549, 70),
(97, '39.81', 258, 222, 71),
(98, '604.00', 322, 342, 72),
(99, '260.00', 103, 96, 73),
(100, '14.00', 996, 918, 74),
(101, '44.00', 509, 415, 75),
(102, '80.00', 671, 619, 75),
(103, '80.00', 630, 558, 76),
(104, '70.00', 813, 746, 76),
(105, '147.00', 402, 356, 77),
(106, '214.00', 915, 939, 77),
(107, '44.00', 509, 415, 78),
(108, '14.00', 995, 916, 78),
(109, '64.00', 532, 527, 79),
(110, '930.00', 114, 107, 80),
(111, '0.00', 315, 273, 81),
(112, '0.00', 671, 619, 81),
(113, '300.00', 81, 76, 82),
(114, '300.00', 433, 384, 83),
(115, '87.00', 227, 176, 84),
(116, '75.00', 621, 550, 84),
(117, '260.00', 794, 713, 85),
(118, '144.00', 471, 471, 85),
(119, '167.00', 1133, 1023, 85),
(120, '40.00', 252, 217, 86),
(121, '40.00', 252, 217, 87),
(122, '55.60', 517, 432, 88),
(123, '155.00', 1082, 1017, 89),
(124, '109.90', 1086, 1028, 90),
(125, '250.00', 9, 24, 91),
(126, '231.00', 314, 275, 92),
(127, '63.90', 674, 623, 92),
(128, '231.00', 314, 275, 93),
(129, '63.90', 674, 623, 93),
(130, '109.14', 186, 197, 94),
(131, '424.80', 658, 604, 94),
(132, '90.00', 1205, 1103, 94),
(133, '36.00', 301, 776, 95),
(134, '92.20', 513, 784, 96),
(135, '28.80', 471, 471, 97),
(136, '70.00', 996, 918, 98),
(137, '72.00', 510, 417, 98),
(138, '84.00', 242, 208, 99),
(139, '88.00', 509, 415, 99),
(140, '158.42', 264, 228, 100),
(141, '40.00', 252, 217, 100),
(142, '207.00', 206, 158, 101),
(143, '33.00', 773, 707, 102),
(144, '88.00', 509, 415, 102),
(145, '36.00', 340, 318, 103),
(146, '128.00', 1126, 1031, 104),
(147, '128.00', 1126, 1031, 105),
(148, '35.00', 995, 916, 106),
(149, '76.95', 336, 324, 107),
(150, '212.00', 878, 801, 108),
(151, '80.00', 620, 549, 109),
(152, '191.00', 1235, 1168, 110),
(153, '305.90', 1173, 1055, 111),
(154, '380.00', 2, 83, 112),
(155, '86.00', 245, 780, 113),
(156, '305.20', 1066, 1004, 114),
(157, '281.00', 316, 330, 114),
(158, '274.96', 595, 442, 115),
(159, '283.00', 1055, 999, 116),
(160, '68.00', 542, 517, 117),
(161, '50.40', 655, 603, 117),
(162, '280.80', 564, 502, 117),
(163, '96.30', 751, 649, 117),
(164, '307.00', 551, 493, 117),
(165, '26.00', 213, 161, 117),
(166, '319.20', 1177, 1062, 117),
(167, '333.00', 1184, 1179, 117),
(168, '120.00', 828, 763, 118),
(169, '20.00', 1302, 1225, 119),
(170, '88.00', 217, 165, 120),
(171, '40.00', 367, 299, 121),
(172, '26.00', 335, 325, 122),
(173, '441.00', 402, 356, 123),
(174, '196.00', 283, 249, 124),
(175, '132.00', 516, 424, 125),
(176, '66.00', 516, 424, 126),
(177, '644.00', 778, 728, 127),
(178, '252.00', 561, 505, 127),
(179, '900.00', 390, 369, 127),
(180, '18.00', 510, 417, 128),
(181, '35.00', 995, 916, 128),
(182, '18.00', 510, 417, 129),
(183, '35.00', 995, 916, 129),
(184, '81.60', 1251, 1181, 130),
(185, '118.00', 714, 667, 131),
(186, '154.00', 1256, 1176, 132),
(187, '157.00', 403, 351, 133),
(188, '0.00', 1260, 1140, 133),
(189, '175.00', 377, 288, 134),
(190, '51.50', 1088, 1024, 134),
(191, '205.00', 325, 343, 135),
(192, '317.80', 701, 676, 135),
(193, '43.00', 1048, 1011, 136),
(194, '0.00', 471, 471, 136),
(195, '30.78', 336, 324, 137),
(196, '88.00', 509, 415, 138),
(197, '54.30', 345, 316, 138),
(198, '40.00', 252, 217, 139),
(199, '52.83', 244, 209, 139),
(200, '26.00', 335, 325, 140),
(201, '103.00', 503, 409, 141),
(202, '230.00', 89, 85, 142),
(203, '147.00', 402, 356, 143),
(204, '400.00', 400, 349, 143),
(205, '222.88', 1255, 1175, 143),
(206, '59.92', 689, 583, 143),
(207, '333.90', 1180, 1115, 144),
(208, '66.00', 181, 1219, 145),
(209, '90.27', 263, 227, 145),
(210, '150.00', 764, 766, 145),
(211, '222.88', 1255, 1175, 145),
(212, '63.00', 514, 420, 146),
(213, '66.25', 664, 609, 147),
(214, '44.00', 509, 415, 147),
(215, '80.00', 269, 233, 148),
(216, '40.00', 367, 299, 149),
(217, '113.00', 289, 242, 150),
(218, '115.00', 448, 400, 151),
(219, '96.00', 949, 880, 151),
(220, '115.00', 448, 400, 152),
(221, '52.00', 980, 789, 153),
(222, '93.00', 631, 559, 153),
(223, '87.50', 1347, 1277, 153),
(224, '246.40', 786, 722, 153),
(225, '120.00', 1230, 1163, 153),
(226, '53.57', 1313, 1260, 153),
(227, '17.60', 228, 182, 154),
(228, '108.00', 270, 1292, 155),
(229, '87.00', 1197, 1076, 156),
(230, '195.20', 358, 774, 157),
(231, '59.92', 689, 583, 158),
(232, '88.00', 509, 415, 158),
(233, '88.00', 509, 415, 159),
(234, '85.00', 177, 188, 159),
(235, '88.00', 509, 415, 160),
(236, '70.00', 1006, 933, 160),
(237, '279.90', 453, 404, 161),
(238, '202.00', 1272, 1190, 161),
(239, '16.00', 671, 619, 161),
(240, '76.80', 670, 618, 162),
(241, '110.00', 825, 760, 163),
(242, '107.00', 197, 147, 164),
(243, '91.00', 1219, 1151, 165),
(244, '101.00', 1242, 1124, 166),
(245, '69.00', 1309, 1256, 167),
(246, '53.50', 654, 602, 167),
(247, '50.00', 1297, 1217, 168),
(248, '224.98', 1105, 1034, 168),
(249, '19.50', 796, 718, 168),
(250, '91.00', 923, 954, 169),
(251, '159.00', 329, 346, 170),
(252, '40.00', 252, 217, 170),
(253, '100.00', 579, 434, 170),
(254, '79.95', 931, 945, 170),
(255, '817.00', 373, 291, 170),
(256, '136.00', 542, 517, 171),
(257, '36.00', 510, 417, 172),
(258, '66.25', 664, 609, 172),
(259, '160.00', 1330, 1278, 172),
(260, '33.60', 1124, 1029, 172),
(261, '35.00', 1366, 1332, 172),
(262, '75.00', 621, 550, 173),
(263, '319.20', 1177, 1062, 174),
(264, '166.60', 1254, 1145, 175),
(265, '26.65', 931, 945, 175),
(266, '130.00', 420, 363, 175),
(267, '245.00', 1472, 1323, 176),
(268, '69.00', 1309, 1256, 176),
(269, '7.00', 995, 916, 176),
(270, '48.00', 1346, 1249, 176),
(271, '397.00', 1223, 1154, 177),
(272, '16.00', 671, 619, 177),
(273, '202.80', 644, 593, 178),
(274, '630.00', 880, 793, 179),
(275, '157.92', 688, 582, 180),
(276, '19.50', 796, 718, 181),
(277, '35.00', 996, 918, 181),
(278, '72.00', 867, 858, 182),
(279, '74.00', 1292, 1210, 182),
(280, '72.00', 867, 858, 183),
(281, '74.00', 1292, 1210, 183),
(282, '540.12', 908, 1460, 184),
(283, '159.00', 493, 762, 184),
(284, '372.00', 1190, 1068, 184),
(285, '35.35', 519, 433, 185),
(286, '375.00', 1090, 1022, 185),
(287, '780.00', 1155, 1091, 186),
(288, '520.00', 963, 898, 187),
(289, '250.00', 735, 637, 187),
(290, '171.00', 182, 193, 187),
(291, '110.00', 1299, 1223, 188),
(292, '54.30', 345, 316, 189),
(293, '36.00', 510, 417, 189),
(294, '40.75', 1358, 1341, 190),
(295, '96.00', 1346, 1249, 190),
(296, '88.48', 974, 907, 191),
(297, '126.96', 639, 588, 192),
(298, '19.50', 796, 718, 193),
(299, '44.00', 509, 415, 193),
(300, '146.40', 1457, 1306, 194),
(301, '121.00', 302, 263, 195),
(302, '322.00', 1581, 1540, 196),
(303, '129.00', 1126, 1288, 197),
(304, '51.42', 184, 195, 198),
(305, '223.02', 1255, 1463, 199),
(306, '108.00', 1231, 1167, 199),
(307, '123.60', 1131, 1589, 199),
(308, '145.30', 1458, 1307, 199),
(309, '223.02', 1255, 1463, 200),
(310, '108.00', 1231, 1167, 200),
(311, '123.60', 1131, 1589, 200),
(312, '145.30', 1458, 1307, 200),
(313, '334.00', 271, 562, 201),
(314, '66.00', 181, 1219, 201),
(315, '55.60', 517, 432, 202),
(316, '55.60', 517, 432, 203),
(317, '170.50', 305, 331, 204),
(318, '34.00', 662, 614, 205),
(319, '132.50', 664, 609, 205),
(320, '107.50', 1536, 1508, 205),
(321, '51.00', 1196, 1074, 205),
(322, '170.00', 1495, 1396, 205),
(323, '50.00', 1352, 1348, 206),
(324, '696.00', 1167, 1100, 207),
(325, '696.00', 1167, 1100, 208),
(326, '265.00', 1397, 1431, 209),
(327, '435.00', 1398, 1430, 209),
(328, '68.00', 542, 517, 209),
(329, '187.92', 871, 861, 209),
(330, '42.40', 1115, 1046, 210),
(331, '375.06', 1644, 1592, 211),
(332, '100.00', 579, 434, 212),
(333, '168.00', 779, 729, 213),
(334, '295.00', 1671, 1606, 214),
(335, '1120.00', 116, 109, 215),
(336, '161.76', 1628, 1590, 216),
(337, '66.50', 636, 586, 217),
(338, '100.00', 26, 64, 218),
(339, '990.00', 1188, 1065, 219),
(340, '404.88', 593, 440, 219),
(341, '124.50', 875, 875, 220),
(342, '107.50', 1536, 1508, 220),
(343, '103.00', 926, 947, 221),
(344, '139.00', 1407, 1425, 221),
(345, '702.00', 1540, 1513, 221),
(346, '364.00', 414, 693, 222),
(347, '138.00', 398, 373, 223),
(348, '153.00', 945, 878, 224),
(349, '79.95', 931, 945, 224),
(350, '270.06', 908, 1460, 224),
(351, '195.00', 461, 480, 224),
(352, '57.30', 1534, 1499, 225),
(353, '566.16', 1612, 1576, 226),
(354, '865.60', 656, 606, 227),
(355, '79.95', 931, 945, 227),
(356, '150.00', 808, 741, 228),
(357, '88.00', 217, 165, 228),
(358, '33.00', 773, 707, 229),
(359, '345.00', 1526, 1501, 229),
(360, '86.00', 245, 780, 230),
(361, '132.70', 578, 782, 231),
(362, '42.00', 212, 1474, 232),
(363, '36.00', 464, 477, 233),
(364, '77.00', 618, 552, 234),
(365, '66.60', 578, 1642, 235),
(366, '115.00', 240, 205, 236),
(367, '380.00', 93, 89, 237),
(368, '489.00', 485, 449, 238),
(369, '124.00', 1190, 1068, 239),
(370, '334.20', 155, 1471, 239),
(371, '672.00', 779, 729, 239),
(372, '219.80', 981, 910, 239),
(373, '175.00', 377, 288, 239),
(374, '362.00', 914, 938, 239),
(375, '46.10', 513, 784, 240),
(376, '157.92', 688, 582, 241),
(377, '129.00', 1126, 1288, 242),
(378, '204.00', 1157, 1094, 242),
(379, '380.00', 1158, 1093, 242),
(380, '79.95', 931, 945, 242),
(381, '88.00', 509, 415, 243),
(382, '63.00', 1718, 1669, 244),
(385, '69.00', 1309, 1256, 247),
(386, '315.84', 688, 582, 247),
(387, '284.90', 676, 570, 247),
(388, '200.00', 90, 88, 247),
(389, '83.04', 1484, 1400, 248),
(390, '540.00', 364, 301, 249),
(391, '35.00', 996, 918, 250),
(392, '69.00', 1309, 1256, 251),
(393, '88.00', 979, 786, 252),
(394, '24.65', 1220, 1170, 253),
(395, '10.66', 931, 945, 254),
(396, '11.60', 287, 243, 254),
(397, '0.00', 192, 238, 255),
(398, '40.00', 614, 544, 255),
(399, '133.00', 501, 407, 255),
(400, '257.00', 1724, 1717, 255),
(401, '53.57', 1313, 1260, 255),
(402, '289.60', 191, 237, 256),
(403, '87.50', 1347, 1277, 257),
(404, '150.00', 545, 516, 258),
(405, '50.00', 1297, 1217, 259),
(406, '253.00', 502, 408, 260),
(407, '50.00', 1297, 1217, 260),
(408, '90.90', 1628, 1639, 261),
(409, '60.60', 1628, 1639, 262),
(410, '80.00', 620, 549, 263),
(411, '55.00', 1705, 1679, 264),
(412, '40.00', 367, 299, 264),
(413, '167.00', 271, 562, 265),
(414, '66.00', 181, 1219, 265),
(415, '200.00', 146, 22, 265),
(416, '167.00', 271, 562, 266),
(417, '66.00', 181, 1219, 266),
(418, '200.00', 146, 22, 266),
(419, '40.00', 1311, 1257, 267),
(420, '87.50', 1347, 1277, 268),
(421, '103.00', 503, 409, 269),
(422, '49.00', 260, 1476, 270),
(423, '170.00', 1197, 1467, 271),
(424, '170.00', 1197, 1467, 272),
(425, '37.80', 497, 447, 273),
(426, '272.00', 1044, 997, 274),
(427, '60.06', 689, 1293, 274),
(428, '160.00', 61, 63, 275),
(429, '87.60', 770, 708, 276),
(430, '700.00', 1637, 1618, 276),
(431, '33.36', 517, 432, 277),
(432, '72.00', 511, 418, 278),
(433, '285.00', 719, 631, 279),
(434, '175.00', 1253, 1144, 279),
(435, '32.00', 671, 619, 280),
(436, '80.00', 269, 233, 281),
(437, '56.50', 498, 448, 282),
(438, '300.00', 40, 46, 282),
(439, '56.50', 498, 448, 283),
(440, '300.00', 40, 46, 283),
(441, '1050.00', 1824, 1731, 284),
(442, '382.50', 1826, 1732, 284),
(443, '80.00', 269, 233, 285),
(444, '11.00', 773, 707, 286),
(445, '175.00', 1743, 1689, 287),
(446, '220.00', 1758, 1703, 288),
(447, '113.50', 728, 639, 289),
(448, '308.00', 1256, 1176, 289),
(449, '86.97', 227, 1243, 290),
(450, '621.00', 956, 887, 291),
(451, '120.00', 647, 600, 291),
(452, '249.00', 330, 339, 291),
(453, '650.00', 1832, 1789, 291),
(454, '333.00', 1184, 1179, 292),
(455, '244.20', 304, 265, 292),
(456, '71.00', 1719, 1668, 292),
(457, '100.00', 544, 515, 293),
(458, '11.00', 773, 707, 293),
(459, '33.00', 773, 707, 294),
(460, '76.00', 1785, 1750, 295),
(461, '60.00', 1771, 1744, 295),
(462, '46.10', 513, 784, 296),
(463, '40.00', 614, 544, 296),
(464, '40.00', 57, 59, 297),
(465, '305.00', 1281, 1199, 298),
(466, '199.00', 1830, 1784, 299),
(467, '77.00', 618, 552, 299),
(468, '80.00', 671, 619, 300),
(469, '119.00', 386, 284, 300),
(470, '80.00', 671, 619, 301),
(471, '100.00', 544, 515, 302),
(472, '34.00', 662, 614, 303),
(473, '0.00', 778, 728, 304),
(474, '112.00', 1070, 976, 304),
(475, '780.00', 750, 654, 304),
(476, '336.00', 779, 729, 305),
(477, '336.00', 779, 729, 306),
(478, '128.00', 532, 527, 307),
(479, '667.80', 703, 770, 307),
(480, '143.92', 541, 518, 307),
(481, '35.73', 617, 783, 308),
(482, '108.00', 270, 1292, 308),
(483, '29.00', 249, 214, 308),
(484, '610.20', 1305, 1503, 309),
(485, '235.00', 1427, 1443, 309),
(486, '139.00', 1407, 1425, 309),
(487, '305.00', 1281, 1199, 309),
(488, '360.00', 1149, 1086, 309),
(489, '55.60', 517, 432, 310),
(490, '60.06', 689, 1293, 311),
(491, '330.00', 1188, 1065, 311),
(492, '3690.00', 109, 104, 312),
(493, '110.00', 1299, 1223, 313),
(494, '310.00', 767, 696, 314),
(495, '119.00', 386, 284, 314),
(496, '57.00', 1684, 1646, 315),
(497, '135.86', 1694, 1652, 315),
(498, '119.00', 699, 686, 316),
(499, '207.00', 1191, 1069, 316),
(500, '300.00', 1679, 1622, 316),
(501, '103.40', 725, 640, 316),
(502, '470.00', 1427, 1443, 317),
(503, '60.06', 689, 1293, 317),
(504, '150.00', 22, 38, 318),
(505, '107.50', 1536, 1508, 319),
(506, '79.95', 931, 945, 319),
(507, '55.60', 517, 432, 319),
(508, '48.96', 1251, 1181, 320),
(509, '44.76', 355, 312, 320),
(510, '340.80', 315, 273, 321),
(511, '77.00', 618, 552, 321),
(512, '95.00', 1604, 1536, 321),
(513, '340.80', 315, 273, 322),
(514, '77.00', 618, 552, 322),
(515, '95.00', 1604, 1536, 322),
(516, '80.00', 269, 233, 323),
(517, '22.75', 1519, 1479, 324),
(518, '433.20', 1627, 1572, 325),
(519, '88.00', 605, 1727, 325),
(520, '32.00', 1864, 1832, 326),
(521, '110.20', 473, 468, 327),
(522, '100.00', 544, 515, 327),
(523, '251.25', 1238, 1118, 327),
(524, '308.00', 1256, 1176, 327),
(525, '101.00', 1242, 1124, 327),
(526, '299.00', 746, 659, 327),
(527, '80.00', 269, 233, 327),
(528, '24.00', 1122, 1032, 327),
(529, '120.00', 64, 5, 327),
(530, '63.90', 976, 788, 328),
(531, '140.00', 1703, 1677, 329),
(532, '40.00', 252, 217, 329),
(533, '40.00', 508, 414, 329),
(534, '51.30', 925, 949, 330),
(535, '330.00', 825, 760, 331),
(536, '140.00', 829, 764, 331),
(537, '51.42', 184, 195, 332),
(538, '205.00', 325, 343, 333),
(539, '318.00', 493, 762, 334),
(540, '465.00', 478, 464, 334),
(541, '60.06', 689, 1293, 334),
(542, '600.00', 791, 768, 334),
(543, '260.12', 890, 1457, 334),
(544, '385.00', 1192, 1067, 334),
(545, '82.00', 1863, 1830, 334),
(546, '26.50', 664, 609, 335),
(547, '429.94', 705, 663, 336),
(548, '744.00', 966, 900, 337),
(549, '639.00', 740, 655, 337),
(550, '190.00', 1158, 1093, 337),
(551, '450.00', 1638, 1619, 338),
(552, '40.00', 367, 299, 339),
(553, '53.00', 664, 609, 340),
(554, '65.00', 262, 225, 341),
(555, '65.00', 60, 61, 342),
(556, '124.50', 319, 337, 343),
(557, '11.60', 287, 243, 344),
(558, '210.00', 1288, 1206, 345),
(559, '40.00', 508, 414, 345),
(560, '57.00', 261, 1478, 345),
(561, '387.00', 1126, 1288, 346),
(562, '250.00', 1414, 1416, 346),
(563, '120.12', 689, 1293, 346),
(564, '33.00', 773, 707, 346),
(565, '15.99', 931, 945, 347),
(566, '28.00', 1124, 1029, 347),
(567, '32.00', 671, 619, 348),
(568, '53.50', 654, 602, 349),
(569, '57.00', 261, 1478, 350),
(570, '80.00', 620, 549, 350),
(571, '340.76', 443, 394, 351),
(572, '214.00', 915, 939, 351),
(573, '82.84', 1733, 1701, 352),
(574, '57.00', 1767, 1739, 353),
(575, '22.50', 1735, 1700, 353),
(576, '51.30', 925, 949, 354),
(577, '34.00', 1353, 1345, 354),
(578, '80.00', 269, 233, 354),
(579, '64.80', 471, 471, 354),
(580, '44.00', 228, 182, 354),
(581, '5.40', 201, 153, 354),
(582, '11.00', 929, 950, 354),
(583, '26.65', 931, 945, 354),
(584, '60.00', 1658, 1625, 354),
(585, '36.00', 464, 477, 354),
(586, '80.00', 269, 233, 355),
(587, '1050.00', 1403, 1446, 356),
(588, '65.78', 1750, 1720, 356),
(589, '50.00', 1747, 1706, 356),
(590, '52.62', 1751, 1719, 356),
(591, '255.00', 1063, 975, 357),
(592, '79.95', 931, 945, 358),
(593, '132.00', 607, 537, 358),
(594, '90.28', 634, 584, 359),
(595, '260.00', 42, 48, 359),
(596, '360.00', 422, 365, 359),
(597, '135.00', 14, 30, 359),
(598, '62.00', 185, 1220, 360),
(599, '161.00', 778, 728, 360),
(600, '460.00', 96, 102, 361),
(601, '101.00', 1242, 1124, 362),
(602, '101.00', 1242, 1124, 363),
(603, '41.00', 1343, 1834, 364),
(604, '57.00', 1683, 1645, 364),
(605, '9.86', 1220, 1170, 365),
(606, '77.00', 618, 552, 365),
(607, '44.00', 228, 182, 365),
(608, '80.00', 620, 549, 366),
(609, '611.80', 1173, 1055, 366),
(610, '150.00', 545, 516, 366),
(611, '85.00', 356, 309, 366),
(612, '361.90', 707, 771, 367),
(613, '76.00', 1336, 1232, 368),
(614, '110.00', 615, 545, 369),
(615, '165.00', 1092, 1211, 369),
(616, '385.00', 1192, 1067, 370),
(617, '259.00', 493, 1836, 370),
(618, '60.00', 1701, 1680, 371),
(619, '44.00', 509, 415, 371),
(620, '230.00', 89, 85, 372),
(621, '259.00', 493, 1836, 373),
(622, '152.60', 1078, 991, 374),
(623, '260.00', 103, 96, 375),
(624, '315.00', 1260, 1140, 376),
(625, '23.00', 1849, 1807, 377),
(626, '22.60', 289, 242, 378),
(627, '166.60', 1254, 1145, 379),
(628, '125.04', 937, 1837, 379),
(629, '300.00', 1638, 1619, 380),
(630, '515.70', 1534, 1499, 380),
(631, '329.98', 1455, 1308, 380),
(632, '30.00', 1301, 1224, 381),
(633, '280.00', 829, 764, 382),
(634, '280.00', 829, 764, 383),
(635, '63.00', 514, 420, 384),
(636, '50.00', 1614, 1851, 384),
(637, '33.00', 773, 707, 385),
(638, '180.00', 1781, 1752, 386),
(639, '976.00', 1772, 1767, 386),
(640, '165.00', 1811, 1779, 386),
(641, '536.90', 1004, 927, 386),
(642, '33.00', 773, 707, 386),
(643, '152.00', 401, 350, 387),
(644, '60.06', 689, 1293, 387),
(645, '318.92', 701, 1849, 387),
(646, '214.00', 915, 939, 387),
(647, '103.00', 926, 947, 387),
(648, '91.00', 923, 954, 387),
(649, '230.00', 314, 1221, 388),
(650, '135.86', 1694, 1652, 389),
(651, '40.00', 828, 763, 389),
(652, '340.00', 1502, 1411, 390),
(653, '207.00', 1777, 1741, 391),
(654, '69.75', 268, 232, 392),
(655, '128.00', 1707, 1676, 393),
(656, '33.00', 773, 707, 394),
(657, '560.00', 1214, 1117, 395),
(658, '450.10', 1555, 1490, 395),
(659, '334.04', 1254, 1841, 395),
(660, '294.00', 687, 581, 396),
(661, '294.00', 687, 581, 397),
(662, '57.00', 1683, 1645, 398),
(663, '61.00', 1697, 1661, 398),
(664, '69.00', 1312, 1258, 399),
(665, '2394.00', 1543, 1734, 400),
(666, '650.00', 1625, 1580, 400),
(667, '190.00', 1158, 1093, 400),
(668, '520.00', 963, 898, 401),
(669, '106.00', 1226, 1159, 401),
(670, '520.00', 963, 898, 402),
(671, '106.00', 1226, 1159, 402),
(672, '47.50', 1930, 1858, 403),
(673, '47.50', 1930, 1858, 404),
(674, '175.00', 1187, 1064, 405),
(675, '139.00', 691, 565, 406),
(676, '150.00', 764, 766, 407),
(677, '69.00', 1312, 1258, 408),
(678, '69.00', 1309, 1256, 409),
(679, '55.60', 517, 432, 410),
(680, '223.02', 1255, 1463, 410),
(681, '30.00', 1301, 1224, 411),
(682, '318.92', 701, 1849, 412),
(683, '66.00', 181, 1219, 412),
(684, '31.86', 1255, 1463, 413),
(685, '2156.00', 276, 259, 413),
(686, '158.06', 688, 1855, 414),
(687, '51.00', 913, 937, 415),
(688, '35.00', 1860, 1825, 415),
(689, '39.75', 664, 609, 416),
(690, '170.40', 315, 273, 417),
(691, '72.00', 1310, 1259, 418),
(692, '133.00', 501, 407, 419),
(693, '4.90', 283, 249, 420),
(694, '125.04', 937, 1837, 420),
(695, '35.00', 996, 918, 420),
(696, '0.00', 1819, 1722, 421),
(697, '53.57', 1313, 1260, 422),
(698, '366.94', 396, 366, 422),
(699, '220.00', 613, 543, 422),
(700, '165.00', 1520, 1482, 422),
(701, '240.00', 88, 84, 422),
(702, '160.00', 620, 549, 422),
(703, '152.00', 401, 350, 422),
(704, '68.00', 838, 828, 422),
(705, '12.40', 494, 451, 422),
(706, '0.00', 502, 408, 422),
(707, '57.30', 1531, 1498, 422),
(708, '16.00', 671, 619, 422),
(709, '60.06', 689, 1293, 422),
(710, '85.00', 649, 598, 422),
(711, '135.00', 1763, 1736, 422),
(712, '170.00', 1421, 1372, 422),
(713, '77.00', 618, 552, 422),
(714, '100.00', 579, 434, 422),
(715, '263.00', 1239, 1119, 423),
(716, '83.00', 1933, 1854, 423),
(717, '7.90', 1140, 1839, 424),
(718, '75.00', 621, 550, 425),
(719, '40.00', 367, 299, 426),
(720, '690.00', 1526, 1501, 427),
(721, '32.00', 1864, 1832, 427),
(722, '500.00', 500, 294, 427),
(723, '134.96', 975, 908, 427),
(724, '334.04', 1180, 1466, 427),
(725, '233.10', 952, 893, 427),
(726, '230.00', 314, 1221, 428),
(727, '152.50', 1281, 1199, 429),
(728, '50.00', 523, 429, 430),
(729, '84.00', 533, 526, 431),
(730, '435.00', 1398, 1430, 431),
(731, '35.00', 1828, 1758, 432),
(732, '2.32', 495, 506, 433),
(733, '440.00', 1349, 1291, 434),
(734, '3.10', 355, 1794, 434),
(735, '112.00', 700, 685, 434),
(736, '198.00', 1636, 1617, 434),
(737, '108.00', 270, 1292, 435),
(738, '119.00', 386, 284, 436),
(739, '58.75', 1680, 1644, 437),
(740, '336.00', 779, 729, 438),
(741, '390.00', 750, 654, 438),
(742, '290.80', 1458, 1724, 439),
(743, '1040.00', 978, 785, 440),
(744, '204.00', 1157, 1094, 440),
(745, '322.00', 409, 691, 440),
(746, '334.04', 1254, 1841, 440),
(747, '102.00', 1196, 1074, 440),
(748, '110.00', 1503, 1384, 441),
(749, '170.00', 315, 1924, 442),
(750, '52.10', 1757, 1705, 443),
(751, '334.04', 1254, 1841, 444),
(752, '302.00', 322, 342, 445),
(753, '51.00', 1196, 1074, 446),
(754, '158.06', 688, 1855, 447),
(755, '129.00', 1126, 1288, 447),
(756, '175.00', 1187, 1064, 448),
(757, '106.00', 1433, 1448, 448),
(758, '220.00', 62, 6, 448),
(759, '50.00', 1935, 1861, 448),
(760, '30.00', 1301, 1224, 448),
(761, '227.00', 1222, 1153, 449),
(762, '128.00', 332, 328, 449),
(763, '105.60', 509, 415, 450),
(764, '42.00', 996, 918, 450),
(765, '105.60', 509, 415, 451),
(766, '42.00', 996, 918, 451),
(767, '40.00', 367, 299, 452),
(768, '60.06', 689, 1293, 452),
(769, '104.00', 1768, 1738, 452),
(770, '144.00', 1814, 1753, 452),
(771, '135.00', 1889, 1887, 453),
(772, '133.20', 578, 1642, 454),
(773, '81.00', 1123, 1019, 455),
(774, '88.00', 625, 1821, 455),
(775, '33.00', 773, 707, 456),
(776, '12.40', 494, 451, 457),
(777, '51.00', 1521, 1483, 457),
(778, '82.84', 1733, 1701, 458),
(779, '260.12', 890, 1457, 459),
(780, '75.00', 621, 550, 460),
(781, '52.00', 1298, 1218, 460),
(782, '16.00', 222, 170, 460),
(783, '160.00', 1170, 1235, 461),
(784, '51.42', 184, 195, 461),
(785, '112.00', 1124, 1029, 462),
(786, '26.50', 664, 609, 463),
(787, '1323.84', 274, 257, 464),
(788, '199.92', 1193, 1070, 464),
(789, '1323.84', 274, 257, 465),
(790, '199.92', 1193, 1070, 465),
(791, '126.96', 639, 588, 466),
(792, '71.30', 346, 1641, 466),
(793, '32.00', 1852, 1810, 467),
(794, '334.04', 1180, 1466, 468),
(795, '740.04', 282, 1838, 469),
(796, '161.00', 1593, 1544, 469),
(797, '51.42', 184, 195, 470),
(798, '210.00', 982, 909, 471),
(799, '200.00', 1803, 1774, 472),
(800, '144.00', 1505, 1383, 472),
(801, '52.74', 255, 219, 472),
(802, '23.00', 1849, 1807, 472),
(803, '35.00', 1766, 1737, 472),
(804, '250.00', 1307, 1254, 472),
(805, '100.00', 1943, 1878, 473),
(806, '100.00', 1943, 1878, 474),
(807, '286.00', 1083, 1018, 475),
(808, '334.04', 1254, 1841, 475),
(809, '452.06', 1179, 1465, 475),
(810, '176.96', 974, 907, 476),
(811, '32.00', 1864, 1832, 476),
(812, '50.00', 1943, 1878, 476),
(813, '1000.00', 99, 90, 476),
(814, '71.00', 1504, 1385, 476),
(815, '102.84', 184, 195, 476),
(816, '336.00', 779, 729, 476),
(817, '213.00', 325, 1925, 476),
(818, '56.00', 1124, 1029, 476),
(819, '161.00', 1593, 1544, 476),
(820, '85.00', 1854, 1811, 476),
(821, '53.57', 1313, 1260, 476),
(822, '69.00', 1309, 1256, 476),
(823, '438.30', 311, 334, 476),
(824, '932.10', 480, 1870, 476),
(825, '514.50', 1181, 1108, 476),
(826, '300.00', 1573, 1530, 476),
(827, '42.00', 344, 321, 476),
(828, '35.00', 1860, 1825, 476),
(829, '139.00', 1407, 1425, 476),
(830, '40.00', 1311, 1257, 476),
(831, '390.00', 2008, 1986, 476),
(832, '220.00', 1974, 1949, 476),
(833, '23.00', 1980, 1947, 476),
(834, '430.00', 902, 821, 476),
(835, '71.00', 1433, 1993, 477),
(836, '40.00', 828, 763, 478),
(837, '51.00', 1521, 1483, 478),
(838, '40.00', 828, 763, 479),
(839, '20.00', 1302, 1225, 480),
(840, '33.00', 773, 707, 481),
(841, '60.00', 1113, 1043, 482),
(842, '35.73', 617, 783, 483),
(843, '194.60', 1424, 1376, 484),
(844, '40.00', 508, 414, 485),
(845, '200.00', 1318, 1265, 486),
(846, '23.00', 1849, 1807, 486),
(847, '162.00', 167, 142, 487),
(848, '849.24', 1612, 1576, 488),
(849, '124.95', 540, 519, 489),
(850, '335.50', 375, 293, 490),
(851, '418.00', 1166, 1173, 491),
(852, '33.00', 773, 707, 491),
(853, '294.00', 788, 720, 491),
(854, '75.00', 34, 8, 492),
(855, '26.70', 931, 1931, 492),
(856, '53.50', 654, 602, 492),
(857, '150.00', 1679, 1622, 493),
(858, '171.00', 1517, 1473, 494),
(859, '170.00', 1197, 1467, 494),
(860, '53.57', 1313, 1260, 495),
(861, '53.57', 1313, 1260, 496),
(862, '82.80', 1145, 2019, 497),
(863, '168.00', 779, 729, 498),
(864, '147.00', 402, 356, 499),
(865, '35.00', 523, 429, 500),
(866, '35.00', 995, 916, 500),
(867, '94.00', 2010, 1989, 501),
(868, '26.50', 664, 609, 502),
(869, '100.00', 1730, 2000, 502),
(870, '176.12', 1253, 1842, 503),
(871, '119.30', 1002, 925, 504),
(872, '253.00', 502, 408, 505),
(873, '678.00', 550, 509, 506),
(874, '143.92', 541, 518, 507),
(875, '202.20', 1628, 1729, 508),
(876, '59.00', 1796, 1782, 508),
(877, '200.00', 1787, 1761, 508),
(878, '138.00', 398, 373, 509),
(879, '33.00', 773, 707, 509),
(880, '60.06', 689, 1293, 509),
(881, '138.00', 398, 373, 510),
(882, '139.00', 1407, 1425, 511),
(883, '95.00', 504, 411, 511),
(884, '445.20', 1412, 1928, 511),
(885, '453.00', 1928, 1850, 511),
(886, '50.40', 203, 155, 511),
(887, '558.00', 1516, 1470, 511),
(888, '535.50', 1261, 1468, 511),
(889, '234.92', 157, 128, 511),
(890, '1200.08', 1464, 1930, 511),
(891, '3152.40', 279, 2013, 511),
(892, '119.00', 386, 284, 511),
(893, '128.00', 1707, 1676, 512),
(894, '15.00', 2044, 2045, 513),
(895, '223.02', 1255, 1463, 514),
(896, '200.00', 452, 403, 515),
(897, '149.00', 1462, 1303, 515),
(898, '65.00', 830, 765, 515),
(899, '70.00', 1779, 1756, 516),
(900, '150.00', 499, 276, 516),
(901, '70.00', 1779, 1756, 517),
(902, '150.00', 499, 276, 517),
(903, '146.40', 1457, 1306, 518),
(904, '340.00', 315, 1924, 518),
(905, '40.00', 1353, 2052, 519),
(906, '50.00', 2037, 2028, 520),
(907, '52.00', 980, 789, 521),
(908, '107.00', 197, 147, 521),
(909, '306.04', 1173, 1936, 522),
(910, '88.00', 605, 1727, 522),
(911, '35.00', 1860, 1825, 522),
(912, '55.00', 615, 545, 522),
(913, '26.50', 664, 609, 522),
(914, '19.20', 1493, 1395, 522),
(915, '157.00', 403, 351, 522),
(916, '88.00', 509, 415, 523),
(917, '14.26', 346, 1641, 523),
(918, '169.96', 831, 767, 523),
(919, '300.00', 2030, 2026, 524),
(920, '88.00', 217, 165, 524),
(921, '150.00', 808, 741, 524),
(922, '50.00', 1991, 1968, 525),
(923, '128.00', 1707, 1676, 525),
(924, '40.00', 367, 299, 526),
(925, '21.30', 674, 623, 527),
(926, '55.60', 517, 432, 528),
(927, '49.08', 1251, 1833, 528),
(928, '185.85', 954, 894, 528),
(929, '190.00', 33, 70, 529),
(930, '250.00', 28, 66, 530),
(931, '35.35', 1344, 1245, 531),
(932, '132.00', 773, 707, 532),
(933, '250.08', 937, 1837, 533),
(934, '72.00', 1310, 1259, 533),
(935, '71.00', 1433, 1993, 533),
(936, '160.00', 7, 21, 534),
(937, '466.05', 480, 1870, 535),
(938, '219.30', 337, 567, 535),
(939, '72.00', 1310, 1259, 535),
(940, '552.00', 1966, 1940, 535),
(941, '202.80', 644, 593, 535),
(942, '326.00', 2005, 1978, 535),
(943, '88.00', 509, 415, 536),
(944, '0.00', 822, 757, 536),
(945, '98.00', 283, 249, 537),
(946, '88.00', 509, 415, 538),
(947, '35.00', 996, 918, 538),
(948, '280.00', 2157, 2175, 539),
(949, '57.30', 1531, 1498, 540),
(950, '36.00', 2047, 2042, 540),
(951, '53.57', 1313, 1260, 541),
(952, '51.00', 1521, 1483, 541),
(953, '275.00', 1974, 1949, 542),
(954, '120.00', 1980, 2086, 542),
(955, '166.40', 334, 326, 543),
(956, '41.60', 334, 326, 544),
(957, '120.00', 1308, 1276, 545),
(958, '490.00', 1427, 1927, 546),
(959, '490.00', 1427, 1927, 547),
(960, '50.00', 1297, 1217, 548),
(961, '160.00', 7, 21, 548),
(962, '36.00', 340, 318, 548),
(963, '46.10', 513, 784, 549),
(964, '235.00', 410, 1867, 549),
(965, '280.00', 1248, 1131, 549),
(966, '88.00', 509, 415, 550),
(967, '42.60', 1894, 1889, 551),
(968, '102.00', 662, 614, 552),
(969, '32.00', 1852, 1810, 552),
(970, '290.08', 2077, 2054, 553),
(971, '351.00', 479, 1283, 554),
(972, '66.00', 181, 1219, 554),
(973, '53.57', 1313, 1260, 554),
(974, '31.00', 1855, 1813, 554),
(975, '114.40', 509, 415, 554),
(976, '104.00', 1802, 1771, 555),
(977, '36.42', 180, 191, 555),
(978, '51.42', 184, 195, 556),
(979, '80.00', 286, 244, 557),
(980, '27.70', 472, 470, 558),
(981, '66.00', 181, 1219, 559),
(982, '77.00', 618, 552, 559),
(983, '72.00', 2043, 2047, 559),
(984, '69.00', 1309, 1256, 559),
(985, '80.00', 620, 549, 559),
(986, '540.00', 2065, 2072, 560),
(987, '40.75', 1358, 1341, 560),
(988, '132.00', 181, 1219, 560),
(989, '133.02', 578, 2191, 560),
(990, '41.00', 1343, 1834, 560),
(991, '304.00', 401, 350, 560),
(992, '120.12', 689, 1293, 560),
(993, '784.00', 776, 731, 560),
(994, '175.00', 1187, 1064, 560),
(995, '490.00', 1427, 1927, 560),
(996, '26.40', 509, 415, 560),
(997, '108.00', 1231, 1167, 561),
(998, '51.50', 317, 277, 562),
(999, '280.00', 603, 533, 562),
(1000, '41.99', 1726, 1687, 563),
(1001, '27.00', 1535, 1509, 563),
(1002, '176.12', 1253, 1842, 564),
(1003, '270.06', 1045, 2006, 565),
(1004, '39.00', 1030, 1997, 566),
(1005, '55.00', 1620, 1587, 567),
(1006, '108.00', 270, 1292, 567),
(1007, '57.41', 1767, 2095, 567),
(1008, '200.00', 1318, 1265, 568),
(1009, '55.00', 615, 545, 568),
(1010, '35.00', 1766, 1737, 568),
(1011, '80.00', 2297, 2202, 568),
(1012, '52.00', 1624, 1584, 569),
(1013, '127.80', 976, 788, 569),
(1014, '275.04', 548, 1279, 569),
(1015, '34.00', 1696, 1650, 569),
(1016, '51.75', 1689, 1659, 569),
(1017, '260.00', 42, 48, 570),
(1018, '238.00', 574, 437, 571),
(1019, '66.00', 181, 1219, 572),
(1020, '88.48', 974, 907, 573),
(1021, '362.04', 909, 1459, 573),
(1022, '200.00', 1199, 1075, 573),
(1023, '72.00', 2043, 2047, 574),
(1024, '25.00', 877, 792, 574),
(1025, '72.00', 2043, 2047, 575),
(1026, '25.00', 877, 792, 575),
(1027, '72.00', 510, 417, 576),
(1028, '57.41', 1767, 2095, 577),
(1029, '104.00', 1768, 1738, 577),
(1030, '165.00', 1811, 1779, 577),
(1031, '88.00', 509, 415, 578),
(1032, '57.30', 1938, 1864, 578),
(1033, '71.00', 1433, 1993, 578),
(1034, '20.00', 1302, 1225, 578),
(1035, '51.42', 184, 195, 578),
(1036, '147.00', 402, 356, 578),
(1037, '167.10', 155, 1471, 578),
(1038, '40.50', 2174, 2209, 578),
(1039, '104.00', 1640, 1621, 578),
(1040, '56.00', 667, 615, 579),
(1041, '200.00', 147, 23, 580),
(1042, '30.00', 1129, 1030, 581),
(1043, '112.00', 667, 615, 582),
(1044, '250.00', 1665, 1634, 583),
(1045, '504.00', 775, 732, 584),
(1046, '49.00', 260, 1476, 585),
(1047, '55.72', 190, 201, 585),
(1048, '160.70', 1105, 1034, 586),
(1049, '35.00', 617, 2059, 587),
(1050, '170.00', 315, 1924, 588),
(1051, '116.48', 1151, 1089, 589),
(1052, '111.51', 1255, 1463, 589),
(1053, '325.00', 1316, 1263, 589),
(1054, '57.30', 1531, 1498, 589),
(1055, '45.00', 2047, 2042, 589),
(1056, '15.00', 1990, 1971, 589),
(1057, '110.00', 1503, 1384, 590),
(1058, '200.00', 1318, 1265, 590),
(1059, '75.00', 2100, 2132, 591),
(1060, '32.00', 2200, 2228, 591),
(1061, '57.30', 1531, 1498, 591),
(1062, '102.00', 662, 614, 591),
(1063, '253.00', 502, 408, 591),
(1064, '82.84', 1733, 1701, 591),
(1065, '335.00', 1810, 1776, 592),
(1066, '48.00', 1346, 1249, 592),
(1067, '26.70', 931, 1931, 593),
(1068, '235.80', 361, 304, 593),
(1069, '112.00', 1124, 1029, 593),
(1070, '180.00', 760, 704, 593),
(1071, '250.00', 6, 20, 594),
(1072, '85.00', 2082, 2089, 594),
(1073, '286.00', 1083, 1018, 594),
(1074, '51.50', 926, 947, 595),
(1075, '62.00', 2338, 2303, 596),
(1076, '62.00', 2338, 2303, 597),
(1077, '336.00', 411, 355, 598),
(1078, '182.00', 905, 824, 599),
(1079, '315.00', 1058, 986, 600),
(1080, '98.00', 283, 249, 601),
(1081, '72.00', 2043, 2047, 601),
(1082, '319.20', 1391, 1439, 602),
(1083, '46.10', 513, 784, 602),
(1084, '21.00', 212, 1474, 603),
(1085, '30.00', 1301, 1224, 603),
(1086, '215.00', 1019, 964, 604),
(1087, '700.00', 492, 450, 605),
(1088, '330.00', 1188, 1065, 605),
(1089, '33.00', 773, 707, 605),
(1090, '435.00', 1398, 1430, 606),
(1091, '77.00', 618, 552, 607),
(1092, '70.00', 2006, 1981, 608),
(1093, '146.40', 1457, 1306, 608),
(1094, '24.00', 647, 600, 608),
(1095, '77.00', 618, 552, 608),
(1096, '60.00', 1113, 1043, 609),
(1097, '150.00', 2030, 2026, 609),
(1098, '111.23', 2152, 2098, 610),
(1099, '60.06', 689, 1293, 611),
(1100, '35.00', 995, 916, 612),
(1101, '250.08', 937, 1837, 612),
(1102, '65.00', 1939, 1865, 613),
(1103, '155.25', 2151, 2097, 613),
(1104, '154.00', 618, 552, 614),
(1105, '278.00', 691, 565, 614),
(1106, '62.00', 1294, 1214, 615),
(1107, '165.00', 1520, 1482, 615),
(1108, '49.00', 260, 1476, 615),
(1109, '97.00', 1348, 1285, 615),
(1110, '10.26', 336, 324, 615),
(1111, '140.00', 829, 764, 615),
(1112, '500.00', 105, 1791, 615),
(1113, '120.00', 1308, 1276, 616),
(1114, '51.00', 1521, 1483, 617),
(1115, '40.00', 614, 544, 617),
(1116, '170.00', 1197, 1467, 617),
(1117, '150.00', 1388, 1382, 617),
(1118, '171.50', 1181, 1108, 618),
(1119, '110.85', 578, 2191, 619),
(1120, '57.30', 1938, 1864, 620),
(1121, '700.00', 2084, 2091, 621),
(1122, '101.10', 1628, 1729, 621),
(1123, '120.00', 521, 427, 622),
(1124, '12.70', 353, 272, 623),
(1125, '225.00', 961, 890, 623),
(1126, '145.60', 1125, 1036, 624),
(1127, '90.00', 2333, 2300, 624),
(1128, '30.00', 1301, 1224, 625),
(1129, '30.00', 1301, 1224, 626),
(1130, '240.00', 88, 84, 627),
(1131, '343.00', 1181, 1108, 628),
(1132, '64.00', 532, 527, 629),
(1133, '65.00', 1939, 1865, 629),
(1134, '1760.00', 2066, 2071, 629),
(1135, '80.00', 2336, 2302, 630),
(1136, '80.00', 2336, 2302, 631),
(1137, '69.00', 1309, 1256, 632),
(1138, '120.12', 689, 1293, 632),
(1139, '31.00', 1855, 1813, 633),
(1140, '80.00', 671, 619, 634),
(1141, '72.00', 2043, 2047, 634),
(1142, '80.00', 2297, 2202, 634);

-- --------------------------------------------------------

--
-- Table structure for table `sale_price_history`
--

CREATE TABLE `sale_price_history` (
  `id` int(10) UNSIGNED NOT NULL,
  `price` decimal(10,2) NOT NULL,
  `start_timestamp` timestamp NOT NULL DEFAULT CURRENT_TIMESTAMP ON UPDATE CURRENT_TIMESTAMP,
  `end_timestamp` datetime DEFAULT NULL,
  `fk_inventory_id` int(10) UNSIGNED NOT NULL
) ENGINE=InnoDB DEFAULT CHARSET=utf8mb4 COLLATE=utf8mb4_unicode_ci;

--
-- Dumping data for table `sale_price_history`
--

INSERT INTO `sale_price_history` (`id`, `price`, `start_timestamp`, `end_timestamp`, `fk_inventory_id`) VALUES
(1, '150.00', '2018-10-29 13:29:02', NULL, 1),
(2, '300.00', '2018-10-29 14:30:17', NULL, 67),
(3, '90.00', '2018-10-29 14:30:17', NULL, 63),
(4, '170.00', '2018-10-29 14:30:18', NULL, 65),
(5, '120.00', '2018-10-29 14:30:18', NULL, 64),
(6, '220.00', '2018-10-29 14:30:18', NULL, 62),
(7, '75.00', '2018-10-29 14:30:18', NULL, 35),
(8, '75.00', '2018-10-29 14:30:18', NULL, 34),
(9, '50.00', '2018-10-29 14:30:18', NULL, 25),
(10, '325.00', '2018-10-29 14:30:18', NULL, 74),
(11, '100.00', '2018-10-29 14:30:18', NULL, 46),
(12, '90.00', '2018-10-29 14:30:18', NULL, 49),
(13, '110.00', '2018-10-29 14:30:18', NULL, 145),
(14, '220.00', '2018-10-29 14:30:18', NULL, 69),
(15, '250.00', '2018-10-29 14:30:18', NULL, 70),
(16, '250.00', '2018-10-29 14:30:18', NULL, 75),
(17, '250.00', '2018-10-29 16:19:58', NULL, 3),
(18, '350.00', '2018-10-29 16:19:58', NULL, 4),
(20, '250.00', '2018-10-29 16:19:58', NULL, 6),
(21, '160.00', '2018-10-29 16:19:58', NULL, 7),
(22, '200.00', '2018-10-29 16:19:58', NULL, 146),
(23, '200.00', '2018-10-29 16:19:58', NULL, 147),
(24, '250.00', '2018-10-29 16:19:58', NULL, 9),
(25, '400.00', '2018-10-29 16:19:58', NULL, 8),
(26, '250.00', '2018-10-29 16:19:58', NULL, 10),
(27, '400.00', '2018-10-29 16:19:58', NULL, 11),
(28, '200.00', '2018-10-29 16:19:59', NULL, 12),
(29, '230.00', '2018-10-29 16:19:59', NULL, 13),
(30, '135.00', '2018-10-29 16:19:59', NULL, 14),
(31, '205.00', '2018-10-29 16:19:59', NULL, 15),
(32, '240.00', '2018-10-29 16:19:59', NULL, 17),
(33, '200.00', '2018-10-29 16:19:59', NULL, 18),
(34, '120.00', '2018-10-29 16:19:59', NULL, 19),
(35, '180.00', '2018-10-29 16:19:59', NULL, 20),
(36, '90.00', '2018-10-29 16:19:59', NULL, 21),
(37, '65.00', '2018-10-29 16:19:59', NULL, 23),
(38, '150.00', '2018-10-29 16:19:59', NULL, 22),
(39, '230.00', '2018-10-29 16:19:59', NULL, 24),
(40, '60.00', '2018-10-29 16:19:59', NULL, 27),
(41, '150.00', '2018-10-29 16:19:59', NULL, 30),
(42, '130.00', '2018-10-29 16:19:59', NULL, 36),
(43, '140.00', '2018-10-29 16:20:00', NULL, 37),
(44, '230.00', '2018-10-29 16:20:00', NULL, 38),
(45, '360.00', '2018-10-29 16:20:00', NULL, 39),
(46, '300.00', '2018-10-29 16:20:00', NULL, 40),
(47, '400.00', '2018-10-29 16:20:00', NULL, 41),
(48, '260.00', '2018-10-29 16:20:01', NULL, 42),
(49, '380.00', '2018-10-29 16:20:01', NULL, 44),
(50, '230.00', '2018-10-29 16:20:01', NULL, 45),
(51, '350.00', '2018-10-29 16:20:01', NULL, 47),
(52, '320.00', '2018-10-29 16:20:01', NULL, 48),
(53, '99.00', '2018-10-29 16:20:01', NULL, 50),
(54, '350.00', '2018-10-29 16:20:01', NULL, 51),
(55, '220.00', '2018-10-29 16:20:01', NULL, 52),
(56, '160.00', '2018-10-29 16:20:02', NULL, 53),
(57, '75.00', '2018-10-29 16:20:02', NULL, 54),
(58, '290.00', '2018-10-29 16:20:02', NULL, 56),
(59, '40.00', '2018-10-29 16:20:02', NULL, 57),
(60, '50.00', '2018-10-29 16:20:02', NULL, 58),
(61, '65.00', '2018-10-29 16:20:02', NULL, 60),
(62, '115.00', '2018-10-29 16:20:02', NULL, 59),
(63, '160.00', '2018-10-29 16:20:03', NULL, 61),
(64, '100.00', '2018-10-29 16:20:03', NULL, 26),
(65, '600.00', '2018-10-29 16:20:03', NULL, 144),
(66, '250.00', '2018-10-29 16:20:03', NULL, 28),
(67, '220.00', '2018-10-29 16:20:03', NULL, 29),
(68, '190.00', '2018-10-29 16:20:03', NULL, 31),
(69, '190.00', '2018-10-29 16:20:03', NULL, 32),
(70, '190.00', '2018-10-29 16:20:04', NULL, 33),
(71, '600.00', '2018-10-29 17:00:16', NULL, 76),
(72, '350.00', '2018-10-29 17:00:16', NULL, 77),
(73, '350.00', '2018-10-29 17:00:17', NULL, 78),
(74, '250.00', '2018-10-29 17:00:17', NULL, 79),
(75, '190.00', '2018-10-29 17:00:17', NULL, 80),
(76, '300.00', '2018-10-29 17:00:17', NULL, 81),
(77, '250.00', '2018-10-29 17:00:17', NULL, 83),
(78, '280.00', '2018-10-29 17:00:17', NULL, 82),
(79, '250.00', '2018-10-29 17:00:17', NULL, 84),
(80, '250.00', '2018-10-29 17:00:17', NULL, 87),
(81, '270.00', '2018-10-29 17:00:17', NULL, 86),
(82, '250.00', '2018-10-29 17:00:17', NULL, 85),
(83, '380.00', '2018-10-29 17:00:17', NULL, 2),
(84, '240.00', '2018-10-29 17:22:06', NULL, 88),
(85, '230.00', '2018-10-29 17:22:06', NULL, 89),
(86, '190.00', '2018-10-29 17:22:06', NULL, 91),
(87, '190.00', '2018-10-29 17:22:07', NULL, 92),
(88, '200.00', '2018-10-29 17:22:07', NULL, 90),
(89, '380.00', '2018-10-29 17:22:07', NULL, 93),
(90, '1000.00', '2018-10-29 17:22:07', NULL, 99),
(91, '470.00', '2018-10-29 17:22:07', NULL, 97),
(92, '470.00', '2018-10-29 17:22:07', NULL, 98),
(93, '280.00', '2018-10-29 17:22:07', NULL, 100),
(94, '270.00', '2018-10-29 17:22:07', NULL, 101),
(95, '260.00', '2018-10-29 17:22:07', NULL, 102),
(96, '260.00', '2018-10-29 17:22:07', NULL, 103),
(97, '510.00', '2018-10-29 17:22:08', NULL, 107),
(98, '510.00', '2018-10-29 17:22:08', NULL, 106),
(99, '510.00', '2018-11-10 07:40:14', '2018-11-10 07:40:14', 105),
(100, '800.00', '2018-10-29 17:22:08', NULL, 126),
(101, '800.00', '2018-10-29 17:22:08', NULL, 127),
(102, '460.00', '2018-10-29 17:29:01', NULL, 96),
(103, '1845.00', '2018-10-29 17:29:01', NULL, 108),
(104, '1845.00', '2018-10-29 17:29:02', NULL, 109),
(105, '850.00', '2018-10-29 17:29:02', NULL, 112),
(106, '850.00', '2018-10-29 17:29:02', NULL, 113),
(107, '930.00', '2018-10-29 17:29:02', NULL, 114),
(108, '990.00', '2018-10-29 17:33:30', NULL, 115),
(109, '1120.00', '2018-10-29 17:33:30', NULL, 116),
(110, '910.00', '2018-11-13 05:03:04', '2018-11-13 05:03:04', 123),
(111, '910.00', '2018-10-29 17:36:22', NULL, 124),
(112, '910.00', '2018-10-29 17:36:22', NULL, 125),
(113, '1845.00', '2018-10-30 07:06:30', NULL, 118),
(114, '855.00', '2018-10-30 07:57:22', NULL, 119),
(115, '855.00', '2018-10-30 07:57:23', NULL, 120),
(116, '1845.00', '2018-10-30 07:57:23', NULL, 121),
(117, '855.00', '2018-10-30 07:57:23', NULL, 148),
(118, '850.00', '2018-10-30 07:57:23', NULL, 132),
(119, '850.00', '2018-10-30 07:57:23', NULL, 131),
(120, '1390.00', '2018-10-30 07:59:42', NULL, 117),
(121, '4.80', '2018-10-30 14:51:36', NULL, 150),
(122, '36.00', '2018-10-30 14:51:36', NULL, 151),
(123, '7.90', '2018-10-30 15:58:41', NULL, 152),
(124, '10.80', '2018-10-30 15:58:41', NULL, 153),
(125, '20.00', '2018-10-30 15:58:42', NULL, 154),
(126, '5.56', '2018-11-07 08:46:02', '2018-11-07 08:46:02', 155),
(127, '8.40', '2018-10-30 15:58:42', NULL, 156),
(128, '16.78', '2018-10-30 15:58:42', NULL, 157),
(129, '8.60', '2018-10-30 15:58:42', NULL, 158),
(130, '13.90', '2018-10-30 15:58:42', NULL, 159),
(131, '18.14', '2018-11-07 08:46:02', '2018-11-07 08:46:02', 160),
(132, '45.50', '2018-10-30 15:58:42', NULL, 161),
(133, '14.00', '2018-10-30 15:58:42', NULL, 162),
(134, '7.00', '2018-10-30 15:58:42', NULL, 163),
(135, '2.40', '2018-10-30 15:58:42', NULL, 164),
(136, '4.30', '2018-10-30 15:58:43', NULL, 165),
(137, '587.00', '2018-10-30 15:58:43', NULL, 166),
(138, '20.80', '2018-10-30 15:58:43', NULL, 170),
(139, '5.60', '2018-10-30 15:58:43', NULL, 195),
(140, '37.50', '2018-10-30 15:58:43', NULL, 171),
(141, '6.20', '2018-10-30 15:58:43', NULL, 172),
(142, '16.20', '2018-10-30 15:58:43', NULL, 167),
(143, '37.00', '2018-10-30 15:58:43', NULL, 174),
(144, '47.00', '2018-10-30 15:58:43', NULL, 175),
(145, '107.00', '2018-10-30 15:58:44', NULL, 176),
(146, '63.00', '2018-10-30 17:11:36', NULL, 196),
(147, '107.00', '2018-10-30 17:11:36', NULL, 197),
(148, '18.80', '2018-10-30 17:11:36', NULL, 209),
(149, '22.20', '2018-10-30 17:11:36', NULL, 200),
(150, '63.20', '2018-10-30 17:11:36', NULL, 199),
(151, '37.15', '2018-10-30 17:11:36', NULL, 198),
(152, '18.80', '2018-10-30 17:11:37', NULL, 207),
(153, '0.90', '2018-10-30 17:11:37', NULL, 201),
(154, '4.73', '2018-10-30 17:11:37', NULL, 202),
(155, '1.68', '2018-10-30 17:11:37', NULL, 203),
(156, '49.70', '2018-10-30 17:11:37', NULL, 204),
(157, '8.80', '2018-10-30 17:11:37', NULL, 205),
(158, '17.25', '2018-10-30 17:11:37', NULL, 206),
(159, '47.35', '2018-10-30 17:11:37', NULL, 211),
(160, '20.00', '2018-11-07 08:46:02', '2018-11-07 08:46:02', 212),
(161, '1.30', '2018-10-30 17:11:37', NULL, 213),
(162, '43.20', '2018-10-30 17:11:37', NULL, 214),
(163, '45.00', '2018-10-30 17:11:38', NULL, 215),
(164, '33.30', '2018-10-30 17:11:38', NULL, 216),
(165, '8.80', '2018-10-30 17:11:38', NULL, 217),
(166, '17.70', '2018-11-07 08:46:03', '2018-11-07 08:46:03', 218),
(167, '3.25', '2018-11-07 08:46:03', '2018-11-07 08:46:03', 219),
(168, '2.00', '2018-10-30 17:11:38', NULL, 220),
(169, '1.18', '2018-10-30 17:11:38', NULL, 221),
(170, '1.60', '2018-10-30 17:11:38', NULL, 222),
(171, '1.00', '2018-10-30 17:11:38', NULL, 223),
(172, '50.20', '2018-10-30 17:11:38', NULL, 224),
(173, '57.50', '2018-10-30 17:11:38', NULL, 226),
(174, '71.78', '2018-10-30 17:11:39', '2018-10-30 17:11:39', 225),
(175, '73.20', '2018-10-30 17:11:39', NULL, 225),
(176, '87.00', '2018-11-05 13:54:57', '2018-11-05 13:54:57', 227),
(177, '41.00', '2018-10-30 17:11:39', NULL, 230),
(178, '15.00', '2018-10-30 17:11:39', NULL, 231),
(179, '4.50', '2018-10-30 17:11:39', NULL, 232),
(180, '22.00', '2018-10-30 17:11:40', NULL, 233),
(181, '5.40', '2018-10-30 17:11:40', NULL, 229),
(182, '4.40', '2018-11-19 05:41:10', '2018-11-19 05:41:10', 228),
(183, '100.00', '2018-10-30 17:11:40', NULL, 234),
(184, '11.80', '2018-10-30 17:11:40', NULL, 235),
(185, '1.62', '2018-10-30 17:11:40', '2018-10-30 17:11:40', 236),
(186, '1.63', '2018-10-30 17:11:40', NULL, 236),
(187, '12.75', '2018-10-30 17:11:40', NULL, 237),
(188, '85.00', '2018-10-31 14:30:29', NULL, 177),
(189, '70.00', '2018-10-31 14:30:29', NULL, 178),
(190, '36.42', '2018-10-31 14:30:29', NULL, 179),
(191, '36.42', '2018-10-31 14:30:29', NULL, 180),
(192, '65.42', '2018-11-05 08:55:22', '2018-11-05 08:55:22', 181),
(193, '171.00', '2018-10-31 14:30:29', NULL, 182),
(194, '63.00', '2018-10-31 14:30:29', NULL, 183),
(195, '51.42', '2018-10-31 14:30:30', NULL, 184),
(196, '62.13', '2018-11-05 08:55:22', '2018-11-05 08:55:22', 185),
(197, '109.14', '2018-11-13 13:26:58', '2018-11-13 13:26:58', 186),
(198, '61.00', '2018-10-31 17:55:44', '2018-10-31 17:55:44', 334),
(199, '83.35', '2018-10-31 14:30:30', NULL, 187),
(200, '77.52', '2018-10-31 14:30:30', NULL, 189),
(201, '55.72', '2018-10-31 14:30:30', NULL, 190),
(202, '80.00', '2018-10-31 14:30:30', NULL, 194),
(203, '145.00', '2018-10-31 14:30:30', NULL, 238),
(204, '115.00', '2018-10-31 14:30:30', NULL, 239),
(205, '115.00', '2018-10-31 14:30:30', NULL, 240),
(206, '115.00', '2018-10-31 14:30:30', NULL, 241),
(207, '75.00', '2018-10-31 14:30:31', NULL, 243),
(208, '84.00', '2018-10-31 14:30:31', NULL, 242),
(209, '52.83', '2018-10-31 14:30:31', NULL, 244),
(210, '85.70', '2018-11-03 11:13:20', '2018-11-03 11:13:20', 245),
(211, '65.74', '2018-10-31 14:30:31', NULL, 246),
(212, '51.43', '2018-10-31 14:30:31', NULL, 247),
(213, '35.00', '2018-10-31 14:30:31', NULL, 248),
(214, '29.00', '2018-10-31 14:30:31', NULL, 249),
(215, '306.00', '2018-10-31 14:30:31', NULL, 250),
(216, '100.00', '2018-10-31 14:30:32', NULL, 251),
(217, '40.00', '2018-10-31 14:30:32', NULL, 252),
(218, '299.00', '2018-10-31 14:30:32', NULL, 254),
(219, '52.74', '2018-10-31 14:30:32', NULL, 255),
(220, '39.90', '2018-10-31 14:30:32', NULL, 256),
(221, '30.21', '2018-10-31 14:30:32', NULL, 257),
(222, '39.81', '2018-10-31 14:30:32', NULL, 258),
(223, '17.81', '2018-10-31 14:30:32', NULL, 259),
(224, '49.28', '2018-11-07 08:46:03', '2018-11-07 08:46:03', 260),
(225, '65.00', '2018-10-31 14:30:33', NULL, 262),
(226, '92.15', '2018-10-31 14:30:33', '2018-10-31 14:30:33', 263),
(227, '90.27', '2018-10-31 14:30:33', NULL, 263),
(228, '158.42', '2018-10-31 14:30:33', NULL, 264),
(229, '148.00', '2018-10-31 14:30:33', NULL, 265),
(230, '165.00', '2018-10-31 14:30:34', NULL, 266),
(231, '150.95', '2018-10-31 14:30:34', NULL, 267),
(232, '69.75', '2018-10-31 14:30:34', NULL, 268),
(233, '80.00', '2018-10-31 14:30:34', NULL, 269),
(234, '521.00', '2018-10-31 15:55:18', '2018-10-31 20:55:18', 191),
(235, '342.00', '2018-10-31 15:55:42', '2018-10-31 20:55:42', 192),
(236, '206.50', '2018-10-31 15:55:55', '2018-10-31 20:55:55', 193),
(237, '14.48', '2018-10-31 15:55:18', NULL, 191),
(238, '8.70', '2018-10-31 15:55:42', NULL, 192),
(239, '5.10', '2018-10-31 15:55:55', NULL, 193),
(240, '6.40', '2018-10-31 17:15:23', NULL, 290),
(241, '2.10', '2018-10-31 17:15:23', NULL, 291),
(242, '11.30', '2018-10-31 17:15:23', NULL, 289),
(243, '5.80', '2018-10-31 17:15:23', NULL, 287),
(244, '8.00', '2018-10-31 17:15:23', NULL, 286),
(245, '12.33', '2018-10-31 17:15:23', NULL, 295),
(246, '6.30', '2018-10-31 17:15:23', NULL, 296),
(247, '18.92', '2018-10-31 17:15:23', NULL, 298),
(248, '16.50', '2018-10-31 17:15:23', NULL, 297),
(249, '4.90', '2018-10-31 17:15:24', NULL, 283),
(250, '13.87', '2018-10-31 17:15:24', NULL, 285),
(251, '8.20', '2018-10-31 17:15:24', NULL, 284),
(252, '52.85', '2018-11-07 05:48:26', '2018-11-07 05:48:26', 282),
(253, '52.85', '2018-10-31 17:15:24', NULL, 281),
(254, '52.53', '2018-11-15 07:22:25', '2018-11-15 07:22:25', 279),
(255, '52.53', '2018-10-31 17:15:24', NULL, 280),
(256, '40.75', '2018-10-31 17:15:25', NULL, 273),
(257, '47.28', '2018-11-17 06:33:24', '2018-11-17 06:33:24', 274),
(258, '46.00', '2018-10-31 17:15:25', NULL, 275),
(259, '77.00', '2018-10-31 17:15:25', NULL, 276),
(260, '82.78', '2018-10-31 17:15:25', NULL, 277),
(261, '70.00', '2018-10-31 17:15:25', NULL, 299),
(262, '5.04', '2018-10-31 17:15:26', NULL, 300),
(263, '6.05', '2018-10-31 17:15:26', NULL, 302),
(264, '10.97', '2018-10-31 17:15:26', NULL, 303),
(265, '12.21', '2018-11-14 05:58:30', '2018-11-14 05:58:30', 304),
(266, '40.00', '2018-10-31 17:15:26', NULL, 306),
(267, '20.28', '2018-10-31 17:15:27', NULL, 307),
(268, '13.92', '2018-10-31 17:15:27', NULL, 308),
(269, '18.57', '2018-10-31 17:15:27', NULL, 309),
(270, '3.60', '2018-10-31 17:15:27', NULL, 288),
(271, '35.00', '2018-11-03 07:05:25', '2018-11-03 07:05:25', 301),
(272, '1.27', '2018-10-31 17:15:27', NULL, 353),
(273, '17.04', '2018-11-13 13:26:58', '2018-11-13 13:26:58', 315),
(274, '11.22', '2018-10-31 17:15:27', '2018-10-31 17:15:27', 314),
(275, '11.55', '2018-11-05 08:55:22', '2018-11-05 08:55:22', 314),
(276, '5.00', '2018-10-31 17:15:27', NULL, 499),
(277, '10.30', '2018-10-31 17:15:28', NULL, 317),
(278, '10.30', '2018-10-31 17:29:31', NULL, 388),
(279, '12.33', '2018-10-31 17:29:31', NULL, 387),
(280, '27.50', '2018-10-31 17:29:32', NULL, 389),
(281, '58.00', '2018-10-31 17:29:32', NULL, 384),
(282, '207.00', '2018-10-31 17:29:32', NULL, 379),
(283, '75.00', '2018-10-31 17:29:32', NULL, 382),
(284, '119.00', '2018-10-31 17:29:32', NULL, 386),
(285, '101.00', '2018-11-06 06:35:42', '2018-11-06 06:35:42', 383),
(286, '89.00', '2018-10-31 17:29:32', NULL, 381),
(287, '159.00', '2018-10-31 17:29:32', NULL, 385),
(288, '175.00', '2018-10-31 17:29:32', NULL, 377),
(289, '96.00', '2018-10-31 17:29:32', NULL, 380),
(290, '20.20', '2018-10-31 17:29:32', NULL, 371),
(291, '40.85', '2018-10-31 17:29:33', NULL, 373),
(292, '15.28', '2018-10-31 17:29:33', NULL, 372),
(293, '67.10', '2018-10-31 17:37:13', NULL, 375),
(294, '100.00', '2018-10-31 17:37:13', NULL, 500),
(295, '34.60', '2018-10-31 17:37:13', NULL, 338),
(296, '37.10', '2018-10-31 17:37:13', NULL, 374),
(297, '8.78', '2018-10-31 17:37:13', NULL, 368),
(298, '14.60', '2018-10-31 17:37:13', NULL, 369),
(299, '4.00', '2018-10-31 17:37:13', NULL, 367),
(300, '43.50', '2018-10-31 17:37:13', NULL, 365),
(301, '27.00', '2018-10-31 17:37:13', NULL, 364),
(302, '4.85', '2018-10-31 17:37:13', NULL, 362),
(303, '9.75', '2018-10-31 17:37:13', NULL, 363),
(304, '7.86', '2018-10-31 17:37:13', NULL, 361),
(305, '16.96', '2018-10-31 17:37:14', NULL, 359),
(306, '15.76', '2018-10-31 17:37:14', NULL, 360),
(307, '9.73', '2018-11-03 07:05:25', '2018-11-03 07:05:25', 358),
(308, '3.06', '2018-10-31 17:47:05', NULL, 357),
(309, '1.70', '2018-10-31 17:47:05', NULL, 356),
(310, '2.88', '2018-10-31 17:47:05', NULL, 350),
(311, '1.52', '2018-10-31 17:47:05', NULL, 349),
(312, '3.73', '2018-11-10 12:45:58', '2018-11-10 17:45:58', 355),
(313, '4.65', '2018-10-31 17:47:05', NULL, 354),
(314, '11.40', '2018-10-31 17:47:06', NULL, 348),
(315, '6.35', '2018-10-31 17:47:06', NULL, 347),
(316, '5.43', '2018-10-31 17:47:06', NULL, 345),
(317, '8.40', '2018-10-31 17:47:06', NULL, 351),
(318, '36.00', '2018-10-31 17:47:06', NULL, 340),
(319, '51.00', '2018-10-31 17:55:43', NULL, 342),
(320, '31.00', '2018-10-31 17:55:43', NULL, 339),
(321, '1.40', '2018-10-31 17:55:43', NULL, 344),
(322, '3.30', '2018-10-31 17:55:44', NULL, 343),
(323, '21.90', '2018-11-02 06:22:40', '2018-11-02 06:22:40', 337),
(324, '5.13', '2018-10-31 17:55:44', NULL, 336),
(325, '2.60', '2018-10-31 17:55:44', NULL, 335),
(326, '41.60', '2018-10-31 17:55:44', NULL, 334),
(327, '37.60', '2018-10-31 17:55:44', NULL, 333),
(328, '128.00', '2018-10-31 17:55:44', NULL, 332),
(329, '97.00', '2018-10-31 17:55:44', NULL, 331),
(330, '14.05', '2018-11-08 06:13:30', '2018-11-08 06:13:30', 316),
(331, '17.05', '2018-10-31 18:06:49', NULL, 305),
(332, '6.46', '2018-10-31 18:06:49', NULL, 318),
(333, '8.53', '2018-10-31 18:06:49', '2018-10-31 18:06:49', 319),
(334, '14.61', '2018-10-31 18:06:49', NULL, 311),
(335, '2.68', '2018-10-31 18:06:49', NULL, 312),
(336, '6.38', '2018-10-31 18:06:49', NULL, 310),
(337, '8.30', '2018-10-31 18:06:49', NULL, 319),
(338, '8.30', '2018-10-31 18:06:50', NULL, 320),
(339, '8.30', '2018-11-15 07:22:25', '2018-11-15 07:22:25', 330),
(340, '23.30', '2018-10-31 18:06:50', NULL, 323),
(341, '25.90', '2018-10-31 18:06:50', NULL, 321),
(342, '30.20', '2018-11-15 07:22:25', '2018-11-15 07:22:25', 322),
(343, '20.50', '2018-11-13 13:26:58', '2018-11-13 13:26:58', 325),
(344, '24.70', '2018-10-31 18:06:50', NULL, 324),
(345, '475.00', '2018-10-31 18:06:50', NULL, 326),
(346, '159.00', '2018-10-31 18:06:50', NULL, 329),
(347, '532.00', '2018-10-31 18:06:50', '2018-10-31 18:06:50', 328),
(348, '542.00', '2018-10-31 18:06:50', NULL, 328),
(349, '40.00', '2018-11-01 09:46:17', NULL, 400),
(350, '15.20', '2018-11-01 09:46:17', NULL, 401),
(351, '15.70', '2018-11-17 06:33:24', '2018-11-17 06:33:24', 403),
(352, '24.50', '2018-11-01 09:46:17', NULL, 405),
(353, '18.00', '2018-11-01 09:46:18', NULL, 406),
(354, '37.00', '2018-11-01 09:46:18', NULL, 404),
(355, '24.00', '2018-11-01 09:46:18', NULL, 411),
(356, '14.70', '2018-11-01 10:42:04', NULL, 402),
(357, '12.57', '2018-11-01 10:42:04', NULL, 580),
(358, '18.00', '2018-11-01 10:42:04', NULL, 581),
(359, '110.00', '2018-11-01 10:42:04', NULL, 417),
(360, '22.00', '2018-11-01 10:42:04', NULL, 407),
(361, '17.80', '2018-11-01 10:42:04', NULL, 418),
(362, '22.10', '2018-11-01 10:42:04', NULL, 419),
(363, '13.00', '2018-11-01 10:42:04', NULL, 420),
(364, '30.75', '2018-11-01 10:42:04', NULL, 421),
(365, '18.00', '2018-11-01 10:42:05', NULL, 422),
(366, '26.21', '2018-11-15 05:10:45', '2018-11-15 05:10:45', 396),
(367, '25.74', '2018-11-01 10:42:05', NULL, 394),
(368, '28.00', '2018-11-01 10:42:05', NULL, 397),
(369, '30.00', '2018-11-13 05:03:03', '2018-11-13 05:03:03', 390),
(370, '10.00', '2018-11-01 10:42:05', NULL, 393),
(371, '36.50', '2018-11-01 10:42:05', NULL, 391),
(372, '24.10', '2018-11-01 10:42:05', NULL, 392),
(373, '13.80', '2018-11-01 10:42:05', NULL, 398),
(374, '23.00', '2018-11-01 10:42:05', NULL, 399),
(375, '6.50', '2018-11-01 12:00:51', NULL, 423),
(376, '6.50', '2018-11-01 12:00:51', NULL, 424),
(377, '6.60', '2018-11-01 12:00:51', NULL, 425),
(378, '21.40', '2018-11-01 12:00:51', NULL, 427),
(379, '21.00', '2018-11-01 12:00:51', NULL, 428),
(380, '16.70', '2018-11-01 12:00:51', NULL, 429),
(381, '14.50', '2018-11-01 12:00:51', NULL, 430),
(382, '50.00', '2018-11-01 12:00:51', NULL, 431),
(383, '40.00', '2018-11-01 12:00:51', NULL, 432),
(384, '30.00', '2018-11-01 12:00:51', NULL, 433),
(385, '15.70', '2018-11-01 12:00:51', NULL, 434),
(386, '10.10', '2018-11-01 12:00:51', NULL, 435),
(387, '14.20', '2018-11-01 12:00:52', NULL, 441),
(388, '19.10', '2018-11-01 12:00:52', NULL, 442),
(389, '11.00', '2018-11-01 12:00:52', NULL, 440),
(390, '16.20', '2018-11-01 12:00:52', NULL, 437),
(391, '16.20', '2018-11-01 12:09:49', NULL, 438),
(392, '21.40', '2018-11-01 12:09:49', NULL, 439),
(393, '11.25', '2018-11-01 12:09:49', '2018-11-01 12:09:49', 443),
(394, '12.17', '2018-11-01 12:09:49', NULL, 443),
(395, '7.39', '2018-11-01 12:09:49', NULL, 444),
(396, '15.89', '2018-11-01 12:09:49', NULL, 445),
(397, '11.40', '2018-11-01 12:09:49', NULL, 446),
(398, '17.00', '2018-11-01 12:09:49', NULL, 447),
(399, '28.70', '2018-11-01 12:09:49', NULL, 451),
(400, '5.75', '2018-11-01 12:09:50', NULL, 448),
(401, '2.05', '2018-11-01 12:09:50', NULL, 449),
(402, '442.75', '2018-11-01 12:09:50', NULL, 450),
(403, '200.00', '2018-11-01 12:09:50', NULL, 452),
(404, '9.33', '2018-11-15 05:10:45', '2018-11-15 05:10:45', 453),
(405, '15.00', '2018-11-01 12:09:50', NULL, 454),
(406, '540.00', '2018-11-01 12:09:50', NULL, 455),
(407, '133.00', '2018-11-01 12:44:02', NULL, 501),
(408, '253.00', '2018-11-01 12:44:03', NULL, 502),
(409, '103.00', '2018-11-01 12:44:03', NULL, 503),
(410, '182.00', '2018-11-01 12:44:03', NULL, 505),
(411, '95.00', '2018-11-01 12:44:03', NULL, 504),
(412, '2.90', '2018-11-01 12:44:03', NULL, 506),
(413, '66.00', '2018-11-01 12:44:03', NULL, 507),
(414, '40.00', '2018-11-01 12:44:03', NULL, 508),
(415, '8.80', '2018-11-01 12:44:03', NULL, 509),
(416, '6.00', '2018-11-01 12:44:03', NULL, 512),
(417, '3.60', '2018-11-01 12:44:03', NULL, 510),
(418, '3.60', '2018-11-01 12:44:04', NULL, 511),
(419, '4.60', '2018-11-03 11:13:21', '2018-11-03 11:13:21', 513),
(420, '6.30', '2018-11-01 12:44:04', NULL, 514),
(421, '2.67', '2018-11-01 12:44:04', NULL, 515),
(422, '145.00', '2018-11-01 12:44:04', NULL, 520),
(423, '860.00', '2018-11-01 12:44:04', NULL, 526),
(424, '6.60', '2018-11-05 11:36:10', '2018-11-05 16:36:10', 516),
(425, '25.00', '2018-11-01 12:44:04', NULL, 527),
(426, '5.00', '2018-11-01 12:44:04', NULL, 525),
(427, '6.00', '2018-11-01 12:44:04', NULL, 521),
(428, '6.40', '2018-11-01 12:44:04', NULL, 524),
(429, '5.00', '2018-11-01 12:44:04', NULL, 523),
(430, '3.10', '2018-11-01 12:44:04', NULL, 522),
(431, '3.57', '2018-11-01 12:44:04', NULL, 518),
(432, '5.56', '2018-11-01 12:44:05', NULL, 517),
(433, '7.07', '2018-11-01 12:44:05', NULL, 519),
(434, '100.00', '2018-11-01 12:44:05', NULL, 579),
(435, '22.00', '2018-11-03 11:13:21', '2018-11-03 11:13:21', 578),
(436, '31.00', '2018-11-03 11:13:21', '2018-11-03 11:13:21', 577),
(437, '17.00', '2018-11-01 12:44:05', NULL, 574),
(438, '16.00', '2018-11-01 12:44:05', NULL, 575),
(439, '12.00', '2018-11-01 12:44:05', NULL, 576),
(440, '14.46', '2018-11-01 12:44:05', NULL, 593),
(441, '15.00', '2018-11-01 12:44:05', NULL, 597),
(442, '19.64', '2018-11-07 09:16:07', '2018-11-07 09:16:07', 595),
(443, '21.40', '2018-11-01 12:44:06', NULL, 596),
(444, '6.40', '2018-11-01 12:44:06', NULL, 592),
(445, '40.00', '2018-11-01 13:10:35', NULL, 496),
(446, '1.72', '2018-11-01 15:36:33', '2018-11-01 20:36:33', 495),
(447, '1.89', '2018-11-01 13:10:36', NULL, 497),
(448, '1.13', '2018-11-01 13:10:36', NULL, 498),
(449, '48.90', '2018-11-01 13:10:36', NULL, 485),
(450, '25.00', '2018-11-01 13:10:36', NULL, 492),
(451, '1.24', '2018-11-01 13:10:36', NULL, 494),
(452, '33.80', '2018-11-01 13:10:36', '2018-11-01 13:10:36', 487),
(453, '37.90', '2018-11-01 13:10:36', NULL, 487),
(454, '58.32', '2018-11-01 13:10:36', NULL, 490),
(455, '56.80', '2018-11-01 13:10:36', NULL, 491),
(456, '52.10', '2018-11-01 13:10:36', NULL, 488),
(457, '1.60', '2018-11-01 13:10:37', '2018-11-01 13:10:37', 483),
(458, '1.66', '2018-11-01 13:10:37', NULL, 483),
(459, '2.00', '2018-11-01 13:10:37', NULL, 484),
(460, '18.00', '2018-11-06 06:10:20', '2018-11-06 06:10:20', 482),
(461, '31.00', '2018-11-13 05:03:04', '2018-11-13 05:03:04', 480),
(462, '7.83', '2018-11-06 06:10:20', '2018-11-06 06:10:20', 477),
(463, '23.33', '2018-11-06 06:10:20', '2018-11-06 06:10:20', 479),
(464, '15.50', '2018-11-13 05:03:03', '2018-11-13 05:03:03', 478),
(465, '18.50', '2018-11-01 13:10:38', NULL, 475),
(466, '15.90', '2018-11-01 13:10:38', '2018-11-01 13:10:38', 476),
(467, '14.40', '2018-11-01 13:10:38', NULL, 476),
(468, '3.80', '2018-11-01 13:40:28', NULL, 473),
(469, '29.40', '2018-11-01 13:40:28', NULL, 474),
(470, '13.85', '2018-11-01 13:40:29', NULL, 472),
(471, '7.20', '2018-11-01 13:40:29', NULL, 471),
(472, '21.40', '2018-11-01 13:40:29', NULL, 469),
(473, '39.30', '2018-11-01 13:40:29', NULL, 468),
(474, '1.68', '2018-11-01 13:40:29', NULL, 470),
(475, '17.70', '2018-11-01 13:47:34', NULL, 467),
(476, '27.10', '2018-11-01 13:47:34', NULL, 465),
(477, '36.00', '2018-11-01 13:47:34', NULL, 464),
(478, '130.00', '2018-11-01 13:47:34', NULL, 463),
(479, '180.57', '2018-11-01 13:47:34', NULL, 462),
(480, '195.00', '2018-11-01 13:47:34', NULL, 461),
(481, '10.00', '2018-11-01 13:47:34', NULL, 460),
(482, '7.75', '2018-11-01 13:47:34', NULL, 459),
(483, '10.70', '2018-11-01 13:47:34', NULL, 457),
(484, '13.00', '2018-11-01 13:47:34', NULL, 458),
(485, '551.72', '2018-11-01 13:47:34', NULL, 456),
(486, '22.00', '2018-11-01 15:31:48', '2018-11-01 15:31:48', 561),
(487, '9.16', '2018-11-01 15:31:47', NULL, 562),
(488, '3.12', '2018-11-01 15:31:47', NULL, 558),
(489, '18.07', '2018-11-01 15:31:47', NULL, 556),
(490, '13.57', '2018-11-01 15:31:47', NULL, 557),
(491, '9.14', '2018-11-01 15:31:47', NULL, 554),
(492, '14.64', '2018-11-01 15:31:47', NULL, 555),
(493, '15.35', '2018-11-01 15:31:48', NULL, 551),
(494, '5.90', '2018-11-01 15:31:48', NULL, 553),
(495, '8.00', '2018-11-01 15:31:48', NULL, 569),
(496, '11.00', '2018-11-01 15:31:48', NULL, 570),
(497, '3.83', '2018-11-01 15:31:48', NULL, 598),
(498, '13.00', '2018-11-01 15:31:48', NULL, 567),
(499, '10.20', '2018-11-01 15:31:48', NULL, 568),
(500, '19.64', '2018-11-01 15:31:48', NULL, 563),
(501, '16.25', '2018-11-01 15:31:48', NULL, 565),
(502, '9.36', '2018-11-01 15:31:48', NULL, 564),
(503, '19.00', '2018-11-01 15:31:48', NULL, 559),
(504, '14.00', '2018-11-01 15:31:48', NULL, 560),
(505, '18.00', '2018-11-01 15:31:48', NULL, 561),
(506, '0.58', '2018-11-01 15:36:33', NULL, 495),
(507, '29.60', '2018-11-01 15:38:12', NULL, 599),
(508, '10.50', '2018-11-01 15:50:04', NULL, 552),
(509, '33.90', '2018-11-17 10:28:39', '2018-11-17 10:28:39', 550),
(510, '33.30', '2018-11-01 15:50:04', NULL, 549),
(511, '45.80', '2018-11-06 05:29:37', '2018-11-06 10:29:37', 548),
(512, '4.90', '2018-11-01 15:50:04', NULL, 546),
(513, '6.83', '2018-11-01 15:50:05', NULL, 547),
(514, '5.50', '2018-11-01 15:50:05', NULL, 543),
(515, '10.00', '2018-11-01 15:50:05', NULL, 544),
(516, '15.00', '2018-11-01 15:50:05', NULL, 545),
(517, '6.80', '2018-11-17 10:28:39', '2018-11-17 10:28:39', 542),
(518, '10.28', '2018-11-17 10:28:40', '2018-11-17 10:28:40', 541),
(519, '17.85', '2018-11-17 10:28:40', '2018-11-17 10:28:40', 540),
(520, '10.00', '2018-11-01 15:50:05', NULL, 539),
(521, '5.50', '2018-11-01 15:50:05', NULL, 537),
(522, '8.06', '2018-11-01 15:50:05', NULL, 536),
(523, '12.00', '2018-11-01 15:50:05', NULL, 538),
(524, '5.00', '2018-11-01 15:50:05', NULL, 535),
(525, '9.00', '2018-11-01 15:50:06', NULL, 534),
(526, '4.20', '2018-11-01 15:50:06', NULL, 533),
(527, '3.20', '2018-11-01 15:50:06', NULL, 532),
(528, '30.00', '2018-11-01 15:51:23', NULL, 530),
(529, '11.50', '2018-11-01 15:51:23', NULL, 531),
(530, '19.00', '2018-11-01 15:51:23', NULL, 529),
(531, '54.00', '2018-11-01 17:24:02', NULL, 601),
(532, '250.00', '2018-11-01 17:24:02', NULL, 602),
(533, '280.00', '2018-11-01 17:24:02', NULL, 603),
(534, '88.00', '2018-11-01 17:24:02', NULL, 604),
(535, '31.89', '2018-11-01 17:24:02', NULL, 606),
(536, '122.00', '2018-11-01 17:24:02', '2018-11-01 17:24:02', 607),
(537, '132.00', '2018-11-01 17:24:02', NULL, 607),
(538, '45.00', '2018-11-01 17:24:02', NULL, 608),
(539, '54.00', '2018-11-01 17:24:02', NULL, 609),
(540, '120.00', '2018-11-01 17:24:02', NULL, 610),
(541, '40.00', '2018-11-01 17:24:02', NULL, 611),
(542, '169.00', '2018-11-01 17:24:03', NULL, 612),
(543, '220.00', '2018-11-01 17:24:03', NULL, 613),
(544, '40.00', '2018-11-01 17:24:03', NULL, 614),
(545, '55.00', '2018-11-01 17:24:03', NULL, 615),
(546, '36.00', '2018-11-03 11:13:21', '2018-11-03 11:13:21', 617),
(547, '55.00', '2018-11-01 17:24:03', NULL, 616),
(548, '127.00', '2018-11-01 17:24:03', NULL, 619),
(549, '80.00', '2018-11-01 17:24:03', NULL, 620),
(550, '75.00', '2018-11-01 17:24:03', NULL, 621),
(551, '37.00', '2018-11-01 17:24:03', NULL, 622),
(552, '77.00', '2018-11-01 17:24:03', NULL, 618),
(553, '82.00', '2018-11-01 17:24:03', NULL, 623),
(554, '35.00', '2018-11-01 17:24:03', NULL, 626),
(555, '36.00', '2018-11-01 17:27:35', NULL, 627),
(556, '51.00', '2018-11-01 17:27:35', NULL, 628),
(557, '65.00', '2018-11-01 17:27:35', NULL, 629),
(558, '80.00', '2018-11-01 17:27:35', NULL, 630),
(559, '93.00', '2018-11-01 17:27:35', NULL, 631),
(560, '60.00', '2018-11-01 17:27:36', NULL, 632),
(561, '67.00', '2018-11-01 17:27:36', NULL, 633),
(562, '167.00', '2018-11-01 17:27:36', NULL, 271),
(563, '170.00', '2018-11-01 17:27:36', NULL, 272),
(564, '168.00', '2018-11-06 10:39:39', '2018-11-06 15:39:39', 270),
(565, '139.00', '2018-11-02 06:22:40', NULL, 691),
(566, '21.86', '2018-11-02 06:22:40', NULL, 366),
(567, '21.93', '2018-11-02 06:22:40', NULL, 337),
(568, '68.53', '2018-11-02 06:22:40', NULL, 690),
(569, '64.78', '2018-11-02 06:22:40', NULL, 692),
(570, '20.35', '2018-11-17 10:28:39', '2018-11-17 10:28:39', 676),
(571, '5.33', '2018-11-02 08:43:55', NULL, 677),
(572, '8.16', '2018-11-02 08:43:55', NULL, 678),
(573, '70.00', '2018-11-03 10:51:19', '2018-11-03 15:51:19', 683),
(574, '9.25', '2018-11-02 08:43:55', NULL, 686),
(575, '9.25', '2018-11-02 08:43:55', NULL, 685),
(576, '17.60', '2018-11-02 08:43:55', NULL, 682),
(577, '12.20', '2018-11-02 08:43:55', NULL, 681),
(578, '22.80', '2018-11-02 08:43:55', NULL, 684),
(579, '11.15', '2018-11-02 08:43:55', NULL, 680),
(580, '5.00', '2018-11-02 08:43:55', NULL, 679),
(581, '21.00', '2018-11-12 12:33:57', '2018-11-12 12:33:57', 687),
(582, '11.28', '2018-11-12 12:33:57', '2018-11-12 12:33:57', 688),
(583, '4.28', '2018-11-06 11:29:51', '2018-11-06 16:29:51', 689),
(584, '90.28', '2018-11-02 09:02:26', NULL, 634),
(585, '0.66', '2018-11-02 09:02:26', NULL, 635),
(586, '1.33', '2018-11-02 09:02:26', NULL, 636),
(587, '13.80', '2018-11-02 09:02:26', NULL, 641),
(588, '21.16', '2018-11-17 10:28:39', '2018-11-17 10:28:39', 639),
(589, '27.30', '2018-11-02 09:02:27', NULL, 640),
(590, '10.80', '2018-11-02 09:02:27', NULL, 637),
(591, '5.70', '2018-11-02 09:02:27', NULL, 642),
(592, '15.70', '2018-11-02 09:02:27', NULL, 643),
(593, '33.80', '2018-11-02 09:02:27', NULL, 644),
(594, '13.00', '2018-11-02 09:02:27', NULL, 646),
(595, '25.00', '2018-11-02 09:02:27', NULL, 645),
(596, '9.40', '2018-11-02 09:02:27', NULL, 648),
(597, '46.60', '2018-11-02 09:02:28', '2018-11-02 09:02:28', 650),
(598, '4.25', '2018-11-02 09:02:27', NULL, 649),
(599, '11.50', '2018-11-02 09:02:27', NULL, 651),
(600, '4.00', '2018-11-02 09:02:28', NULL, 647),
(601, '2.30', '2018-11-02 09:02:28', NULL, 653),
(602, '5.35', '2018-11-02 09:02:28', NULL, 654),
(603, '2.52', '2018-11-07 09:16:07', '2018-11-07 09:16:07', 655),
(604, '4.72', '2018-11-02 09:02:28', NULL, 658),
(605, '19.40', '2018-11-02 09:02:28', NULL, 657),
(606, '10.82', '2018-11-02 09:02:28', NULL, 656),
(607, '46.40', '2018-11-02 09:02:28', NULL, 650),
(608, '16.40', '2018-11-02 09:13:48', NULL, 659),
(609, '13.25', '2018-11-02 09:13:48', NULL, 664),
(610, '2.77', '2018-11-02 09:13:48', NULL, 663),
(611, '12.90', '2018-11-02 09:13:48', NULL, 665),
(612, '18.50', '2018-11-02 09:13:48', NULL, 661),
(613, '13.57', '2018-11-02 09:13:48', NULL, 660),
(614, '3.40', '2018-11-02 09:13:48', NULL, 662),
(615, '5.60', '2018-11-02 09:13:48', NULL, 667),
(616, '3.03', '2018-11-02 09:13:48', NULL, 668),
(617, '1.43', '2018-11-02 09:13:49', NULL, 669),
(618, '2.56', '2018-11-12 12:33:58', '2018-11-12 12:33:58', 670),
(619, '1.60', '2018-11-02 09:13:49', NULL, 671),
(620, '0.92', '2018-11-02 09:13:49', NULL, 672),
(621, '2.52', '2018-11-02 09:13:49', NULL, 673),
(622, '6.80', '2018-11-02 09:13:49', NULL, 675),
(623, '2.13', '2018-11-02 09:13:49', NULL, 674),
(624, '23.57', '2018-11-02 09:15:28', NULL, 693),
(625, '116.66', '2018-11-02 09:37:49', NULL, 694),
(626, '8.50', '2018-11-02 13:56:39', NULL, 715),
(627, '5.00', '2018-11-02 13:56:39', NULL, 716),
(628, '1.13', '2018-11-02 13:56:39', NULL, 717),
(629, '5.60', '2018-11-02 13:56:39', '2018-11-02 13:56:39', 718),
(630, '5.70', '2018-11-02 13:56:39', NULL, 718),
(631, '9.50', '2018-11-02 13:56:39', NULL, 719),
(632, '9.20', '2018-11-02 13:56:39', NULL, 720),
(633, '1.47', '2018-11-02 13:56:40', NULL, 734),
(634, '13.20', '2018-11-02 13:56:40', NULL, 737),
(635, '13.33', '2018-11-02 13:56:40', NULL, 723),
(636, '4.44', '2018-11-02 13:56:40', NULL, 730),
(637, '25.00', '2018-11-02 13:56:40', NULL, 735),
(638, '21.25', '2018-11-02 13:56:40', NULL, 729),
(639, '11.35', '2018-11-12 06:23:09', '2018-11-12 06:23:09', 728),
(640, '5.17', '2018-11-02 13:56:40', NULL, 725),
(641, '2.50', '2018-11-02 13:56:40', NULL, 724),
(642, '11.15', '2018-11-02 13:56:40', NULL, 727),
(643, '8.11', '2018-11-02 13:56:40', NULL, 726),
(644, '6.30', '2018-11-02 13:56:41', NULL, 721),
(645, '698.00', '2018-11-02 13:56:41', NULL, 736),
(646, '7.24', '2018-11-02 13:56:41', NULL, 731),
(647, '5.59', '2018-11-02 13:56:41', NULL, 733),
(648, '2.70', '2018-11-02 13:56:41', NULL, 741),
(649, '3.21', '2018-11-12 06:23:09', '2018-11-12 06:23:09', 751),
(650, '530.65', '2018-11-02 13:56:41', NULL, 745),
(651, '18.53', '2018-11-02 13:56:41', NULL, 742),
(652, '18.92', '2018-11-02 13:56:41', NULL, 743),
(653, '29.00', '2018-11-02 13:56:41', NULL, 738),
(654, '39.00', '2018-11-02 13:56:41', NULL, 750),
(655, '21.30', '2018-11-02 13:56:41', NULL, 740),
(656, '32.00', '2018-11-02 13:56:42', NULL, 739),
(657, '32.50', '2018-11-02 13:56:42', '2018-11-02 13:56:42', 747),
(658, '35.00', '2018-11-02 13:56:42', NULL, 747),
(659, '29.90', '2018-11-02 13:56:42', NULL, 746),
(660, '30.00', '2018-11-02 13:56:42', NULL, 748),
(661, '65.80', '2018-11-02 13:56:42', NULL, 749),
(662, '29.64', '2018-11-02 13:56:42', NULL, 744),
(663, '30.71', '2018-11-02 13:56:42', NULL, 705),
(664, '18.90', '2018-11-02 13:56:43', '2018-11-02 13:56:43', 706),
(665, '18.00', '2018-11-02 13:56:43', NULL, 706),
(666, '25.00', '2018-11-03 06:53:32', '2018-11-03 06:53:32', 707),
(667, '11.80', '2018-11-02 13:56:43', NULL, 714),
(668, '22.10', '2018-11-02 13:56:43', NULL, 710),
(669, '15.00', '2018-11-02 13:56:43', NULL, 711),
(670, '24.00', '2018-11-02 13:56:43', NULL, 709),
(671, '23.80', '2018-11-03 06:53:32', '2018-11-03 06:53:32', 703),
(672, '24.50', '2018-11-02 13:56:43', NULL, 704),
(673, '21.50', '2018-11-02 13:56:44', NULL, 708),
(674, '14.75', '2018-11-02 13:56:44', NULL, 713),
(675, '16.00', '2018-11-02 13:56:44', NULL, 712),
(676, '22.70', '2018-11-12 06:23:09', '2018-11-12 06:23:09', 701),
(677, '38.28', '2018-11-02 13:56:44', NULL, 702),
(678, '19.50', '2018-11-02 13:56:44', NULL, 755),
(679, '13.92', '2018-11-02 13:56:44', NULL, 754),
(680, '23.57', '2018-11-02 13:56:44', NULL, 756),
(681, '5.00', '2018-11-02 13:56:44', NULL, 753),
(682, '8.50', '2018-11-02 13:56:44', NULL, 752),
(683, '12.57', '2018-11-02 13:56:44', NULL, 758),
(684, '21.00', '2018-11-02 13:56:44', NULL, 759),
(685, '8.00', '2018-11-16 12:51:38', '2018-11-16 12:51:38', 700),
(686, '8.50', '2018-11-16 12:51:38', '2018-11-16 12:51:38', 699),
(687, '21.20', '2018-11-02 13:56:45', NULL, 695),
(688, '21.28', '2018-11-02 13:56:45', NULL, 696),
(689, '30.00', '2018-11-02 13:56:45', NULL, 697),
(690, '22.50', '2018-11-02 13:56:45', NULL, 698),
(691, '23.00', '2018-11-02 14:10:32', NULL, 409),
(692, '18.00', '2018-11-02 14:10:32', NULL, 413),
(693, '26.00', '2018-11-02 14:10:32', NULL, 414),
(694, '30.00', '2018-11-02 14:10:32', NULL, 412),
(695, '17.00', '2018-11-02 15:38:05', NULL, 766),
(696, '31.00', '2018-11-02 15:38:05', NULL, 767),
(697, '7.80', '2018-11-02 15:38:05', NULL, 768),
(698, '18.30', '2018-11-02 15:38:05', NULL, 762),
(699, '3.90', '2018-11-02 15:38:06', NULL, 763),
(700, '19.40', '2018-11-02 15:38:06', NULL, 765),
(701, '5.00', '2018-11-02 15:38:06', NULL, 769),
(702, '7.10', '2018-11-02 15:38:06', NULL, 771),
(703, '5.80', '2018-11-02 15:38:06', '2018-11-02 15:38:06', 760),
(704, '6.00', '2018-11-02 15:38:06', NULL, 760),
(705, '7.60', '2018-11-02 15:38:06', NULL, 761),
(706, '15.00', '2018-11-02 15:38:06', NULL, 772),
(707, '1.10', '2018-11-02 15:38:06', NULL, 773),
(708, '1.46', '2018-11-02 15:38:06', NULL, 770),
(709, '19.33', '2018-11-03 06:53:32', '2018-11-03 06:53:32', 791),
(710, '36.00', '2018-11-02 15:38:07', NULL, 793),
(711, '22.00', '2018-11-02 15:38:07', NULL, 792),
(712, '16.00', '2018-11-02 15:38:07', NULL, 795),
(713, '26.00', '2018-11-02 15:38:07', NULL, 794),
(714, '15.80', '2018-11-02 15:38:07', NULL, 800),
(715, '17.64', '2018-11-02 15:38:07', NULL, 798),
(716, '13.10', '2018-11-02 15:38:07', NULL, 797),
(717, '21.10', '2018-11-02 15:38:07', NULL, 799),
(718, '3.90', '2018-11-02 15:38:07', NULL, 796),
(719, '10.00', '2018-11-02 15:38:07', NULL, 784),
(720, '21.00', '2018-11-02 15:38:07', NULL, 788),
(721, '13.80', '2018-11-02 15:38:07', NULL, 787),
(722, '17.60', '2018-11-16 12:51:37', '2018-11-16 12:51:37', 786),
(723, '18.90', '2018-11-02 15:38:08', NULL, 781),
(724, '32.90', '2018-11-02 15:38:08', NULL, 785),
(725, '20.00', '2018-11-02 15:38:08', NULL, 783),
(726, '14.20', '2018-11-02 15:38:08', NULL, 782),
(727, '15.00', '2018-11-02 15:38:08', NULL, 789),
(728, '23.00', '2018-11-02 15:38:08', NULL, 778),
(729, '24.00', '2018-11-02 15:38:09', NULL, 779),
(730, '28.00', '2018-11-02 15:38:09', NULL, 777),
(731, '28.00', '2018-11-02 15:38:09', NULL, 776),
(732, '36.00', '2018-11-02 15:38:09', NULL, 775),
(733, '11.90', '2018-11-03 06:53:32', '2018-11-03 06:53:32', 774),
(734, '145.00', '2018-11-02 16:30:59', NULL, 801),
(735, '210.00', '2018-11-02 16:30:59', NULL, 802),
(736, '60.00', '2018-11-02 16:30:59', NULL, 803),
(737, '150.00', '2018-11-02 16:30:59', NULL, 804),
(738, '175.00', '2018-11-02 16:31:00', NULL, 805),
(739, '2401.00', '2018-11-02 16:31:00', NULL, 806),
(740, '240.00', '2018-11-02 16:31:00', NULL, 807),
(741, '15.00', '2018-11-02 16:31:00', NULL, 808),
(742, '15.00', '2018-11-02 16:31:00', NULL, 810),
(743, '13.66', '2018-11-02 16:31:00', NULL, 809),
(744, '8.90', '2018-11-02 16:31:00', NULL, 811),
(745, '15.00', '2018-11-02 16:31:00', NULL, 812),
(746, '5.00', '2018-11-02 16:31:00', NULL, 813),
(747, '10.00', '2018-11-02 16:31:00', NULL, 814),
(748, '112.50', '2018-11-02 16:31:00', NULL, 815),
(749, '15.80', '2018-11-02 16:31:00', NULL, 816),
(750, '12.50', '2018-11-02 16:31:00', NULL, 817),
(751, '6.50', '2018-11-02 16:31:01', '2018-11-02 16:31:01', 818),
(752, '6.64', '2018-11-02 16:31:01', '2018-11-02 16:31:01', 818),
(753, '6.50', '2018-11-02 16:31:01', NULL, 818),
(754, '8.19', '2018-11-02 16:31:01', NULL, 819),
(755, '145.00', '2018-11-02 16:31:01', NULL, 820),
(756, '145.00', '2018-11-02 16:31:01', NULL, 821),
(757, '145.00', '2018-11-02 16:31:01', NULL, 822),
(758, '9.63', '2018-11-02 16:31:01', NULL, 824),
(759, '17.63', '2018-11-02 16:31:02', NULL, 826),
(760, '11.00', '2018-11-02 16:31:02', NULL, 825),
(761, '19.80', '2018-11-02 16:31:02', NULL, 827),
(762, '15.90', '2018-11-11 15:20:18', '2018-11-11 20:20:18', 493),
(763, '40.00', '2018-11-03 06:29:58', NULL, 828),
(764, '140.00', '2018-11-03 06:29:58', NULL, 829),
(765, '65.00', '2018-11-03 06:29:58', NULL, 830),
(766, '15.00', '2018-11-03 06:53:31', NULL, 764),
(767, '12.14', '2018-11-03 06:53:31', NULL, 831),
(768, '20.00', '2018-11-03 06:53:32', NULL, 791),
(769, '23.33', '2018-11-03 06:53:32', NULL, 832),
(770, '23.85', '2018-11-03 06:53:32', NULL, 703),
(771, '25.85', '2018-11-03 06:53:32', NULL, 707),
(772, '11.92', '2018-11-03 06:53:32', NULL, 774),
(773, '326.00', '2018-11-03 07:05:25', NULL, 327),
(774, '9.76', '2018-11-03 07:05:25', NULL, 358),
(775, '67.00', '2018-11-03 07:05:25', NULL, 376),
(776, '36.00', '2018-11-03 07:05:25', NULL, 301),
(777, '330.00', '2018-11-03 07:12:11', NULL, 833),
(778, '400.00', '2018-11-03 07:12:12', NULL, 95),
(779, '9.35', '2018-11-03 10:51:19', NULL, 683),
(780, '86.00', '2018-11-03 11:13:20', NULL, 245),
(781, '182.83', '2018-11-03 11:13:20', NULL, 577),
(782, '132.70', '2018-11-08 10:23:49', '2018-11-08 15:23:49', 578),
(783, '35.73', '2018-11-16 06:10:32', '2018-11-16 06:10:32', 617),
(784, '4.61', '2018-11-03 11:13:21', NULL, 513),
(785, '26.00', '2018-11-03 11:13:21', NULL, 978),
(786, '4.40', '2018-11-03 11:13:21', NULL, 979),
(787, '300.00', '2018-11-03 11:13:21', NULL, 977),
(788, '4.26', '2018-11-03 11:13:21', NULL, 976),
(789, '52.00', '2018-11-03 11:13:21', NULL, 980),
(790, '210.00', '2018-11-03 11:56:36', NULL, 66),
(791, '3.85', '2018-11-03 12:59:51', NULL, 886),
(792, '2.50', '2018-11-03 12:59:51', NULL, 877),
(793, '21.00', '2018-11-03 12:59:51', NULL, 880),
(794, '5.80', '2018-11-03 12:59:51', NULL, 888),
(795, '25.10', '2018-11-03 12:59:51', NULL, 883),
(796, '14.40', '2018-11-03 12:59:51', NULL, 884),
(797, '25.20', '2018-11-03 12:59:52', NULL, 881),
(798, '15.70', '2018-11-03 12:59:52', NULL, 876),
(799, '18.90', '2018-11-03 12:59:52', NULL, 885),
(800, '30.45', '2018-11-03 12:59:52', NULL, 882),
(801, '21.20', '2018-11-03 12:59:52', NULL, 878),
(802, '12.60', '2018-11-03 12:59:52', NULL, 879),
(803, '6.80', '2018-11-03 12:59:52', NULL, 889),
(804, '18.50', '2018-11-07 05:38:39', '2018-11-07 05:38:39', 890),
(805, '15.90', '2018-11-03 12:59:52', NULL, 892),
(806, '12.50', '2018-11-03 12:59:52', NULL, 891),
(807, '17.10', '2018-11-03 12:59:52', NULL, 895),
(808, '22.10', '2018-11-03 12:59:53', '2018-11-03 12:59:53', 896),
(809, '22.80', '2018-11-03 12:59:53', NULL, 896),
(810, '13.50', '2018-11-03 12:59:53', NULL, 897),
(811, '13.70', '2018-11-03 12:59:53', NULL, 898),
(812, '65.00', '2018-11-03 12:59:53', NULL, 899),
(813, '78.80', '2018-11-03 12:59:53', NULL, 901),
(814, '18.40', '2018-11-03 12:59:53', NULL, 893),
(815, '10.20', '2018-11-03 12:59:53', NULL, 894),
(816, '19.28', '2018-11-07 05:38:40', '2018-11-07 05:38:40', 908),
(817, '30.70', '2018-11-07 05:38:39', '2018-11-07 05:38:39', 910),
(818, '18.70', '2018-11-07 05:38:39', '2018-11-07 05:38:39', 909),
(819, '23.50', '2018-11-03 13:11:51', NULL, 906),
(820, '22.00', '2018-11-03 13:11:51', NULL, 907),
(821, '43.00', '2018-11-03 13:11:51', NULL, 902),
(822, '22.60', '2018-11-03 13:11:51', NULL, 903),
(823, '7.70', '2018-11-03 13:11:51', NULL, 904),
(824, '13.00', '2018-11-03 13:11:51', NULL, 905),
(825, '204.00', '2018-11-03 13:35:55', '2018-11-03 13:35:55', 846),
(826, '65.80', '2018-11-03 13:35:54', NULL, 835),
(827, '75.00', '2018-11-03 13:35:54', NULL, 836),
(828, '68.00', '2018-11-03 13:35:54', NULL, 838),
(829, '41.00', '2018-11-03 14:42:25', '2018-11-03 14:42:25', 863),
(830, '58.90', '2018-11-03 13:35:56', '2018-11-03 13:35:56', 858),
(831, '73.45', '2018-11-03 13:35:55', NULL, 840),
(832, '52.80', '2018-11-03 13:35:55', NULL, 841),
(833, '49.00', '2018-11-03 13:35:55', NULL, 844),
(834, '3.40', '2018-11-03 13:35:55', NULL, 842),
(835, '14.50', '2018-11-03 13:35:55', NULL, 845),
(836, '17.30', '2018-11-03 13:35:55', NULL, 846),
(837, '12.50', '2018-11-03 13:35:55', NULL, 849),
(838, '14.64', '2018-11-03 13:35:55', NULL, 848),
(839, '8.78', '2018-11-03 13:35:55', NULL, 847),
(840, '3.32', '2018-11-03 13:35:56', NULL, 850),
(841, '3.34', '2018-11-03 13:35:56', NULL, 851),
(842, '8.20', '2018-11-03 13:35:56', NULL, 852),
(843, '13.63', '2018-11-03 13:35:56', NULL, 853),
(844, '27.30', '2018-11-03 13:35:56', NULL, 854),
(845, '8.75', '2018-11-03 13:35:56', NULL, 855),
(846, '5.06', '2018-11-03 13:35:56', NULL, 856),
(847, '6.70', '2018-11-03 13:35:56', NULL, 860),
(848, '4.50', '2018-11-03 13:35:56', NULL, 861),
(849, '2.73', '2018-11-03 13:35:56', NULL, 858),
(850, '4.70', '2018-11-03 13:35:56', NULL, 857),
(851, '4.85', '2018-11-03 14:42:25', '2018-11-03 14:42:25', 859),
(852, '4.89', '2018-11-03 14:42:25', NULL, 859),
(853, '12.50', '2018-11-03 14:42:25', NULL, 862),
(854, '4.20', '2018-11-03 14:42:25', NULL, 863),
(855, '167.00', '2018-11-03 14:42:25', NULL, 864),
(856, '5.66', '2018-11-03 14:42:25', NULL, 865),
(857, '7.25', '2018-11-03 14:42:25', NULL, 868),
(858, '7.20', '2018-11-03 14:42:25', NULL, 867),
(859, '48.00', '2018-11-03 14:42:25', NULL, 869),
(860, '34.80', '2018-11-03 14:42:26', NULL, 870),
(861, '15.66', '2018-11-03 14:42:26', NULL, 871),
(862, '15.80', '2018-11-03 14:42:26', NULL, 872),
(863, '16.80', '2018-11-03 14:42:26', NULL, 873),
(864, '8.50', '2018-11-03 15:32:06', '2018-11-03 15:32:06', 875),
(865, '142.00', '2018-11-03 15:32:05', '2018-11-03 15:32:05', 932),
(866, '140.00', '2018-11-03 15:32:05', NULL, 932),
(867, '216.00', '2018-11-03 15:32:05', NULL, 933),
(868, '242.00', '2018-11-03 15:32:05', NULL, 934),
(869, '2.16', '2018-11-03 15:32:05', NULL, 942),
(870, '2.30', '2018-11-03 15:32:05', NULL, 943),
(871, '60.00', '2018-11-03 15:32:05', NULL, 1009),
(872, '4.60', '2018-11-03 15:32:05', NULL, 941),
(873, '21.50', '2018-11-03 15:32:05', NULL, 939),
(874, '30.80', '2018-11-03 15:32:05', NULL, 938),
(875, '20.75', '2018-11-03 15:32:05', NULL, 875),
(876, '10.50', '2018-11-03 15:32:06', NULL, 874),
(877, '15.00', '2018-11-03 15:32:06', NULL, 946),
(878, '7.65', '2018-11-03 15:32:06', NULL, 945),
(879, '3.30', '2018-11-03 15:32:06', '2018-11-03 15:32:06', 949),
(880, '3.20', '2018-11-12 05:34:34', '2018-11-12 05:34:34', 949),
(881, '11.00', '2018-11-03 15:32:06', '2018-11-03 15:32:06', 947),
(882, '8.43', '2018-11-03 15:32:06', NULL, 947),
(883, '3.56', '2018-11-03 15:32:06', NULL, 948),
(884, '5.60', '2018-11-03 15:32:07', '2018-11-03 15:32:07', 957),
(885, '5.50', '2018-11-03 15:32:07', NULL, 957),
(886, '10.25', '2018-11-03 15:32:07', NULL, 951),
(887, '10.35', '2018-11-03 15:32:07', NULL, 956),
(888, '5.80', '2018-11-03 15:32:08', NULL, 955),
(889, '7.40', '2018-11-03 15:32:08', NULL, 960),
(890, '11.25', '2018-11-03 15:32:08', NULL, 961),
(891, '195.00', '2018-11-03 15:32:08', NULL, 950),
(892, '533.00', '2018-11-03 15:32:08', NULL, 953),
(893, '11.10', '2018-11-03 15:32:08', NULL, 952),
(894, '8.85', '2018-11-19 05:41:11', '2018-11-19 05:41:11', 954),
(895, '107.00', '2018-11-03 15:32:08', NULL, 962),
(896, '314.00', '2018-11-03 15:32:08', NULL, 1010),
(897, '29.60', '2018-11-03 15:32:08', NULL, 964),
(898, '52.00', '2018-11-14 05:58:30', '2018-11-14 05:58:30', 963),
(899, '40.55', '2018-11-03 15:32:09', NULL, 967),
(900, '24.80', '2018-11-14 05:58:30', '2018-11-14 05:58:30', 966),
(901, '161.00', '2018-11-03 15:32:09', NULL, 972),
(902, '15.20', '2018-11-03 15:32:09', NULL, 968),
(903, '549.00', '2018-11-03 15:32:09', NULL, 971),
(904, '159.76', '2018-11-03 15:32:09', NULL, 969),
(905, '182.00', '2018-11-03 15:32:09', NULL, 970),
(906, '5.35', '2018-11-03 15:48:41', NULL, 973),
(907, '6.32', '2018-11-03 15:48:41', NULL, 974),
(908, '9.64', '2018-11-03 15:48:41', NULL, 975),
(909, '15.00', '2018-11-03 15:48:41', NULL, 982),
(910, '7.85', '2018-11-19 05:58:07', '2018-11-19 05:58:07', 981),
(911, '31.07', '2018-11-03 15:48:42', NULL, 983),
(912, '52.64', '2018-11-03 15:48:42', NULL, 987),
(913, '22.26', '2018-11-03 15:48:42', NULL, 986),
(914, '14.28', '2018-11-03 15:48:42', NULL, 984),
(915, '107.64', '2018-11-03 15:48:42', NULL, 985),
(916, '7.00', '2018-11-03 15:48:42', NULL, 995),
(917, '7.00', '2018-11-03 15:48:42', NULL, 994),
(918, '7.00', '2018-11-19 05:58:07', '2018-11-19 05:58:07', 996),
(919, '12.93', '2018-11-03 15:48:42', NULL, 997),
(920, '26.75', '2018-11-03 15:48:42', NULL, 1000),
(921, '9.50', '2018-11-03 15:48:42', NULL, 998),
(922, '442.00', '2018-11-03 15:48:42', NULL, 991),
(923, '19.60', '2018-11-03 15:48:43', NULL, 992),
(924, '52.90', '2018-11-03 15:48:43', NULL, 1001),
(925, '11.93', '2018-11-03 15:48:43', NULL, 1002),
(926, '66.20', '2018-11-03 15:48:43', NULL, 1003),
(927, '38.35', '2018-11-19 05:58:07', '2018-11-19 05:58:07', 1004),
(928, '38.70', '2018-11-03 15:48:43', NULL, 993),
(929, '23.33', '2018-11-03 15:48:43', NULL, 1005),
(930, '15.00', '2018-11-03 15:48:44', NULL, 988),
(931, '11.20', '2018-11-03 15:48:44', NULL, 989),
(932, '11.20', '2018-11-03 15:48:44', NULL, 990),
(933, '70.00', '2018-11-19 05:58:06', '2018-11-19 05:58:06', 1006),
(934, '158.00', '2018-11-03 15:48:45', NULL, 1007),
(935, '55.72', '2018-11-03 16:00:15', NULL, 911),
(936, '82.50', '2018-11-03 16:00:15', NULL, 912),
(937, '51.00', '2018-11-03 16:00:15', NULL, 913),
(938, '181.00', '2018-11-03 16:00:15', NULL, 914),
(939, '214.00', '2018-11-03 16:00:15', NULL, 915),
(940, '82.00', '2018-11-03 16:00:15', NULL, 920),
(941, '90.00', '2018-11-03 16:00:15', NULL, 919),
(942, '85.50', '2018-11-03 16:00:15', NULL, 918),
(943, '32.00', '2018-11-03 16:00:15', NULL, 916),
(944, '42.00', '2018-11-03 16:00:15', NULL, 917),
(945, '5.33', '2018-11-14 05:37:52', '2018-11-14 05:37:52', 931),
(946, '14.80', '2018-11-03 16:00:15', NULL, 927),
(947, '10.30', '2018-11-03 16:00:16', NULL, 926),
(948, '5.00', '2018-11-03 16:00:16', NULL, 930),
(949, '5.13', '2018-11-03 16:00:16', NULL, 925),
(950, '1.10', '2018-11-03 16:00:16', NULL, 929),
(951, '2.90', '2018-11-03 16:00:16', NULL, 921),
(952, '8.70', '2018-11-03 16:00:16', NULL, 922),
(953, '6.23', '2018-11-07 05:38:39', '2018-11-07 05:38:39', 924),
(954, '4.55', '2018-11-14 05:37:52', '2018-11-14 05:37:52', 923),
(955, '13.35', '2018-11-05 06:20:04', '2018-11-05 06:20:04', 1011),
(956, '8.03', '2018-11-03 16:06:32', NULL, 999),
(957, '123.00', '2018-11-03 17:20:30', NULL, 1012),
(958, '200.00', '2018-11-03 17:20:30', NULL, 1013),
(959, '90.00', '2018-11-03 17:20:30', NULL, 1014),
(960, '80.00', '2018-11-03 17:20:30', NULL, 1015),
(961, '70.00', '2018-11-03 17:20:30', NULL, 1016),
(962, '70.00', '2018-11-03 17:20:31', NULL, 1018),
(963, '90.00', '2018-11-03 17:20:31', NULL, 1017),
(964, '215.00', '2018-11-03 17:20:31', NULL, 1019),
(965, '65.00', '2018-11-03 17:20:31', NULL, 1020),
(966, '275.00', '2018-11-03 17:20:31', NULL, 1021),
(967, '188.00', '2018-11-03 17:20:31', NULL, 1022),
(968, '170.00', '2018-11-03 17:20:31', NULL, 1023),
(969, '3.86', '2018-11-03 17:20:31', NULL, 1024),
(970, '9.33', '2018-11-03 17:20:31', NULL, 1025),
(971, '0.71', '2018-11-03 17:20:31', NULL, 1026),
(972, '3.30', '2018-11-03 17:20:31', NULL, 1027),
(973, '251.00', '2018-11-03 17:20:31', NULL, 1028),
(974, '541.00', '2018-11-03 17:20:31', NULL, 1029),
(975, '25.50', '2018-11-04 12:05:21', NULL, 1063),
(976, '8.00', '2018-11-15 06:58:06', '2018-11-15 06:58:06', 1070),
(977, '4.00', '2018-11-04 12:05:21', NULL, 1069),
(978, '17.00', '2018-11-04 12:05:21', NULL, 1071),
(979, '30.00', '2018-11-04 12:05:21', NULL, 1074),
(980, '17.40', '2018-11-04 12:05:21', NULL, 1079),
(981, '26.00', '2018-11-04 12:05:21', NULL, 1050),
(982, '16.78', '2018-11-15 06:58:07', '2018-11-15 06:58:07', 1045),
(983, '16.20', '2018-11-04 12:05:21', NULL, 1057),
(984, '13.90', '2018-11-04 12:05:21', NULL, 1134),
(985, '26.64', '2018-11-04 12:05:21', NULL, 1052),
(986, '22.50', '2018-11-04 12:05:21', NULL, 1058),
(987, '18.71', '2018-11-04 12:05:22', NULL, 1062),
(988, '18.71', '2018-11-04 12:05:22', NULL, 1061),
(989, '16.25', '2018-11-04 12:05:22', NULL, 1056),
(990, '4.34', '2018-11-04 12:05:22', NULL, 1049),
(991, '10.90', '2018-11-15 06:58:06', '2018-11-15 06:58:06', 1078),
(992, '16.90', '2018-11-04 12:05:22', NULL, 1077),
(993, '20.00', '2018-11-04 12:05:22', NULL, 1068),
(994, '30.00', '2018-11-04 12:05:22', NULL, 1067),
(995, '10.10', '2018-11-04 12:05:22', NULL, 1076),
(996, '37.80', '2018-11-04 12:05:22', NULL, 1040),
(997, '13.60', '2018-11-15 06:58:07', '2018-11-15 06:58:07', 1044),
(998, '13.00', '2018-11-04 12:30:29', '2018-11-04 12:30:29', 1032),
(999, '28.30', '2018-11-04 12:05:22', NULL, 1055);
INSERT INTO `sale_price_history` (`id`, `price`, `start_timestamp`, `end_timestamp`, `fk_inventory_id`) VALUES
(1000, '25.20', '2018-11-04 12:05:23', NULL, 1060),
(1001, '17.20', '2018-11-04 12:05:23', NULL, 1065),
(1002, '8.70', '2018-11-04 12:05:23', NULL, 1135),
(1003, '13.20', '2018-11-04 12:05:23', NULL, 1136),
(1004, '21.80', '2018-11-15 06:58:06', '2018-11-15 06:58:06', 1066),
(1005, '1.30', '2018-11-15 06:58:06', '2018-11-15 06:58:06', 1032),
(1006, '1.60', '2018-11-04 12:30:29', NULL, 1031),
(1007, '15.30', '2018-11-04 12:30:29', NULL, 1033),
(1008, '363.00', '2018-11-04 12:30:29', NULL, 1034),
(1009, '107.00', '2018-11-04 12:30:29', NULL, 1035),
(1010, '10.30', '2018-11-04 12:30:29', NULL, 1064),
(1011, '4.30', '2018-11-04 12:30:29', NULL, 1048),
(1012, '7.50', '2018-11-04 12:30:30', NULL, 1137),
(1013, '12.50', '2018-11-04 12:30:30', NULL, 1038),
(1014, '5.30', '2018-11-04 12:30:30', NULL, 1036),
(1015, '31.30', '2018-11-04 12:30:30', NULL, 1075),
(1016, '20.20', '2018-11-04 12:30:30', NULL, 1094),
(1017, '15.50', '2018-11-04 12:30:30', NULL, 1082),
(1018, '28.60', '2018-11-04 12:30:30', NULL, 1083),
(1019, '8.10', '2018-11-04 12:30:30', NULL, 1123),
(1020, '31.90', '2018-11-04 12:30:30', NULL, 1091),
(1021, '3.85', '2018-11-04 12:30:30', NULL, 1138),
(1022, '75.00', '2018-11-04 12:30:30', NULL, 1090),
(1023, '16.70', '2018-11-06 07:43:12', '2018-11-06 07:43:12', 1133),
(1024, '10.30', '2018-11-04 12:30:30', NULL, 1088),
(1025, '8.50', '2018-11-04 12:30:30', NULL, 1118),
(1026, '14.00', '2018-11-04 12:30:31', NULL, 1120),
(1027, '6.00', '2018-11-04 12:30:31', NULL, 1128),
(1028, '15.70', '2018-11-04 12:30:31', NULL, 1086),
(1029, '5.60', '2018-11-04 12:30:31', NULL, 1124),
(1030, '5.00', '2018-11-04 12:30:31', NULL, 1129),
(1031, '12.80', '2018-11-06 07:43:12', '2018-11-06 07:43:12', 1126),
(1032, '6.00', '2018-11-04 12:30:31', NULL, 1122),
(1033, '18.50', '2018-11-04 12:55:31', NULL, 1127),
(1034, '16.07', '2018-11-04 12:55:31', NULL, 1105),
(1035, '12.10', '2018-11-04 12:55:31', NULL, 1084),
(1036, '10.40', '2018-11-04 12:55:31', NULL, 1125),
(1037, '6.65', '2018-11-04 12:55:31', NULL, 1121),
(1038, '5.50', '2018-11-04 12:55:31', NULL, 1110),
(1039, '5.50', '2018-11-04 12:55:31', NULL, 1132),
(1040, '165.00', '2018-11-04 12:55:31', NULL, 1089),
(1041, '6.80', '2018-11-04 12:55:31', NULL, 1109),
(1042, '5.70', '2018-11-04 12:55:31', NULL, 1111),
(1043, '6.00', '2018-11-04 12:55:31', NULL, 1113),
(1044, '11.33', '2018-11-04 12:55:31', '2018-11-04 12:55:31', 1114),
(1045, '11.00', '2018-11-04 12:55:31', NULL, 1114),
(1046, '5.30', '2018-11-04 12:55:31', NULL, 1115),
(1047, '17.50', '2018-11-04 12:55:31', NULL, 1116),
(1048, '18.50', '2018-11-04 12:55:32', NULL, 1100),
(1049, '12.80', '2018-11-04 12:55:32', NULL, 1098),
(1050, '18.00', '2018-11-04 12:55:32', '2018-11-04 12:55:32', 1099),
(1051, '17.80', '2018-11-04 12:55:32', NULL, 1099),
(1052, '15.60', '2018-11-04 12:55:32', NULL, 1104),
(1053, '19.00', '2018-11-04 12:55:32', NULL, 1102),
(1054, '12.35', '2018-11-04 14:06:26', NULL, 1172),
(1055, '21.85', '2018-11-14 05:58:30', '2018-11-14 05:58:30', 1173),
(1056, '48.30', '2018-11-04 14:06:26', NULL, 1174),
(1057, '18.00', '2018-11-04 14:06:27', NULL, 1175),
(1058, '19.90', '2018-11-04 14:06:27', NULL, 1186),
(1059, '22.70', '2018-11-05 05:58:28', '2018-11-05 05:58:28', 1178),
(1060, '15.20', '2018-11-04 14:06:27', NULL, 1182),
(1061, '13.60', '2018-11-04 14:06:27', NULL, 1183),
(1062, '22.80', '2018-11-09 06:01:59', '2018-11-09 06:01:59', 1177),
(1063, '17.30', '2018-11-06 16:26:31', '2018-11-06 16:26:31', 1176),
(1064, '17.50', '2018-11-04 14:06:27', NULL, 1187),
(1065, '33.00', '2018-11-04 14:06:27', NULL, 1188),
(1066, '42.50', '2018-11-04 14:06:27', NULL, 1189),
(1067, '38.50', '2018-11-04 14:06:27', NULL, 1192),
(1068, '12.40', '2018-11-04 14:06:27', NULL, 1190),
(1069, '20.70', '2018-11-04 14:06:28', NULL, 1191),
(1070, '7.14', '2018-11-19 05:41:10', '2018-11-19 05:41:10', 1193),
(1071, '11.90', '2018-11-04 14:06:28', NULL, 1200),
(1072, '39.00', '2018-11-04 14:06:28', NULL, 1194),
(1073, '29.00', '2018-11-04 14:06:28', NULL, 1195),
(1074, '5.10', '2018-11-04 14:06:28', NULL, 1196),
(1075, '20.00', '2018-11-04 14:06:28', NULL, 1199),
(1076, '8.70', '2018-11-07 05:48:26', '2018-11-07 05:48:26', 1197),
(1077, '13.50', '2018-11-04 14:06:28', NULL, 1198),
(1078, '9.40', '2018-11-04 14:21:24', NULL, 1139),
(1079, '13.10', '2018-11-04 14:21:25', NULL, 1143),
(1080, '26.90', '2018-11-04 14:21:25', NULL, 1144),
(1081, '83.00', '2018-11-15 07:47:48', '2018-11-15 12:47:48', 1145),
(1082, '16.00', '2018-11-04 14:21:25', NULL, 1142),
(1083, '13.75', '2018-11-04 14:21:25', NULL, 1141),
(1084, '18.90', '2018-11-04 14:21:25', NULL, 1147),
(1085, '11.00', '2018-11-04 14:21:25', NULL, 1148),
(1086, '18.00', '2018-11-04 14:21:25', NULL, 1149),
(1087, '32.95', '2018-11-04 14:21:25', NULL, 1150),
(1088, '24.50', '2018-11-04 14:21:25', NULL, 1152),
(1089, '16.64', '2018-11-04 14:21:25', NULL, 1151),
(1090, '20.00', '2018-11-04 14:21:26', NULL, 1154),
(1091, '39.00', '2018-11-13 11:26:02', '2018-11-13 11:26:02', 1155),
(1092, '19.70', '2018-11-04 14:21:26', NULL, 1156),
(1093, '19.00', '2018-11-04 14:21:26', NULL, 1158),
(1094, '10.20', '2018-11-04 14:21:26', NULL, 1157),
(1095, '398.00', '2018-11-04 14:21:26', NULL, 1159),
(1096, '43.50', '2018-11-04 14:21:26', NULL, 1161),
(1097, '25.00', '2018-11-04 14:21:26', NULL, 1160),
(1098, '46.00', '2018-11-04 14:21:26', NULL, 1162),
(1099, '10.40', '2018-11-04 14:21:26', NULL, 1165),
(1100, '69.60', '2018-11-04 14:21:27', NULL, 1167),
(1101, '30.00', '2018-11-04 14:21:27', NULL, 1168),
(1102, '65.80', '2018-11-04 14:21:27', NULL, 1169),
(1103, '90.00', '2018-11-04 14:35:33', NULL, 1205),
(1104, '26.00', '2018-11-04 14:51:55', NULL, 1201),
(1105, '26.00', '2018-11-04 14:51:55', NULL, 1202),
(1106, '26.00', '2018-11-04 14:51:56', NULL, 1203),
(1107, '24.00', '2018-11-04 14:51:56', NULL, 1215),
(1108, '24.50', '2018-11-04 14:51:56', NULL, 1181),
(1109, '26.50', '2018-11-04 14:51:56', NULL, 1204),
(1110, '55.00', '2018-11-04 14:51:56', NULL, 1206),
(1111, '14.00', '2018-11-04 14:51:56', NULL, 1207),
(1112, '39.00', '2018-11-04 14:51:56', NULL, 1208),
(1113, '19.50', '2018-11-04 14:51:56', NULL, 1211),
(1114, '26.00', '2018-11-04 14:51:56', NULL, 1212),
(1115, '23.85', '2018-11-07 05:48:26', '2018-11-07 05:48:26', 1180),
(1116, '22.40', '2018-11-05 05:58:27', '2018-11-05 05:58:27', 1213),
(1117, '40.00', '2018-11-04 17:14:12', NULL, 1214),
(1118, '16.75', '2018-11-04 17:14:12', NULL, 1238),
(1119, '26.30', '2018-11-04 17:14:12', NULL, 1239),
(1120, '13.75', '2018-11-04 17:14:12', NULL, 1240),
(1121, '22.00', '2018-11-04 17:14:12', NULL, 1210),
(1122, '27.00', '2018-11-04 17:14:12', NULL, 1209),
(1123, '15.00', '2018-11-04 17:14:12', NULL, 1241),
(1124, '10.10', '2018-11-04 17:14:12', NULL, 1242),
(1125, '10.30', '2018-11-04 17:14:12', NULL, 1243),
(1126, '16.00', '2018-11-04 17:14:12', NULL, 1244),
(1127, '28.50', '2018-11-04 17:14:13', NULL, 1245),
(1128, '13.00', '2018-11-04 17:14:13', NULL, 1246),
(1129, '20.00', '2018-11-04 17:14:13', '2018-11-04 17:14:13', 1247),
(1130, '18.50', '2018-11-04 17:14:13', NULL, 1247),
(1131, '20.00', '2018-11-04 17:14:13', NULL, 1248),
(1132, '16.50', '2018-11-05 05:58:28', '2018-11-05 05:58:28', 1184),
(1133, '5.16', '2018-11-04 17:14:14', '2018-11-04 17:14:14', 1250),
(1134, '8.50', '2018-11-05 05:58:28', '2018-11-05 05:58:28', 1257),
(1135, '21.00', '2018-11-04 17:14:13', NULL, 1258),
(1136, '11.40', '2018-11-04 17:14:13', NULL, 1249),
(1137, '5.00', '2018-11-04 17:14:13', NULL, 1250),
(1138, '8.10', '2018-11-05 05:58:28', '2018-11-05 05:58:28', 1251),
(1139, '7.30', '2018-11-04 17:14:14', NULL, 1252),
(1140, '22.50', '2018-11-04 17:14:14', NULL, 1260),
(1141, '29.00', '2018-11-04 17:14:14', NULL, 1262),
(1142, '17.00', '2018-11-04 17:14:14', NULL, 1259),
(1143, '26.70', '2018-11-07 05:48:26', '2018-11-07 05:48:26', 1261),
(1144, '12.50', '2018-11-12 05:34:34', '2018-11-12 05:34:34', 1253),
(1145, '23.80', '2018-11-12 05:34:34', '2018-11-12 05:34:34', 1254),
(1146, '15.90', '2018-11-05 05:58:27', '2018-11-05 05:58:27', 1255),
(1147, '21.70', '2018-11-05 05:58:28', '2018-11-05 05:58:28', 1256),
(1148, '279.00', '2018-11-04 17:29:28', NULL, 1216),
(1149, '127.50', '2018-11-04 17:29:28', NULL, 1217),
(1150, '165.00', '2018-11-04 17:29:28', NULL, 1218),
(1151, '91.00', '2018-11-04 17:29:28', NULL, 1219),
(1152, '93.00', '2018-11-04 17:29:29', NULL, 1221),
(1153, '227.00', '2018-11-04 17:29:29', NULL, 1222),
(1154, '397.00', '2018-11-09 06:01:59', '2018-11-09 06:01:59', 1223),
(1155, '138.00', '2018-11-04 17:29:29', NULL, 1263),
(1156, '59.84', '2018-11-04 17:29:29', NULL, 1224),
(1157, '103.00', '2018-11-04 17:29:29', NULL, 1264),
(1158, '1110.00', '2018-11-04 17:29:29', NULL, 1225),
(1159, '106.00', '2018-11-04 17:29:29', NULL, 1226),
(1160, '12.73', '2018-11-04 17:29:29', NULL, 1228),
(1161, '370.00', '2018-11-04 17:29:29', NULL, 1227),
(1162, '375.00', '2018-11-04 17:29:29', NULL, 1229),
(1163, '6.00', '2018-11-19 05:41:10', '2018-11-19 05:41:10', 1230),
(1164, '12.70', '2018-11-04 17:29:29', NULL, 1232),
(1165, '6.10', '2018-11-04 17:29:30', NULL, 1233),
(1166, '3.86', '2018-11-04 17:29:30', NULL, 1234),
(1167, '10.80', '2018-11-04 17:29:30', NULL, 1231),
(1168, '19.10', '2018-11-04 17:29:30', NULL, 1235),
(1169, '22.14', '2018-11-04 17:29:30', NULL, 1236),
(1170, '4.93', '2018-11-04 17:29:30', NULL, 1220),
(1171, '12.95', '2018-11-04 17:29:30', NULL, 1237),
(1172, '2.85', '2018-11-05 05:58:27', NULL, 944),
(1173, '41.80', '2018-11-05 05:58:27', NULL, 1166),
(1174, '22.42', '2018-11-05 05:58:27', NULL, 1213),
(1175, '15.92', '2018-11-07 05:48:26', '2018-11-07 05:48:26', 1255),
(1176, '22.00', '2018-11-05 05:58:28', NULL, 1256),
(1177, '22.78', '2018-11-05 05:58:28', NULL, 1178),
(1178, '7.50', '2018-11-05 05:58:28', NULL, 1257),
(1179, '16.65', '2018-11-05 05:58:28', NULL, 1184),
(1180, '25.35', '2018-11-05 05:58:28', NULL, 1153),
(1181, '8.16', '2018-11-11 11:27:28', '2018-11-11 11:27:28', 1251),
(1182, '13.39', '2018-11-05 06:20:04', NULL, 1011),
(1183, '540.00', '2018-11-05 06:20:04', NULL, 1265),
(1184, '13.86', '2018-11-05 08:43:21', NULL, 1266),
(1185, '3.56', '2018-11-05 08:43:21', NULL, 1267),
(1186, '8.56', '2018-11-05 08:43:21', NULL, 1268),
(1187, '30.66', '2018-11-05 08:43:21', NULL, 1269),
(1188, '8.75', '2018-11-05 08:43:21', NULL, 1270),
(1189, '58.30', '2018-11-05 08:43:21', NULL, 1271),
(1190, '10.10', '2018-11-05 08:43:21', NULL, 1272),
(1191, '20.50', '2018-11-05 08:43:22', NULL, 1273),
(1192, '6.40', '2018-11-05 08:43:22', NULL, 1274),
(1193, '52.50', '2018-11-05 08:43:22', NULL, 1275),
(1194, '31.60', '2018-11-05 08:43:22', NULL, 1276),
(1195, '43.42', '2018-11-05 08:43:22', NULL, 1278),
(1196, '40.20', '2018-11-05 08:43:22', NULL, 1277),
(1197, '24.00', '2018-11-05 08:43:22', NULL, 1280),
(1198, '40.00', '2018-11-05 08:43:22', NULL, 1279),
(1199, '15.25', '2018-11-05 08:43:22', NULL, 1281),
(1200, '61.00', '2018-11-05 08:43:22', NULL, 1283),
(1201, '68.00', '2018-11-05 08:43:22', NULL, 1282),
(1202, '175.00', '2018-11-05 08:43:22', NULL, 1284),
(1203, '47.00', '2018-11-05 08:43:22', NULL, 1285),
(1204, '93.00', '2018-11-05 08:43:22', NULL, 1286),
(1205, '165.00', '2018-11-05 08:43:23', NULL, 1287),
(1206, '210.00', '2018-11-05 08:43:23', NULL, 1288),
(1207, '1203.00', '2018-11-05 08:43:23', NULL, 1289),
(1208, '47.35', '2018-11-05 08:43:23', NULL, 1290),
(1209, '4.00', '2018-11-05 08:43:23', NULL, 1291),
(1210, '7.40', '2018-11-05 08:43:23', NULL, 1292),
(1211, '165.00', '2018-11-15 06:58:07', '2018-11-15 06:58:07', 1092),
(1212, '255.00', '2018-11-05 08:43:23', NULL, 1093),
(1213, '150.00', '2018-11-05 08:43:23', NULL, 1293),
(1214, '62.00', '2018-11-05 08:43:24', NULL, 1294),
(1215, '47.00', '2018-11-05 08:43:24', NULL, 1295),
(1216, '58.00', '2018-11-05 08:43:24', NULL, 1296),
(1217, '50.00', '2018-11-05 08:43:24', NULL, 1297),
(1218, '52.00', '2018-11-05 08:43:24', NULL, 1298),
(1219, '66.00', '2018-11-05 08:55:22', NULL, 181),
(1220, '62.00', '2018-11-05 08:55:22', NULL, 185),
(1221, '11.50', '2018-11-15 07:22:25', '2018-11-15 07:22:25', 314),
(1222, '110.00', '2018-11-05 09:49:40', NULL, 1300),
(1223, '110.00', '2018-11-05 09:49:40', NULL, 1299),
(1224, '30.00', '2018-11-05 09:49:40', NULL, 1301),
(1225, '20.00', '2018-11-05 09:49:40', NULL, 1302),
(1226, '6.66', '2018-11-05 11:36:10', NULL, 516),
(1227, '43.00', '2018-11-05 13:54:56', NULL, 1331),
(1228, '52.00', '2018-11-05 13:54:56', NULL, 1332),
(1229, '180.00', '2018-11-05 13:54:56', NULL, 1333),
(1230, '148.50', '2018-11-05 13:54:56', NULL, 1334),
(1231, '46.00', '2018-11-05 13:54:56', NULL, 1335),
(1232, '76.00', '2018-11-05 13:54:56', NULL, 1336),
(1233, '31.00', '2018-11-05 13:54:56', NULL, 1337),
(1234, '31.00', '2018-11-05 13:54:56', NULL, 1338),
(1235, '160.00', '2018-11-05 13:54:56', NULL, 1170),
(1236, '91.00', '2018-11-05 13:54:56', NULL, 1339),
(1237, '435.00', '2018-11-05 13:54:56', NULL, 1164),
(1238, '111.00', '2018-11-05 13:54:57', NULL, 1163),
(1239, '49.45', '2018-11-05 13:54:57', NULL, 1340),
(1240, '255.00', '2018-11-05 13:54:57', NULL, 1171),
(1241, '61.75', '2018-11-05 13:54:57', NULL, 1342),
(1242, '52.80', '2018-11-05 13:54:57', NULL, 1341),
(1243, '86.97', '2018-11-12 05:34:34', '2018-11-12 05:34:34', 227),
(1244, '4.75', '2018-11-11 14:24:37', '2018-11-11 19:24:37', 1343),
(1245, '35.35', '2018-11-05 13:54:57', NULL, 1344),
(1246, '53.00', '2018-11-05 13:54:57', '2018-11-05 13:54:57', 1345),
(1247, '653.00', '2018-11-05 13:54:57', NULL, 1345),
(1248, '51.42', '2018-11-05 13:54:57', '2018-11-05 13:54:57', 1346),
(1249, '48.00', '2018-11-05 13:54:57', NULL, 1346),
(1250, '165.00', '2018-11-05 14:32:51', NULL, 1303),
(1251, '265.00', '2018-11-05 14:32:51', NULL, 1304),
(1252, '360.00', '2018-11-07 12:07:49', '2018-11-07 12:07:49', 1305),
(1253, '250.00', '2018-11-05 14:32:51', NULL, 1306),
(1254, '250.00', '2018-11-05 14:32:52', NULL, 1307),
(1256, '69.00', '2018-11-05 14:32:52', NULL, 1309),
(1257, '40.00', '2018-11-05 14:32:52', NULL, 1311),
(1258, '69.00', '2018-11-05 14:32:52', NULL, 1312),
(1259, '72.00', '2018-11-05 14:32:52', NULL, 1310),
(1260, '53.57', '2018-11-05 14:32:52', NULL, 1313),
(1261, '54.52', '2018-11-05 14:32:52', NULL, 1314),
(1262, '45.00', '2018-11-05 14:32:52', NULL, 1315),
(1263, '32.50', '2018-11-05 14:32:52', NULL, 1316),
(1264, '150.00', '2018-11-05 14:32:52', NULL, 1317),
(1265, '200.00', '2018-11-05 14:32:52', NULL, 1318),
(1266, '64.00', '2018-11-05 14:32:53', NULL, 1319),
(1267, '78.00', '2018-11-05 14:32:53', NULL, 1320),
(1268, '310.00', '2018-11-05 14:32:53', NULL, 1321),
(1269, '75.00', '2018-11-05 14:32:53', NULL, 1322),
(1270, '290.00', '2018-11-05 14:32:53', NULL, 1323),
(1271, '253.00', '2018-11-05 14:32:53', NULL, 1324),
(1272, '23.00', '2018-11-05 14:32:53', NULL, 1325),
(1273, '30.43', '2018-11-05 14:32:53', NULL, 1326),
(1274, '175.00', '2018-11-05 14:32:53', NULL, 1327),
(1275, '84.00', '2018-11-05 14:32:53', NULL, 1328),
(1276, '120.00', '2018-11-05 14:32:54', NULL, 1308),
(1277, '8.75', '2018-11-05 14:43:20', NULL, 1347),
(1278, '160.00', '2018-11-05 14:43:20', NULL, 1330),
(1279, '45.84', '2018-11-06 05:29:37', NULL, 548),
(1280, '10.34', '2018-11-06 06:10:20', NULL, 481),
(1281, '18.67', '2018-11-06 06:10:20', NULL, 482),
(1282, '7.84', '2018-11-06 06:10:20', NULL, 477),
(1283, '23.40', '2018-11-06 06:10:20', NULL, 479),
(1284, '102.00', '2018-11-06 06:35:42', NULL, 383),
(1285, '97.00', '2018-11-06 07:43:12', NULL, 1348),
(1286, '22.50', '2018-11-06 07:43:12', NULL, 1106),
(1287, '16.75', '2018-11-06 07:43:12', NULL, 1133),
(1288, '12.90', '2018-11-06 07:43:12', NULL, 1126),
(1289, '21.09', '2018-11-06 07:43:12', NULL, 1350),
(1290, '4.10', '2018-11-07 14:58:21', '2018-11-07 14:58:21', 1131),
(1291, '11.00', '2018-11-06 07:43:13', NULL, 1349),
(1292, '108.00', '2018-11-06 10:39:39', NULL, 270),
(1293, '4.29', '2018-11-06 11:29:51', NULL, 689),
(1294, '45.00', '2018-11-06 14:00:41', NULL, 1451),
(1295, '30.50', '2018-11-06 14:00:41', NULL, 1447),
(1296, '305.00', '2018-11-06 14:00:41', NULL, 1452),
(1297, '480.00', '2018-11-06 14:00:41', NULL, 1465),
(1298, '480.00', '2018-11-06 14:00:41', NULL, 1453),
(1299, '19.50', '2018-11-06 14:00:41', NULL, 1448),
(1300, '11.70', '2018-11-06 14:00:42', NULL, 1461),
(1301, '12.80', '2018-11-06 14:00:42', NULL, 1463),
(1302, '21.40', '2018-11-14 05:27:42', '2018-11-14 05:27:42', 1464),
(1303, '14.90', '2018-11-06 14:00:42', NULL, 1462),
(1304, '565.00', '2018-11-06 14:00:42', NULL, 1449),
(1305, '315.00', '2018-11-06 14:00:42', NULL, 1450),
(1306, '14.64', '2018-11-06 14:00:42', NULL, 1457),
(1307, '14.53', '2018-11-09 05:46:59', '2018-11-09 05:46:59', 1458),
(1308, '23.57', '2018-11-06 14:00:42', NULL, 1455),
(1309, '24.20', '2018-11-06 14:00:42', NULL, 1456),
(1310, '14.30', '2018-11-06 14:00:42', NULL, 1444),
(1311, '5.73', '2018-11-06 14:00:42', NULL, 1459),
(1312, '30.00', '2018-11-06 14:00:42', NULL, 1454),
(1313, '21.40', '2018-11-19 05:11:56', '2018-11-19 05:11:56', 1460),
(1314, '6.85', '2018-11-06 14:00:43', NULL, 1466),
(1315, '7.30', '2018-11-06 14:00:43', '2018-11-06 14:00:43', 1445),
(1316, '6.20', '2018-11-06 14:00:43', NULL, 1445),
(1317, '13.20', '2018-11-06 14:00:43', NULL, 1446),
(1318, '5.00', '2018-11-06 14:00:43', NULL, 1443),
(1319, '3.50', '2018-11-06 14:00:43', NULL, 1442),
(1320, '215.00', '2018-11-06 14:00:44', NULL, 1474),
(1321, '66.39', '2018-11-06 14:00:44', NULL, 1473),
(1322, '245.00', '2018-11-06 14:00:44', NULL, 1471),
(1323, '245.00', '2018-11-06 14:00:44', NULL, 1472),
(1324, '216.00', '2018-11-06 14:00:44', NULL, 1470),
(1325, '175.00', '2018-11-06 14:00:44', NULL, 1469),
(1326, '185.00', '2018-11-06 14:00:44', NULL, 1468),
(1327, '195.00', '2018-11-06 14:00:44', NULL, 1467),
(1328, '49.00', '2018-11-06 14:00:44', NULL, 1369),
(1329, '30.00', '2018-11-06 14:00:44', '2018-11-06 14:00:44', 1365),
(1330, '30.75', '2018-11-06 14:00:44', NULL, 1365),
(1331, '35.00', '2018-11-06 14:00:45', NULL, 1368),
(1332, '35.00', '2018-11-06 14:00:45', NULL, 1366),
(1333, '60.00', '2018-11-06 14:00:45', NULL, 1363),
(1334, '40.00', '2018-11-06 14:00:45', NULL, 1367),
(1335, '38.50', '2018-11-06 14:00:45', NULL, 1362),
(1336, '255.00', '2018-11-06 14:00:45', NULL, 1361),
(1337, '255.00', '2018-11-06 14:00:45', NULL, 1364),
(1338, '50.00', '2018-11-06 14:00:45', NULL, 1360),
(1339, '240.00', '2018-11-06 14:00:45', NULL, 1359),
(1340, '47.00', '2018-11-06 14:00:46', NULL, 1356),
(1341, '40.75', '2018-11-06 14:00:46', NULL, 1358),
(1342, '53.00', '2018-11-06 14:00:46', NULL, 1355),
(1343, '25.00', '2018-11-06 14:00:46', NULL, 1357),
(1344, '40.00', '2018-11-06 14:00:46', '2018-11-06 14:00:46', 1353),
(1345, '34.00', '2018-11-15 14:23:20', '2018-11-15 19:23:20', 1353),
(1346, '45.00', '2018-11-06 14:00:46', NULL, 1354),
(1347, '60.00', '2018-11-06 14:00:46', NULL, 1351),
(1348, '50.00', '2018-11-06 14:00:46', NULL, 1352),
(1349, '28.20', '2018-11-06 14:39:13', NULL, 1507),
(1350, '16.00', '2018-11-06 14:39:13', NULL, 1393),
(1351, '16.40', '2018-11-06 14:39:13', NULL, 1394),
(1352, '23.57', '2018-11-06 14:39:13', NULL, 1396),
(1353, '13.80', '2018-11-06 14:39:13', NULL, 1401),
(1354, '16.42', '2018-11-06 14:39:14', NULL, 1402),
(1355, '34.60', '2018-11-06 14:39:14', NULL, 1371),
(1356, '24.20', '2018-11-06 14:39:14', NULL, 1372),
(1357, '26.75', '2018-11-06 14:39:14', NULL, 1390),
(1358, '38.50', '2018-11-06 14:39:14', NULL, 1389),
(1359, '20.00', '2018-11-06 14:39:14', '2018-11-06 14:39:14', 1377),
(1360, '21.20', '2018-11-06 14:39:14', NULL, 1377),
(1361, '23.14', '2018-11-06 14:39:14', NULL, 1378),
(1362, '13.14', '2018-11-06 14:39:14', NULL, 1376),
(1363, '24.60', '2018-11-06 14:39:14', NULL, 1375),
(1364, '12.20', '2018-11-06 14:39:14', NULL, 1374),
(1365, '10.50', '2018-11-06 14:39:15', NULL, 1383),
(1366, '21.70', '2018-11-06 14:39:15', NULL, 1384),
(1367, '39.00', '2018-11-06 14:39:15', NULL, 1380),
(1368, '27.00', '2018-11-06 14:39:15', NULL, 1381),
(1369, '21.40', '2018-11-06 14:39:15', NULL, 1382),
(1370, '8.20', '2018-11-06 14:39:16', '2018-11-06 14:39:16', 1422),
(1371, '8.31', '2018-11-06 14:39:16', NULL, 1422),
(1372, '17.00', '2018-11-16 09:23:24', '2018-11-16 09:23:24', 1421),
(1373, '111.00', '2018-11-06 14:39:16', NULL, 1430),
(1374, '15.20', '2018-11-06 14:39:16', NULL, 1387),
(1375, '30.30', '2018-11-06 14:39:16', NULL, 1423),
(1376, '13.90', '2018-11-06 14:39:16', NULL, 1424),
(1377, '19.60', '2018-11-06 14:39:17', NULL, 1425),
(1378, '67.20', '2018-11-06 14:39:17', NULL, 1432),
(1379, '31.70', '2018-11-06 14:39:17', NULL, 1431),
(1380, '6.90', '2018-11-06 14:39:17', NULL, 1428),
(1381, '8.60', '2018-11-06 14:39:17', NULL, 1429),
(1382, '15.00', '2018-11-06 14:39:17', NULL, 1388),
(1383, '144.00', '2018-11-06 15:50:07', NULL, 1505),
(1384, '110.00', '2018-11-06 15:50:07', NULL, 1503),
(1385, '71.00', '2018-11-06 15:50:07', NULL, 1504),
(1386, '124.00', '2018-11-06 15:50:07', NULL, 1497),
(1387, '71.00', '2018-11-06 15:50:07', NULL, 1496),
(1388, '154.00', '2018-11-06 15:50:07', NULL, 1500),
(1389, '235.00', '2018-11-06 15:50:07', NULL, 1499),
(1390, '155.00', '2018-11-06 15:50:07', NULL, 1498),
(1391, '172.00', '2018-11-06 15:50:08', NULL, 1489),
(1392, '57.00', '2018-11-06 15:50:08', NULL, 1490),
(1393, '20.36', '2018-11-06 15:50:08', NULL, 1492),
(1394, '18.00', '2018-11-06 15:50:08', NULL, 1491),
(1395, '4.80', '2018-11-06 15:50:08', NULL, 1493),
(1396, '17.00', '2018-11-09 05:46:58', '2018-11-09 05:46:58', 1495),
(1397, '8.30', '2018-11-06 15:50:08', NULL, 1494),
(1398, '2.67', '2018-11-06 15:50:08', NULL, 1506),
(1399, '30.00', '2018-11-06 15:50:08', NULL, 1486),
(1400, '13.84', '2018-11-06 15:50:08', NULL, 1484),
(1401, '20.67', '2018-11-06 15:50:08', NULL, 1485),
(1402, '12.00', '2018-11-06 15:50:08', NULL, 1487),
(1403, '268.00', '2018-11-06 15:50:09', NULL, 1501),
(1404, '12.50', '2018-11-06 15:50:09', NULL, 1488),
(1405, '15.00', '2018-11-06 15:50:09', NULL, 1480),
(1406, '25.00', '2018-11-06 15:50:09', NULL, 1481),
(1407, '19.00', '2018-11-06 15:50:09', NULL, 1482),
(1408, '12.00', '2018-11-06 15:50:09', NULL, 1483),
(1409, '15.00', '2018-11-06 15:50:09', NULL, 1479),
(1410, '70.00', '2018-11-06 15:50:09', NULL, 1478),
(1411, '340.00', '2018-11-06 15:50:09', NULL, 1502),
(1412, '8.50', '2018-11-06 15:50:09', NULL, 1477),
(1413, '5.75', '2018-11-06 15:50:09', NULL, 1475),
(1414, '8.00', '2018-11-06 15:50:10', NULL, 1476),
(1415, '19.00', '2018-11-06 15:50:10', NULL, 1434),
(1416, '12.50', '2018-11-06 15:50:10', NULL, 1414),
(1417, '27.50', '2018-11-06 15:50:10', NULL, 1417),
(1418, '11.50', '2018-11-06 15:50:10', NULL, 1411),
(1419, '26.60', '2018-11-06 15:50:10', NULL, 1413),
(1420, '16.60', '2018-11-06 15:50:10', NULL, 1410),
(1421, '12.50', '2018-11-06 15:50:10', NULL, 1409),
(1422, '20.00', '2018-11-06 15:50:10', NULL, 1508),
(1423, '13.00', '2018-11-06 15:50:11', NULL, 1418),
(1424, '7.00', '2018-11-06 15:50:11', NULL, 1419),
(1425, '13.90', '2018-11-19 05:11:56', '2018-11-19 05:11:56', 1407),
(1426, '8.00', '2018-11-06 16:12:59', NULL, 1406),
(1427, '15.70', '2018-11-06 16:12:59', NULL, 1408),
(1428, '17.80', '2018-11-06 16:12:59', NULL, 1509),
(1429, '186.60', '2018-11-06 16:12:59', NULL, 1379),
(1430, '43.50', '2018-11-06 16:12:59', NULL, 1398),
(1431, '26.50', '2018-11-06 16:12:59', NULL, 1397),
(1432, '14.60', '2018-11-06 16:12:59', NULL, 1370),
(1433, '11.50', '2018-11-06 16:12:59', NULL, 1386),
(1434, '18.40', '2018-11-06 16:13:00', NULL, 1385),
(1435, '13.20', '2018-11-06 16:13:00', NULL, 1373),
(1436, '8.20', '2018-11-06 16:13:00', NULL, 1405),
(1437, '8.00', '2018-11-06 16:13:00', NULL, 1420),
(1438, '15.20', '2018-11-06 16:13:00', NULL, 1399),
(1439, '22.80', '2018-11-06 16:13:00', NULL, 1391),
(1440, '17.00', '2018-11-06 16:13:00', NULL, 1392),
(1441, '16.50', '2018-11-06 16:13:00', NULL, 1438),
(1442, '24.80', '2018-11-06 16:13:00', NULL, 1439),
(1443, '23.50', '2018-11-14 05:27:42', '2018-11-14 05:27:42', 1427),
(1444, '7.80', '2018-11-06 16:13:00', NULL, 1426),
(1445, '23.00', '2018-11-06 16:13:00', NULL, 1404),
(1446, '35.00', '2018-11-06 16:13:00', NULL, 1403),
(1447, '20.00', '2018-11-06 16:13:01', NULL, 1435),
(1448, '10.60', '2018-11-14 15:03:31', '2018-11-14 20:03:31', 1433),
(1449, '10.00', '2018-11-06 16:13:01', NULL, 1436),
(1450, '17.35', '2018-11-06 16:26:31', NULL, 1176),
(1451, '26.55', '2018-11-07 05:38:39', NULL, 928),
(1452, '31.00', '2018-11-07 05:38:39', NULL, 1510),
(1453, '26.00', '2018-11-07 05:38:39', NULL, 1511),
(1454, '6.26', '2018-11-07 05:38:39', NULL, 924),
(1455, '12.30', '2018-11-07 05:38:39', NULL, 887),
(1456, '7.50', '2018-11-07 05:38:39', NULL, 1512),
(1457, '18.58', '2018-11-07 05:38:39', NULL, 890),
(1458, '30.72', '2018-11-07 05:38:39', NULL, 910),
(1459, '25.86', '2018-11-07 05:38:39', NULL, 909),
(1460, '19.29', '2018-11-07 05:38:39', NULL, 908),
(1461, '52.87', '2018-11-12 05:34:33', '2018-11-12 05:34:33', 282),
(1462, '2084.00', '2018-11-12 05:09:52', '2018-11-12 10:09:52', 937),
(1463, '15.93', '2018-11-07 05:48:26', NULL, 1255),
(1464, '7.36', '2018-11-07 05:48:26', NULL, 1513),
(1465, '32.29', '2018-11-07 05:48:26', NULL, 1179),
(1466, '23.86', '2018-11-07 05:48:26', NULL, 1180),
(1467, '8.50', '2018-11-07 05:48:26', NULL, 1197),
(1468, '25.50', '2018-11-07 05:48:26', NULL, 1261),
(1469, '173.00', '2018-11-07 05:48:26', NULL, 1514),
(1470, '18.60', '2018-11-07 08:46:02', NULL, 1516),
(1471, '5.57', '2018-11-07 08:46:02', NULL, 155),
(1472, '18.50', '2018-11-07 08:46:02', NULL, 160),
(1473, '5.70', '2018-11-07 08:46:02', NULL, 1517),
(1474, '21.00', '2018-11-07 08:46:02', NULL, 212),
(1475, '17.80', '2018-11-07 08:46:03', NULL, 218),
(1476, '49.00', '2018-11-07 08:46:03', NULL, 260),
(1477, '3.42', '2018-11-07 08:46:03', NULL, 219),
(1478, '57.00', '2018-11-07 08:46:03', NULL, 261),
(1479, '22.75', '2018-11-07 08:46:03', NULL, 1519),
(1480, '28.00', '2018-11-07 08:46:03', NULL, 1518),
(1481, '2.53', '2018-11-07 09:16:07', NULL, 655),
(1482, '165.00', '2018-11-07 09:16:07', NULL, 1520),
(1483, '51.00', '2018-11-07 09:16:07', NULL, 1521),
(1484, '19.65', '2018-11-07 09:16:07', NULL, 595),
(1485, '60.00', '2018-11-07 12:07:48', NULL, 1558),
(1486, '11.00', '2018-11-07 12:07:48', NULL, 1553),
(1487, '16.00', '2018-11-07 12:07:48', NULL, 1554),
(1488, '30.00', '2018-11-07 12:07:48', NULL, 1552),
(1489, '10.00', '2018-11-07 12:07:48', NULL, 1551),
(1490, '32.15', '2018-11-07 12:07:48', NULL, 1555),
(1491, '28.00', '2018-11-07 12:07:48', NULL, 1556),
(1492, '14.30', '2018-11-07 12:07:48', NULL, 1557),
(1493, '290.00', '2018-11-07 12:07:48', NULL, 1559),
(1494, '266.00', '2018-11-07 12:07:49', NULL, 1560),
(1495, '11.00', '2018-11-07 12:07:49', NULL, 1530),
(1496, '36.00', '2018-11-07 12:07:49', NULL, 1533),
(1497, '7.00', '2018-11-07 12:07:49', NULL, 1532),
(1498, '5.73', '2018-11-07 12:07:49', NULL, 1531),
(1499, '5.73', '2018-11-07 12:07:49', NULL, 1534),
(1500, '20.33', '2018-11-07 12:07:49', NULL, 1528),
(1501, '23.00', '2018-11-07 12:07:49', NULL, 1526),
(1502, '33.00', '2018-11-07 12:07:49', NULL, 1525),
(1503, '20.34', '2018-11-07 12:07:49', NULL, 1305),
(1504, '13.75', '2018-11-07 12:07:49', NULL, 1529),
(1505, '5.85', '2018-11-07 12:07:49', NULL, 1527),
(1506, '25.00', '2018-11-07 12:07:49', NULL, 1524),
(1507, '22.00', '2018-11-07 12:07:49', NULL, 1522),
(1508, '10.75', '2018-11-07 12:07:49', NULL, 1536),
(1509, '6.75', '2018-11-07 12:07:49', NULL, 1535),
(1510, '20.00', '2018-11-07 12:07:50', NULL, 1537),
(1511, '8.34', '2018-11-07 12:07:50', NULL, 1538),
(1512, '18.34', '2018-11-07 12:07:50', NULL, 1539),
(1513, '23.40', '2018-11-07 12:07:50', NULL, 1540),
(1514, '79.84', '2018-11-09 14:20:29', '2018-11-09 19:20:29', 1543),
(1515, '38.34', '2018-11-07 12:07:50', NULL, 1541),
(1516, '45.00', '2018-11-07 12:07:50', NULL, 1542),
(1517, '31.00', '2018-11-07 12:07:50', NULL, 1545),
(1518, '8.75', '2018-11-07 12:07:50', NULL, 1548),
(1519, '14.14', '2018-11-07 12:07:50', NULL, 1550),
(1520, '8.50', '2018-11-07 12:07:50', NULL, 1549),
(1521, '14.00', '2018-11-07 12:07:50', NULL, 1544),
(1522, '32.86', '2018-11-07 12:07:50', NULL, 1547),
(1523, '12.86', '2018-11-07 12:07:51', NULL, 1546),
(1524, '8.30', '2018-11-07 13:59:15', NULL, 1563),
(1525, '9.95', '2018-11-07 13:59:15', NULL, 1569),
(1526, '4.16', '2018-11-07 13:59:16', NULL, 1562),
(1527, '18.00', '2018-11-07 13:59:16', NULL, 1561),
(1528, '14.10', '2018-11-07 13:59:16', NULL, 1565),
(1529, '8.50', '2018-11-07 13:59:16', NULL, 1564),
(1530, '300.00', '2018-11-19 09:42:23', '2018-11-19 09:42:23', 1573),
(1531, '15.00', '2018-11-07 13:59:16', NULL, 1568),
(1532, '65.00', '2018-11-07 13:59:16', NULL, 1566),
(1533, '7.25', '2018-11-07 13:59:16', NULL, 1571),
(1534, '6.00', '2018-11-07 13:59:16', NULL, 1570),
(1535, '6.60', '2018-11-07 13:59:16', NULL, 1567),
(1536, '95.00', '2018-11-07 13:59:16', NULL, 1604),
(1537, '17.00', '2018-11-07 13:59:16', NULL, 1579),
(1538, '10.20', '2018-11-07 13:59:16', NULL, 1578),
(1539, '23.00', '2018-11-07 13:59:16', NULL, 1583),
(1540, '23.00', '2018-11-16 06:10:32', '2018-11-16 06:10:32', 1581),
(1541, '12.00', '2018-11-07 13:59:17', NULL, 1580),
(1542, '25.20', '2018-11-07 13:59:17', NULL, 1577),
(1543, '25.20', '2018-11-07 13:59:17', NULL, 1576),
(1544, '11.50', '2018-11-07 13:59:17', NULL, 1593),
(1545, '18.50', '2018-11-07 13:59:17', NULL, 1590),
(1546, '27.10', '2018-11-07 13:59:17', NULL, 1597),
(1547, '9.00', '2018-11-07 13:59:17', NULL, 1587),
(1548, '15.70', '2018-11-07 13:59:17', NULL, 1586),
(1549, '12.60', '2018-11-07 13:59:17', NULL, 1592),
(1550, '6.75', '2018-11-07 13:59:17', NULL, 1588),
(1551, '15.00', '2018-11-07 13:59:17', NULL, 1591),
(1552, '17.70', '2018-11-07 13:59:17', NULL, 1594),
(1553, '15.70', '2018-11-07 13:59:18', NULL, 1598),
(1554, '17.50', '2018-11-07 13:59:18', '2018-11-07 13:59:18', 1602),
(1555, '7.20', '2018-11-07 13:59:18', NULL, 1605),
(1556, '44.50', '2018-11-07 13:59:18', NULL, 1595),
(1557, '24.00', '2018-11-07 13:59:18', NULL, 1585),
(1558, '8.50', '2018-11-07 13:59:18', NULL, 1584),
(1559, '2.15', '2018-11-07 13:59:18', NULL, 1599),
(1560, '175.00', '2018-11-07 13:59:18', NULL, 1602),
(1561, '65.00', '2018-11-07 13:59:19', NULL, 1596),
(1562, '170.00', '2018-11-07 13:59:19', NULL, 1603),
(1563, '175.00', '2018-11-07 13:59:19', NULL, 1601),
(1564, '200.00', '2018-11-07 13:59:19', NULL, 1600),
(1565, '129.00', '2018-11-07 14:35:59', NULL, 1621),
(1566, '4.08', '2018-11-07 14:35:59', NULL, 1609),
(1567, '13.96', '2018-11-07 14:35:59', NULL, 1610),
(1568, '4.14', '2018-11-07 14:35:59', NULL, 1607),
(1569, '2.00', '2018-11-07 14:35:59', NULL, 1613),
(1570, '23.00', '2018-11-07 14:35:59', NULL, 1606),
(1571, '7.37', '2018-11-07 14:35:59', NULL, 1626),
(1572, '14.44', '2018-11-07 14:35:59', NULL, 1627),
(1573, '3.14', '2018-11-07 14:36:00', '2018-11-07 14:36:00', 1608),
(1574, '17.50', '2018-11-07 14:36:00', '2018-11-07 14:36:00', 1611),
(1575, '18.50', '2018-11-07 14:36:00', NULL, 1611),
(1576, '23.59', '2018-11-16 10:27:25', '2018-11-16 10:27:25', 1612),
(1577, '1.70', '2018-11-07 14:36:00', NULL, 1608),
(1578, '65.00', '2018-11-07 14:36:00', NULL, 1619),
(1579, '47.00', '2018-11-07 14:36:00', NULL, 1617),
(1580, '650.00', '2018-11-07 14:36:00', NULL, 1625),
(1581, '50.00', '2018-11-07 14:36:00', '2018-11-07 14:36:00', 1622),
(1582, '240.00', '2018-11-07 14:36:00', NULL, 1616),
(1583, '130.00', '2018-11-07 14:36:00', NULL, 1615),
(1584, '26.00', '2018-11-07 14:36:00', NULL, 1624),
(1585, '77.00', '2018-11-07 14:36:00', NULL, 1622),
(1586, '54.00', '2018-11-07 14:36:01', NULL, 1623),
(1587, '55.00', '2018-11-07 14:36:01', NULL, 1620),
(1588, '68.00', '2018-11-07 14:36:01', NULL, 1618),
(1589, '4.12', '2018-11-07 14:58:21', NULL, 1131),
(1590, '6.74', '2018-11-08 04:57:00', '2018-11-08 04:57:00', 1628),
(1591, '14.00', '2018-11-07 16:13:53', NULL, 1629),
(1592, '26.79', '2018-11-07 16:13:54', NULL, 1644),
(1593, '35.64', '2018-11-07 16:13:54', '2018-11-07 16:13:54', 1646),
(1594, '29.00', '2018-11-07 16:13:54', NULL, 1646),
(1595, '10.00', '2018-11-07 16:13:54', NULL, 1632),
(1596, '14.75', '2018-11-07 16:13:54', NULL, 1631),
(1597, '10.00', '2018-11-07 16:13:54', NULL, 1630),
(1598, '21.00', '2018-11-07 16:13:54', NULL, 1643),
(1599, '15.00', '2018-11-07 16:13:54', NULL, 1642),
(1600, '26.30', '2018-11-07 16:13:54', NULL, 1669),
(1601, '4.40', '2018-11-07 16:13:54', NULL, 1670),
(1602, '15.00', '2018-11-07 16:13:54', NULL, 1668),
(1603, '29.50', '2018-11-07 16:13:54', NULL, 1674),
(1604, '6.78', '2018-11-07 16:13:54', NULL, 1675),
(1605, '3.93', '2018-11-07 16:13:55', NULL, 1676),
(1606, '29.50', '2018-11-07 16:13:55', NULL, 1671),
(1607, '2.65', '2018-11-07 16:13:55', NULL, 1673),
(1608, '15.00', '2018-11-07 16:13:55', NULL, 1677),
(1609, '15.00', '2018-11-07 16:13:55', NULL, 1672),
(1610, '22.15', '2018-11-07 16:13:55', NULL, 1667),
(1611, '7.50', '2018-11-07 16:13:55', NULL, 1678),
(1612, '27.00', '2018-11-07 16:13:55', NULL, 1666),
(1613, '17.00', '2018-11-07 16:13:55', NULL, 1663),
(1614, '15.60', '2018-11-12 07:56:11', '2018-11-12 12:56:11', 1614),
(1615, '17.50', '2018-11-07 16:13:56', NULL, 1635),
(1616, '10.20', '2018-11-07 16:13:56', NULL, 1634),
(1617, '9.90', '2018-11-07 16:13:56', NULL, 1636),
(1618, '17.50', '2018-11-07 16:13:56', NULL, 1637),
(1619, '15.00', '2018-11-07 16:13:56', NULL, 1638),
(1620, '22.50', '2018-11-07 16:13:56', NULL, 1639),
(1621, '5.20', '2018-11-07 16:13:57', NULL, 1640),
(1622, '15.00', '2018-11-07 16:13:57', NULL, 1679),
(1623, '19.00', '2018-11-07 16:13:57', NULL, 1659),
(1624, '4.40', '2018-11-07 16:13:57', NULL, 1662),
(1625, '6.00', '2018-11-07 16:13:57', NULL, 1658),
(1626, '11.60', '2018-11-07 16:13:57', NULL, 1654),
(1627, '20.00', '2018-11-07 16:13:57', NULL, 1655),
(1628, '13.00', '2018-11-07 16:13:57', NULL, 1657),
(1629, '9.10', '2018-11-07 16:13:57', NULL, 1656),
(1630, '21.08', '2018-11-07 16:13:57', NULL, 1653),
(1631, '13.22', '2018-11-07 16:13:57', NULL, 1652),
(1632, '14.00', '2018-11-07 16:13:58', NULL, 1651),
(1633, '7.84', '2018-11-07 16:13:58', NULL, 1649),
(1634, '250.00', '2018-11-18 12:14:03', '2018-11-18 17:14:03', 1665),
(1635, '27.00', '2018-11-07 16:13:58', NULL, 1647),
(1636, '28.00', '2018-11-07 16:13:58', NULL, 1648),
(1637, '25.00', '2018-11-07 16:13:58', NULL, 1650),
(1638, '7.34', '2018-11-08 04:57:00', NULL, 436),
(1639, '10.10', '2018-11-09 10:40:12', '2018-11-09 10:40:12', 1628),
(1640, '14.06', '2018-11-08 06:13:30', NULL, 316),
(1641, '7.13', '2018-11-08 06:13:30', NULL, 346),
(1642, '22.20', '2018-11-17 10:28:39', '2018-11-17 10:28:39', 578),
(1643, '203.00', '2018-11-08 14:01:12', NULL, 1681),
(1644, '58.75', '2018-11-08 14:01:12', NULL, 1680),
(1645, '57.00', '2018-11-08 14:01:12', NULL, 1683),
(1646, '57.00', '2018-11-08 14:01:12', NULL, 1684),
(1647, '150.00', '2018-11-08 14:01:12', NULL, 1711),
(1648, '55.00', '2018-11-08 14:01:12', '2018-11-08 14:01:12', 1696),
(1649, '38.00', '2018-11-08 14:01:12', NULL, 1685),
(1650, '34.00', '2018-11-08 14:01:12', NULL, 1696),
(1651, '63.38', '2018-11-08 14:01:12', NULL, 1686),
(1652, '135.86', '2018-11-08 14:01:13', NULL, 1694),
(1653, '44.50', '2018-11-08 14:01:13', NULL, 1695),
(1654, '74.00', '2018-11-08 14:01:13', NULL, 1693),
(1655, '122.00', '2018-11-08 14:01:13', NULL, 1722),
(1656, '60.00', '2018-11-08 14:01:13', NULL, 1691),
(1657, '24.00', '2018-11-08 14:01:13', NULL, 1692),
(1658, '57.29', '2018-11-08 14:01:13', NULL, 1690),
(1659, '51.75', '2018-11-08 14:01:13', NULL, 1689),
(1660, '32.00', '2018-11-08 14:01:13', NULL, 1688),
(1661, '61.00', '2018-11-08 14:01:13', NULL, 1697),
(1662, '63.51', '2018-11-08 14:01:13', NULL, 1717),
(1663, '90.00', '2018-11-08 14:01:13', NULL, 1710),
(1664, '54.00', '2018-11-08 14:01:14', NULL, 1720),
(1665, '70.00', '2018-11-08 14:01:14', NULL, 1709),
(1666, '195.00', '2018-11-08 14:01:14', NULL, 1721),
(1667, '235.00', '2018-11-08 14:01:14', NULL, 1706),
(1668, '71.00', '2018-11-08 14:01:14', NULL, 1719),
(1669, '63.00', '2018-11-08 14:01:14', NULL, 1718),
(1670, '180.00', '2018-11-08 14:01:14', NULL, 1712),
(1671, '85.00', '2018-11-08 14:01:14', NULL, 1714),
(1672, '70.00', '2018-11-08 14:01:14', NULL, 1715),
(1673, '165.00', '2018-11-08 14:01:14', NULL, 1817),
(1674, '140.00', '2018-11-08 14:01:14', NULL, 1704),
(1675, '259.00', '2018-11-08 14:01:14', NULL, 1732),
(1676, '128.00', '2018-11-08 14:01:14', NULL, 1707),
(1677, '140.00', '2018-11-15 06:58:07', '2018-11-15 06:58:07', 1703),
(1678, '894.00', '2018-11-08 14:01:15', NULL, 1716),
(1679, '55.00', '2018-11-08 14:01:15', NULL, 1705),
(1680, '60.00', '2018-11-08 14:01:15', NULL, 1701),
(1681, '75.00', '2018-11-08 14:01:15', NULL, 1698),
(1682, '70.00', '2018-11-08 14:01:15', NULL, 1700),
(1683, '70.00', '2018-11-08 14:01:15', NULL, 1699),
(1684, '161.00', '2018-11-08 14:01:16', NULL, 1728),
(1685, '81.00', '2018-11-08 14:01:16', NULL, 1727),
(1686, '57.50', '2018-11-15 06:58:06', '2018-11-15 06:58:06', 1729),
(1687, '41.99', '2018-11-08 14:01:16', NULL, 1726),
(1688, '76.58', '2018-11-08 14:01:16', NULL, 1745),
(1689, '175.00', '2018-11-08 14:35:12', NULL, 1743),
(1690, '110.00', '2018-11-08 14:35:12', NULL, 1739),
(1691, '66.00', '2018-11-08 14:35:12', NULL, 1744),
(1692, '30.43', '2018-11-08 14:35:12', NULL, 1760),
(1693, '700.00', '2018-11-08 14:35:12', NULL, 1738),
(1694, '595.00', '2018-11-08 14:35:12', NULL, 1736),
(1695, '48.66', '2018-11-08 14:35:13', NULL, 1737),
(1696, '62.00', '2018-11-08 14:35:13', NULL, 1818),
(1697, '60.00', '2018-11-08 14:35:13', NULL, 1742),
(1698, '67.00', '2018-11-08 14:35:13', '2018-11-08 14:35:13', 1741),
(1699, '67.30', '2018-11-08 14:35:13', NULL, 1741),
(1700, '22.50', '2018-11-08 14:35:13', NULL, 1735),
(1701, '82.84', '2018-11-08 14:35:13', NULL, 1733),
(1702, '139.00', '2018-11-08 14:35:13', NULL, 1746),
(1703, '220.00', '2018-11-08 14:35:13', NULL, 1758),
(1704, '242.00', '2018-11-08 14:35:13', NULL, 1759),
(1705, '52.10', '2018-11-08 14:35:13', NULL, 1757),
(1706, '50.00', '2018-11-08 14:35:14', NULL, 1747),
(1707, '65.55', '2018-11-08 14:35:14', NULL, 1748),
(1708, '43.65', '2018-11-08 14:35:14', NULL, 1755),
(1709, '83.98', '2018-11-08 14:35:14', NULL, 1753),
(1710, '71.00', '2018-11-08 14:35:14', NULL, 1752),
(1711, '103.50', '2018-11-08 14:35:14', NULL, 1754),
(1712, '51.42', '2018-11-15 07:22:25', '2018-11-15 07:22:25', 1762),
(1713, '38.96', '2018-11-08 14:35:14', NULL, 1761),
(1714, '129.00', '2018-11-08 14:35:14', NULL, 1749),
(1715, '59.31', '2018-11-08 14:35:14', NULL, 1756),
(1716, '112.00', '2018-11-08 14:35:14', NULL, 1725),
(1717, '257.00', '2018-11-08 14:35:14', NULL, 1724),
(1718, '60.00', '2018-11-08 14:35:14', NULL, 1723),
(1719, '52.62', '2018-11-08 14:35:14', NULL, 1751),
(1720, '32.89', '2018-11-08 14:35:14', NULL, 1750),
(1721, '17.50', '2018-11-09 05:46:58', NULL, 1495),
(1722, '155.00', '2018-11-09 05:46:58', NULL, 1819),
(1723, '18.00', '2018-11-09 05:46:59', NULL, 1820),
(1724, '14.54', '2018-11-09 05:46:59', NULL, 1458),
(1725, '22.90', '2018-11-09 06:01:59', NULL, 1177),
(1726, '396.00', '2018-11-09 06:01:59', NULL, 1223),
(1727, '88.00', '2018-11-09 06:35:49', NULL, 605),
(1728, '84.00', '2018-11-09 06:35:49', NULL, 1821),
(1729, '6.74', '2018-11-09 10:40:12', NULL, 1628),
(1730, '5.50', '2018-11-09 10:40:12', NULL, 1822),
(1731, '35.00', '2018-11-09 14:14:51', NULL, 1824),
(1732, '22.50', '2018-11-12 08:29:08', '2018-11-12 13:29:08', 1826),
(1733, '95.20', '2018-11-09 14:14:52', NULL, 1825),
(1734, '79.80', '2018-11-09 14:20:29', NULL, 1543),
(1735, '150.00', '2018-11-09 15:17:47', NULL, 1764),
(1736, '135.00', '2018-11-09 15:17:48', NULL, 1763),
(1737, '35.00', '2018-11-09 15:17:48', NULL, 1766),
(1738, '104.00', '2018-11-09 15:17:48', NULL, 1768),
(1739, '57.00', '2018-11-16 12:51:37', '2018-11-16 12:51:37', 1767),
(1740, '84.00', '2018-11-09 15:17:48', NULL, 1773),
(1741, '207.00', '2018-11-09 15:17:48', NULL, 1777),
(1742, '81.00', '2018-11-09 15:17:48', NULL, 1775),
(1743, '93.00', '2018-11-09 15:17:48', NULL, 1774),
(1744, '60.00', '2018-11-09 15:17:48', NULL, 1771),
(1745, '60.00', '2018-11-09 15:17:48', NULL, 1770),
(1746, '229.00', '2018-11-09 15:17:48', NULL, 1789),
(1747, '295.00', '2018-11-09 15:17:48', NULL, 1788),
(1748, '126.00', '2018-11-09 15:17:48', NULL, 1780),
(1749, '61.00', '2018-11-09 15:17:48', NULL, 1823),
(1750, '76.00', '2018-11-09 15:17:48', NULL, 1785),
(1751, '190.00', '2018-11-09 15:17:49', NULL, 1778),
(1752, '180.00', '2018-11-09 15:17:49', NULL, 1781),
(1753, '144.00', '2018-11-09 15:17:49', NULL, 1814),
(1754, '224.00', '2018-11-09 15:17:49', NULL, 1783),
(1755, '152.00', '2018-11-09 15:17:49', NULL, 1827),
(1756, '70.00', '2018-11-09 15:17:49', NULL, 1779),
(1757, '22.00', '2018-11-09 15:17:49', NULL, 1790),
(1758, '35.00', '2018-11-09 15:17:49', NULL, 1828),
(1759, '1140.00', '2018-11-09 15:17:49', NULL, 1813),
(1760, '99.00', '2018-11-09 15:17:49', NULL, 1786),
(1761, '200.00', '2018-11-09 15:17:49', NULL, 1787),
(1762, '50.00', '2018-11-16 12:51:38', '2018-11-16 12:51:38', 1815),
(1763, '127.00', '2018-11-09 15:17:50', NULL, 1798),
(1764, '139.00', '2018-11-09 15:17:50', NULL, 1797),
(1765, '110.00', '2018-11-09 15:17:50', NULL, 1795),
(1766, '294.00', '2018-11-09 15:17:50', NULL, 1791),
(1767, '976.00', '2018-11-09 15:17:50', NULL, 1772),
(1768, '45.00', '2018-11-09 15:17:52', '2018-11-09 15:17:52', 1794),
(1769, '80.00', '2018-11-09 15:17:50', NULL, 1805),
(1770, '25.00', '2018-11-09 15:17:50', NULL, 1801),
(1771, '104.00', '2018-11-09 15:17:51', NULL, 1802),
(1772, '13.00', '2018-11-09 15:17:51', NULL, 1800),
(1773, '25.00', '2018-11-09 15:17:51', NULL, 1816),
(1774, '200.00', '2018-11-09 15:17:51', NULL, 1803),
(1775, '335.00', '2018-11-09 15:17:51', NULL, 1809),
(1776, '335.00', '2018-11-09 15:17:51', NULL, 1810),
(1777, '224.00', '2018-11-09 15:17:51', NULL, 1807),
(1778, '276.00', '2018-11-09 15:17:51', NULL, 1829),
(1779, '165.00', '2018-11-09 15:17:51', NULL, 1811),
(1780, '160.00', '2018-11-09 15:17:51', NULL, 1806),
(1781, '84.00', '2018-11-09 15:17:52', NULL, 1799),
(1782, '59.00', '2018-11-09 15:17:52', NULL, 1796),
(1783, '510.00', '2018-11-09 15:17:52', NULL, 1812),
(1784, '199.00', '2018-11-19 09:42:23', '2018-11-19 09:42:23', 1830),
(1785, '50.00', '2018-11-09 15:17:52', NULL, 1794),
(1786, '96.00', '2018-11-09 15:17:52', NULL, 1792),
(1787, '93.00', '2018-11-09 15:17:52', NULL, 1793),
(1788, '180.00', '2018-11-09 15:17:52', NULL, 1831),
(1789, '65.00', '2018-11-10 05:10:25', NULL, 1832),
(1790, '102.00', '2018-11-10 05:37:06', NULL, 1833),
(1791, '500.00', '2018-11-10 07:40:14', NULL, 105),
(1792, '670.00', '2018-11-10 07:40:15', NULL, 1834),
(1793, '360.00', '2018-11-10 10:54:48', NULL, 1835),
(1794, '3.10', '2018-11-10 12:45:58', NULL, 355),
(1795, '58.00', '2018-11-10 13:24:22', NULL, 1839),
(1796, '448.00', '2018-11-10 13:24:22', NULL, 1846),
(1797, '569.00', '2018-11-10 13:24:22', NULL, 1848),
(1798, '408.00', '2018-11-10 13:24:22', NULL, 1847),
(1799, '198.00', '2018-11-10 13:24:22', NULL, 1836),
(1800, '220.00', '2018-11-10 13:24:22', NULL, 1837),
(1801, '775.00', '2018-11-10 13:24:22', NULL, 1844),
(1802, '200.00', '2018-11-10 13:24:23', NULL, 1838),
(1803, '200.00', '2018-11-10 13:24:23', NULL, 1841),
(1804, '427.00', '2018-11-10 13:24:23', NULL, 1845),
(1805, '175.00', '2018-11-10 13:24:23', NULL, 1842),
(1806, '315.00', '2018-11-10 13:24:23', NULL, 1840),
(1807, '23.00', '2018-11-10 13:24:23', NULL, 1849),
(1808, '30.00', '2018-11-10 13:24:23', NULL, 1851),
(1809, '15.00', '2018-11-10 13:24:23', NULL, 1850),
(1810, '32.00', '2018-11-10 13:24:23', NULL, 1852),
(1811, '85.00', '2018-11-10 13:24:23', NULL, 1854),
(1812, '85.00', '2018-11-10 13:24:23', NULL, 1853),
(1813, '31.00', '2018-11-10 13:24:23', NULL, 1855),
(1814, '104.00', '2018-11-10 13:24:23', NULL, 1856),
(1815, '21.00', '2018-11-10 13:24:24', NULL, 1858),
(1816, '23.00', '2018-11-10 13:24:24', NULL, 1857),
(1817, '43.00', '2018-11-10 13:24:24', NULL, 1867),
(1818, '296.00', '2018-11-10 13:24:24', NULL, 1865),
(1819, '362.00', '2018-11-10 13:24:24', NULL, 1866),
(1820, '93.00', '2018-11-10 13:24:24', '2018-11-10 13:24:24', 625),
(1821, '88.00', '2018-11-10 13:24:24', NULL, 625),
(1822, '19.00', '2018-11-10 13:24:24', NULL, 1874),
(1823, '92.00', '2018-11-10 13:24:24', NULL, 1868),
(1824, '30.00', '2018-11-10 13:24:24', NULL, 1859),
(1825, '35.00', '2018-11-10 13:24:24', NULL, 1860),
(1826, '52.00', '2018-11-10 13:24:24', NULL, 1861),
(1827, '161.00', '2018-11-10 13:24:25', NULL, 1869),
(1828, '300.00', '2018-11-10 13:24:25', NULL, 1870),
(1829, '195.00', '2018-11-10 13:24:25', NULL, 1872),
(1830, '82.00', '2018-11-10 13:24:25', NULL, 1863),
(1831, '92.00', '2018-11-10 13:24:25', NULL, 1862),
(1832, '32.00', '2018-11-10 13:24:25', NULL, 1864),
(1833, '8.18', '2018-11-11 11:27:28', NULL, 1251),
(1834, '41.00', '2018-11-11 14:24:37', NULL, 1343),
(1835, '29.90', '2018-11-11 15:21:25', '2018-11-11 20:21:25', 493),
(1836, '25.90', '2018-11-11 15:21:25', NULL, 493),
(1837, '20.84', '2018-11-12 05:09:52', NULL, 937),
(1838, '52.86', '2018-11-12 05:34:33', NULL, 282),
(1839, '7.90', '2018-11-12 05:34:33', NULL, 1140),
(1840, '3.34', '2018-11-12 05:34:34', NULL, 949),
(1841, '23.86', '2018-11-12 05:34:34', NULL, 1254),
(1842, '12.58', '2018-11-12 05:34:34', NULL, 1253),
(1843, '87.00', '2018-11-12 05:34:34', NULL, 227),
(1844, '2.47', '2018-11-12 06:23:09', NULL, 722),
(1845, '86.00', '2018-11-12 06:23:09', NULL, 1776),
(1846, '6.54', '2018-11-12 06:23:09', NULL, 1927),
(1847, '11.85', '2018-11-12 06:23:09', NULL, 728),
(1848, '3.20', '2018-11-12 06:23:09', NULL, 751),
(1849, '22.78', '2018-11-12 06:23:09', NULL, 701),
(1850, '15.10', '2018-11-12 06:23:09', NULL, 1928),
(1851, '50.00', '2018-11-12 07:56:11', NULL, 1614),
(1852, '225.00', '2018-11-12 08:29:08', NULL, 1826),
(1853, '130.00', '2018-11-12 12:33:57', NULL, 1932),
(1854, '8.30', '2018-11-12 12:33:57', NULL, 1933),
(1855, '11.29', '2018-11-12 12:33:57', NULL, 688),
(1856, '21.08', '2018-11-12 12:33:57', NULL, 687),
(1857, '227.00', '2018-11-12 12:33:57', NULL, 1934),
(1858, '4.75', '2018-11-12 12:33:57', NULL, 1930),
(1859, '6.15', '2018-11-12 12:33:57', NULL, 1931),
(1860, '2.70', '2018-11-12 12:33:58', NULL, 670),
(1861, '50.00', '2018-11-12 13:42:12', NULL, 1935),
(1862, '250.00', '2018-11-12 13:42:12', NULL, 1936),
(1863, '200.00', '2018-11-12 13:42:12', NULL, 1937),
(1864, '5.73', '2018-11-12 17:20:49', NULL, 1938),
(1865, '65.00', '2018-11-12 17:20:49', NULL, 1939),
(1866, '18.58', '2018-11-13 05:03:03', NULL, 415),
(1867, '23.50', '2018-11-13 05:03:03', NULL, 410),
(1868, '50.00', '2018-11-13 05:03:03', NULL, 390),
(1869, '15.54', '2018-11-13 05:03:03', NULL, 478),
(1870, '31.07', '2018-11-13 05:03:04', NULL, 480),
(1871, '915.00', '2018-11-13 05:03:04', NULL, 123),
(1872, '75.00', '2018-11-13 11:26:02', NULL, 1880),
(1873, '10.00', '2018-11-13 11:26:02', NULL, 1878),
(1874, '1200.00', '2018-11-13 11:26:02', NULL, 1877),
(1875, '28.00', '2018-11-13 11:26:02', NULL, 1155),
(1876, '20.00', '2018-11-13 11:26:02', NULL, 1941),
(1877, '39.00', '2018-11-13 11:26:02', NULL, 1942),
(1878, '25.00', '2018-11-13 11:26:02', NULL, 1943),
(1879, '10.00', '2018-11-13 11:26:02', NULL, 1881),
(1880, '4.10', '2018-11-13 11:26:02', NULL, 1882),
(1881, '5.24', '2018-11-13 11:26:02', NULL, 1883),
(1882, '4.40', '2018-11-13 11:26:02', NULL, 1884),
(1883, '8.00', '2018-11-13 11:26:02', NULL, 1888),
(1884, '10.00', '2018-11-13 11:26:02', NULL, 1887),
(1885, '10.00', '2018-11-13 11:26:03', NULL, 1892),
(1886, '11.00', '2018-11-13 11:26:03', NULL, 1879),
(1887, '27.00', '2018-11-13 11:26:03', NULL, 1889),
(1888, '3.00', '2018-11-13 11:26:03', NULL, 1944),
(1889, '7.10', '2018-11-13 11:26:03', NULL, 1894),
(1890, '6.80', '2018-11-13 11:26:03', NULL, 1895),
(1891, '3.00', '2018-11-13 11:26:03', NULL, 1893),
(1892, '7.20', '2018-11-13 11:26:03', NULL, 1896),
(1893, '50.00', '2018-11-13 11:26:03', NULL, 1897),
(1894, '75.00', '2018-11-13 11:26:03', NULL, 1908),
(1895, '150.00', '2018-11-13 11:26:03', NULL, 1898),
(1896, '220.00', '2018-11-13 11:26:03', NULL, 1899),
(1897, '8.75', '2018-11-13 12:52:50', NULL, 1904),
(1898, '14.60', '2018-11-13 12:52:50', NULL, 1905),
(1899, '15.00', '2018-11-13 12:52:50', NULL, 1906),
(1900, '15.00', '2018-11-13 12:52:50', NULL, 1907),
(1901, '40.00', '2018-11-13 12:52:50', NULL, 1901),
(1902, '19.34', '2018-11-13 12:52:50', NULL, 1902),
(1903, '25.00', '2018-11-13 12:52:50', NULL, 1900),
(1904, '650.00', '2018-11-13 12:52:50', NULL, 1914),
(1905, '540.00', '2018-11-13 12:52:51', NULL, 1912),
(1906, '575.00', '2018-11-13 12:52:51', NULL, 1911),
(1907, '450.00', '2018-11-13 12:52:51', NULL, 1913),
(1908, '298.00', '2018-11-13 12:52:51', NULL, 1916),
(1909, '1.33', '2018-11-15 06:58:06', '2018-11-15 06:58:06', 1030),
(1910, '400.00', '2018-11-13 12:52:51', NULL, 1918),
(1911, '250.00', '2018-11-13 12:52:51', NULL, 1919),
(1912, '178.00', '2018-11-13 12:52:51', NULL, 1920),
(1913, '103.00', '2018-11-13 12:52:51', NULL, 1909),
(1914, '140.00', '2018-11-13 12:52:51', NULL, 1917),
(1915, '67.00', '2018-11-13 12:52:51', NULL, 1926),
(1916, '40.00', '2018-11-13 12:52:51', NULL, 1925),
(1917, '150.00', '2018-11-13 12:52:51', NULL, 1921),
(1918, '215.00', '2018-11-13 12:52:51', NULL, 1923),
(1919, '44.00', '2018-11-13 12:52:52', NULL, 1922),
(1920, '48.00', '2018-11-13 12:52:52', NULL, 1910),
(1921, '289.00', '2018-11-13 12:52:52', NULL, 1924),
(1922, '11.00', '2018-11-13 13:03:32', NULL, 1946),
(1923, '14.80', '2018-11-13 13:03:32', NULL, 1945),
(1924, '17.00', '2018-11-13 13:26:58', NULL, 315),
(1925, '21.30', '2018-11-13 13:26:58', NULL, 325),
(1926, '113.00', '2018-11-13 13:26:58', NULL, 186),
(1927, '24.50', '2018-11-19 05:11:56', '2018-11-19 05:11:56', 1427),
(1928, '21.20', '2018-11-19 05:11:56', '2018-11-19 05:11:56', 1412),
(1929, '9.50', '2018-11-14 05:27:42', NULL, 1947),
(1930, '21.43', '2018-11-14 05:27:42', NULL, 1464),
(1931, '5.34', '2018-11-14 05:37:52', NULL, 931),
(1932, '4.60', '2018-11-14 05:37:52', NULL, 923),
(1933, '173.00', '2018-11-14 05:37:52', NULL, 1948),
(1934, '27.40', '2018-11-14 05:37:52', NULL, 1949),
(1935, '125.00', '2018-11-14 05:58:29', NULL, 1950),
(1936, '21.86', '2018-11-19 05:41:11', '2018-11-19 05:41:11', 1173),
(1937, '12.20', '2018-11-14 05:58:30', NULL, 304),
(1938, '52.20', '2018-11-14 05:58:30', NULL, 963),
(1939, '49.70', '2018-11-14 05:58:30', NULL, 966),
(1940, '276.00', '2018-11-14 13:47:16', NULL, 1966),
(1941, '166.00', '2018-11-14 13:47:16', NULL, 1967),
(1942, '110.00', '2018-11-14 13:47:16', NULL, 1968),
(1943, '202.00', '2018-11-14 13:47:16', NULL, 1964),
(1944, '118.00', '2018-11-14 13:47:17', NULL, 1965),
(1945, '145.00', '2018-11-14 13:47:17', NULL, 1961),
(1946, '85.00', '2018-11-14 13:47:17', NULL, 1962),
(1947, '23.00', '2018-11-16 09:38:41', '2018-11-16 09:38:41', 1980),
(1948, '170.00', '2018-11-14 13:47:17', NULL, 1972),
(1949, '55.00', '2018-11-14 13:47:17', NULL, 1974),
(1950, '130.00', '2018-11-14 13:47:17', NULL, 1971),
(1951, '280.00', '2018-11-14 13:47:17', NULL, 1951),
(1952, '98.00', '2018-11-14 13:47:17', NULL, 1958),
(1953, '145.00', '2018-11-14 13:47:17', NULL, 1957),
(1954, '58.60', '2018-11-14 13:47:17', NULL, 1978),
(1955, '50.00', '2018-11-14 13:47:17', NULL, 1975),
(1956, '310.00', '2018-11-14 13:47:18', NULL, 1956),
(1957, '48.00', '2018-11-14 13:47:18', NULL, 1979),
(1958, '109.00', '2018-11-14 13:47:18', NULL, 1977),
(1959, '183.00', '2018-11-14 13:47:18', NULL, 1976),
(1960, '90.00', '2018-11-14 13:47:18', NULL, 2011),
(1961, '169.00', '2018-11-14 13:47:18', NULL, 1983),
(1962, '38.50', '2018-11-14 13:47:18', NULL, 1095),
(1963, '94.00', '2018-11-14 13:47:18', NULL, 1982),
(1964, '22.20', '2018-11-14 13:47:18', NULL, 1986),
(1965, '16.00', '2018-11-14 13:47:18', NULL, 1985),
(1966, '17.00', '2018-11-14 14:18:48', NULL, 1989),
(1967, '60.00', '2018-11-14 14:18:48', NULL, 1995),
(1968, '25.00', '2018-11-14 14:18:48', NULL, 1991);
INSERT INTO `sale_price_history` (`id`, `price`, `start_timestamp`, `end_timestamp`, `fk_inventory_id`) VALUES
(1969, '27.40', '2018-11-14 14:18:48', NULL, 1984),
(1970, '22.00', '2018-11-14 14:18:48', NULL, 1994),
(1971, '15.00', '2018-11-14 14:18:48', NULL, 1990),
(1972, '32.00', '2018-11-14 14:18:48', NULL, 1987),
(1973, '212.00', '2018-11-14 14:18:48', NULL, 2004),
(1974, '109.00', '2018-11-14 14:18:48', NULL, 2003),
(1975, '134.00', '2018-11-14 14:18:48', NULL, 2001),
(1976, '110.00', '2018-11-14 14:18:49', NULL, 1996),
(1977, '134.00', '2018-11-14 14:18:49', NULL, 2000),
(1978, '163.00', '2018-11-14 14:18:49', NULL, 2005),
(1979, '20.00', '2018-11-14 14:18:49', NULL, 2007),
(1980, '40.00', '2018-11-14 14:18:49', NULL, 2009),
(1981, '70.00', '2018-11-14 14:18:49', NULL, 2006),
(1982, '10.00', '2018-11-14 14:18:49', NULL, 1998),
(1983, '10.00', '2018-11-14 14:18:49', NULL, 1997),
(1984, '13.00', '2018-11-14 14:18:49', NULL, 1999),
(1985, '50.00', '2018-11-14 14:18:49', NULL, 1988),
(1986, '39.00', '2018-11-14 14:18:49', NULL, 2008),
(1987, '6.00', '2018-11-14 14:18:49', NULL, 1993),
(1988, '22.00', '2018-11-14 14:18:49', NULL, 1992),
(1989, '94.00', '2018-11-14 14:18:50', NULL, 2010),
(1990, '165.00', '2018-11-14 14:18:50', NULL, 2002),
(1991, '10.59', '2018-11-14 14:23:43', NULL, 936),
(1992, '120.00', '2018-11-14 14:49:43', NULL, 2012),
(1993, '7.10', '2018-11-14 15:03:31', NULL, 1433),
(1994, '26.22', '2018-11-15 05:10:45', NULL, 396),
(1995, '9.34', '2018-11-15 05:10:45', NULL, 453),
(1996, '13.50', '2018-11-15 06:58:06', NULL, 1032),
(1997, '1.30', '2018-11-15 06:58:06', NULL, 1030),
(1998, '58.00', '2018-11-15 06:58:06', NULL, 1729),
(1999, '210.00', '2018-11-15 06:58:06', NULL, 2013),
(2000, '100.00', '2018-11-15 06:58:06', NULL, 1730),
(2001, '92.00', '2018-11-15 06:58:06', NULL, 2014),
(2002, '10.93', '2018-11-15 06:58:06', NULL, 1078),
(2003, '8.36', '2018-11-15 06:58:06', NULL, 1070),
(2004, '21.86', '2018-11-15 06:58:06', NULL, 1066),
(2005, '14.85', '2018-11-15 06:58:07', NULL, 1044),
(2006, '19.29', '2018-11-15 06:58:07', NULL, 1045),
(2007, '6.86', '2018-11-15 06:58:07', NULL, 2015),
(2008, '11.36', '2018-11-15 06:58:07', NULL, 2016),
(2009, '180.00', '2018-11-15 06:58:07', NULL, 1092),
(2010, '165.00', '2018-11-15 06:58:07', NULL, 1703),
(2011, '10.72', '2018-11-15 06:58:07', NULL, 1085),
(2012, '82.00', '2018-11-15 07:22:25', NULL, 2017),
(2013, '52.54', '2018-11-15 07:22:25', NULL, 279),
(2014, '11.85', '2018-11-15 07:22:25', NULL, 314),
(2015, '31.00', '2018-11-15 07:22:25', NULL, 322),
(2016, '11.50', '2018-11-15 07:22:25', NULL, 330),
(2017, '51.00', '2018-11-15 07:22:25', NULL, 1762),
(2018, '16.94', '2018-11-15 07:22:26', NULL, 352),
(2019, '13.80', '2018-11-15 07:47:48', NULL, 1145),
(2020, '21.50', '2018-11-15 12:36:18', NULL, 2034),
(2021, '15.00', '2018-11-15 12:36:18', NULL, 1885),
(2022, '65.00', '2018-11-15 12:36:18', NULL, 2018),
(2023, '80.00', '2018-11-15 12:36:18', NULL, 1940),
(2024, '26.00', '2018-11-15 12:36:19', NULL, 2032),
(2025, '41.60', '2018-11-15 12:36:19', NULL, 2031),
(2026, '30.00', '2018-11-15 12:36:19', NULL, 2030),
(2027, '12.50', '2018-11-15 12:36:19', NULL, 2033),
(2028, '5.00', '2018-11-15 12:36:19', NULL, 2037),
(2029, '7.50', '2018-11-15 12:36:19', NULL, 2029),
(2030, '10.00', '2018-11-15 12:36:19', NULL, 2036),
(2031, '5.00', '2018-11-15 12:36:19', NULL, 2035),
(2032, '10.30', '2018-11-15 12:36:19', NULL, 2027),
(2033, '23.00', '2018-11-15 12:36:19', NULL, 2022),
(2034, '14.00', '2018-11-15 12:36:19', NULL, 2024),
(2035, '21.40', '2018-11-15 12:36:19', NULL, 2026),
(2036, '14.15', '2018-11-15 12:36:19', NULL, 2020),
(2037, '8.50', '2018-11-15 12:36:20', NULL, 2019),
(2038, '9.30', '2018-11-15 12:36:20', NULL, 2049),
(2039, '14.00', '2018-11-15 12:36:20', NULL, 2050),
(2040, '3.00', '2018-11-15 12:36:20', NULL, 2048),
(2041, '22.15', '2018-11-15 12:36:20', NULL, 2046),
(2042, '4.50', '2018-11-15 12:36:20', NULL, 2047),
(2043, '13.00', '2018-11-15 12:36:20', NULL, 2042),
(2044, '9.50', '2018-11-15 12:36:20', NULL, 2045),
(2045, '15.00', '2018-11-15 12:36:20', NULL, 2044),
(2046, '3.75', '2018-11-15 12:36:21', NULL, 1890),
(2047, '7.20', '2018-11-15 12:36:21', NULL, 2043),
(2048, '9.50', '2018-11-15 12:36:21', NULL, 2040),
(2049, '22.15', '2018-11-15 12:36:21', NULL, 2039),
(2050, '70.00', '2018-11-15 12:36:21', NULL, 2038),
(2051, '8.30', '2018-11-15 12:36:21', NULL, 2041),
(2052, '40.00', '2018-11-15 14:23:20', NULL, 1353),
(2053, '18.17', '2018-11-16 06:10:32', NULL, 2076),
(2054, '20.72', '2018-11-16 06:10:32', NULL, 2077),
(2055, '15.72', '2018-11-16 06:10:32', NULL, 2078),
(2056, '12.00', '2018-11-16 06:10:32', NULL, 2080),
(2057, '10.70', '2018-11-16 06:10:32', NULL, 2079),
(2058, '23.08', '2018-11-16 06:10:32', NULL, 1581),
(2059, '35.00', '2018-11-16 06:10:32', NULL, 617),
(2060, '238.00', '2018-11-16 09:23:24', NULL, 2051),
(2061, '359.00', '2018-11-16 09:23:24', NULL, 2057),
(2062, '460.00', '2018-11-16 09:23:24', NULL, 2058),
(2063, '539.00', '2018-11-16 09:23:24', NULL, 2059),
(2064, '3150.00', '2018-11-16 09:23:24', NULL, 2054),
(2065, '1530.00', '2018-11-16 09:23:24', NULL, 2055),
(2066, '27.36', '2018-11-16 09:23:24', NULL, 2052),
(2067, '724.00', '2018-11-16 09:23:24', NULL, 2053),
(2068, '439.00', '2018-11-16 09:23:24', NULL, 2056),
(2069, '811.00', '2018-11-16 09:23:24', NULL, 2060),
(2070, '86.00', '2018-11-16 09:23:24', NULL, 1421),
(2071, '880.00', '2018-11-16 09:23:24', NULL, 2066),
(2072, '540.00', '2018-11-16 09:23:24', NULL, 2065),
(2073, '645.00', '2018-11-16 09:23:24', NULL, 2061),
(2074, '645.00', '2018-11-16 09:23:24', NULL, 2062),
(2075, '645.00', '2018-11-16 09:23:25', NULL, 2063),
(2076, '50.00', '2018-11-16 09:23:25', NULL, 2064),
(2077, '920.00', '2018-11-16 09:23:25', NULL, 2067),
(2078, '1283.00', '2018-11-16 09:23:25', NULL, 2068),
(2079, '366.00', '2018-11-16 09:23:25', NULL, 2070),
(2080, '230.00', '2018-11-16 09:23:25', NULL, 2069),
(2081, '43.00', '2018-11-16 09:23:25', NULL, 2071),
(2082, '480.00', '2018-11-16 09:23:25', NULL, 2072),
(2083, '14.04', '2018-11-16 09:23:25', NULL, 2073),
(2084, '17.04', '2018-11-16 09:23:25', NULL, 2074),
(2085, '20.44', '2018-11-16 09:23:25', NULL, 2075),
(2086, '24.00', '2018-11-16 09:38:41', NULL, 1980),
(2087, '2.38', '2018-11-16 10:27:25', NULL, 2081),
(2088, '23.50', '2018-11-16 10:27:25', NULL, 1612),
(2089, '8.50', '2018-11-16 10:27:26', NULL, 2082),
(2090, '15.00', '2018-11-16 10:27:26', NULL, 2083),
(2091, '700.00', '2018-11-16 10:27:26', NULL, 2084),
(2092, '895.00', '2018-11-16 10:27:26', NULL, 2085),
(2093, '14.86', '2018-11-16 12:51:37', NULL, 2148),
(2094, '14.65', '2018-11-16 12:51:37', NULL, 786),
(2095, '57.41', '2018-11-16 12:51:37', NULL, 1767),
(2096, '215.20', '2018-11-16 12:51:37', NULL, 2150),
(2097, '155.25', '2018-11-16 12:51:37', NULL, 2151),
(2098, '111.23', '2018-11-16 12:51:37', NULL, 2152),
(2099, '48.00', '2018-11-16 12:51:37', NULL, 2153),
(2100, '49.50', '2018-11-16 12:51:38', NULL, 1815),
(2101, '12.10', '2018-11-16 12:51:38', NULL, 2154),
(2102, '20.80', '2018-11-16 12:51:38', NULL, 2155),
(2103, '31.57', '2018-11-16 12:51:38', NULL, 2149),
(2104, '15.45', '2018-11-16 12:51:38', NULL, 790),
(2105, '8.35', '2018-11-16 12:51:38', NULL, 700),
(2106, '8.53', '2018-11-16 12:51:38', NULL, 699),
(2107, '589.00', '2018-11-16 13:49:59', NULL, 2092),
(2108, '203.00', '2018-11-16 13:49:59', NULL, 2093),
(2109, '219.00', '2018-11-16 13:49:59', NULL, 2098),
(2110, '71.00', '2018-11-16 13:49:59', NULL, 2094),
(2111, '450.00', '2018-11-16 13:49:59', NULL, 2095),
(2112, '146.00', '2018-11-16 13:50:00', '2018-11-16 13:50:00', 2099),
(2113, '286.00', '2018-11-16 13:49:59', NULL, 2086),
(2114, '258.00', '2018-11-16 13:49:59', NULL, 2087),
(2115, '8.65', '2018-11-16 13:49:59', NULL, 2097),
(2116, '82.00', '2018-11-16 13:49:59', NULL, 2090),
(2117, '157.00', '2018-11-16 13:49:59', NULL, 2089),
(2118, '511.00', '2018-11-16 13:49:59', NULL, 2091),
(2119, '220.00', '2018-11-16 13:50:00', NULL, 2099),
(2120, '14.90', '2018-11-16 13:50:00', NULL, 2114),
(2121, '9.70', '2018-11-16 13:50:00', NULL, 2115),
(2122, '15.70', '2018-11-16 13:50:00', NULL, 2116),
(2123, '19.50', '2018-11-16 13:50:00', NULL, 2118),
(2124, '36.50', '2018-11-16 13:50:00', NULL, 2117),
(2125, '14.80', '2018-11-16 13:50:00', NULL, 2119),
(2126, '5.40', '2018-11-16 13:50:00', NULL, 2127),
(2127, '7.00', '2018-11-16 13:50:00', NULL, 2128),
(2128, '40.00', '2018-11-16 13:50:00', NULL, 2113),
(2129, '25.00', '2018-11-16 13:50:00', NULL, 2112),
(2130, '10.20', '2018-11-16 13:50:00', NULL, 2120),
(2131, '10.45', '2018-11-16 13:50:00', NULL, 2121),
(2132, '7.50', '2018-11-16 13:50:00', NULL, 2100),
(2133, '10.13', '2018-11-16 13:50:01', NULL, 2101),
(2134, '3.70', '2018-11-16 13:50:01', NULL, 2104),
(2135, '1.19', '2018-11-16 13:50:01', NULL, 2124),
(2136, '28.00', '2018-11-16 13:50:01', NULL, 2122),
(2137, '16.80', '2018-11-16 13:50:01', NULL, 2123),
(2138, '16.76', '2018-11-16 13:50:01', NULL, 2096),
(2139, '18.85', '2018-11-16 13:50:01', NULL, 2126),
(2140, '23.00', '2018-11-16 13:50:01', NULL, 2125),
(2141, '12.20', '2018-11-16 13:50:01', NULL, 2159),
(2142, '8.60', '2018-11-16 13:50:01', NULL, 2102),
(2143, '31.40', '2018-11-16 13:50:01', NULL, 2105),
(2144, '15.00', '2018-11-16 13:50:02', NULL, 2111),
(2145, '18.00', '2018-11-16 13:50:02', NULL, 2103),
(2146, '5.90', '2018-11-16 13:50:02', NULL, 2109),
(2147, '16.65', '2018-11-16 13:50:02', NULL, 2110),
(2148, '5.40', '2018-11-16 13:50:02', NULL, 2108),
(2149, '15.20', '2018-11-16 13:50:02', NULL, 2107),
(2150, '9.20', '2018-11-16 13:50:02', NULL, 2106),
(2151, '13.50', '2018-11-16 14:37:45', NULL, 2146),
(2152, '8.50', '2018-11-16 14:37:45', NULL, 2145),
(2153, '14.50', '2018-11-16 14:37:45', NULL, 2129),
(2154, '4.45', '2018-11-16 14:37:45', NULL, 2130),
(2155, '8.20', '2018-11-16 14:37:45', NULL, 2131),
(2156, '12.00', '2018-11-16 14:37:46', NULL, 2135),
(2157, '2.92', '2018-11-16 14:37:46', NULL, 2147),
(2158, '5.45', '2018-11-16 14:37:46', NULL, 2143),
(2159, '3.20', '2018-11-16 14:37:46', NULL, 2160),
(2160, '7.66', '2018-11-16 14:37:46', NULL, 2161),
(2161, '29.50', '2018-11-16 14:37:46', NULL, 2133),
(2162, '33.00', '2018-11-16 14:37:46', NULL, 2134),
(2163, '15.60', '2018-11-16 14:37:46', NULL, 2141),
(2164, '9.00', '2018-11-16 14:37:46', NULL, 2144),
(2165, '6.10', '2018-11-16 14:37:46', NULL, 2138),
(2166, '19.00', '2018-11-16 14:37:46', NULL, 2140),
(2167, '150.00', '2018-11-16 14:37:46', NULL, 2142),
(2168, '39.50', '2018-11-16 14:37:46', NULL, 2137),
(2169, '49.80', '2018-11-16 14:37:46', NULL, 2132),
(2170, '7.66', '2018-11-16 14:37:46', NULL, 2158),
(2171, '18.20', '2018-11-16 14:37:46', NULL, 2136),
(2172, '9.90', '2018-11-16 14:37:47', NULL, 2162),
(2173, '22.75', '2018-11-16 14:37:47', NULL, 2163),
(2174, '30.00', '2018-11-16 14:37:47', NULL, 2164),
(2175, '28.00', '2018-11-16 14:37:47', NULL, 2157),
(2176, '25.00', '2018-11-16 14:37:47', NULL, 2165),
(2177, '2.50', '2018-11-16 14:37:47', NULL, 2156),
(2178, '3.75', '2018-11-16 14:37:47', NULL, 2166),
(2179, '5.85', '2018-11-16 14:37:47', NULL, 2167),
(2180, '15.30', '2018-11-17 06:33:24', NULL, 403),
(2181, '47.25', '2018-11-17 06:33:24', NULL, 274),
(2182, '100.00', '2018-11-17 10:28:38', NULL, 2284),
(2183, '120.00', '2018-11-17 10:28:38', NULL, 2285),
(2184, '19.20', '2018-11-17 10:28:38', NULL, 2286),
(2185, '21.17', '2018-11-17 10:28:39', NULL, 639),
(2186, '18.00', '2018-11-17 10:28:39', NULL, 2287),
(2187, '11.00', '2018-11-17 10:28:39', NULL, 2288),
(2188, '5.45', '2018-11-17 10:28:39', NULL, 2289),
(2189, '34.00', '2018-11-17 10:28:39', NULL, 550),
(2190, '6.84', '2018-11-17 10:28:39', NULL, 542),
(2191, '22.17', '2018-11-17 10:28:39', NULL, 578),
(2192, '11.00', '2018-11-17 10:28:39', NULL, 2290),
(2193, '20.36', '2018-11-17 10:28:39', NULL, 676),
(2194, '12.22', '2018-11-17 10:28:39', NULL, 2291),
(2195, '21.43', '2018-11-17 10:28:40', NULL, 2292),
(2196, '13.25', '2018-11-17 10:28:40', NULL, 2296),
(2197, '5.10', '2018-11-17 10:28:40', NULL, 2293),
(2198, '15.30', '2018-11-17 10:28:40', NULL, 2294),
(2199, '17.86', '2018-11-17 10:28:40', NULL, 540),
(2200, '10.29', '2018-11-17 10:28:40', NULL, 541),
(2201, '7.50', '2018-11-17 10:28:40', NULL, 2295),
(2202, '80.00', '2018-11-17 10:28:40', NULL, 2297),
(2203, '7.65', '2018-11-17 12:38:02', NULL, 2329),
(2204, '3.30', '2018-11-17 12:38:02', NULL, 2183),
(2205, '6.20', '2018-11-17 12:38:02', NULL, 2181),
(2206, '3.50', '2018-11-17 12:38:02', NULL, 2182),
(2207, '1.80', '2018-11-17 12:38:02', NULL, 2176),
(2208, '2.10', '2018-11-17 12:38:02', NULL, 2175),
(2209, '4.05', '2018-11-17 12:38:02', NULL, 2174),
(2210, '299.00', '2018-11-17 12:38:02', NULL, 2205),
(2211, '50.36', '2018-11-17 12:38:02', NULL, 2209),
(2212, '66.00', '2018-11-17 12:38:03', NULL, 2208),
(2213, '43.00', '2018-11-17 12:38:03', NULL, 2173),
(2214, '49.00', '2018-11-17 12:38:03', NULL, 2172),
(2215, '110.00', '2018-11-17 12:38:03', NULL, 2170),
(2216, '16.19', '2018-11-17 12:38:03', NULL, 2171),
(2217, '46.71', '2018-11-17 12:38:03', NULL, 2169),
(2218, '2.10', '2018-11-17 12:38:03', NULL, 2168),
(2219, '10.72', '2018-11-17 15:58:13', NULL, 2180),
(2220, '4.90', '2018-11-17 15:58:13', NULL, 2195),
(2221, '10.72', '2018-11-17 15:58:13', NULL, 2196),
(2222, '0.20', '2018-11-17 15:58:13', NULL, 2198),
(2223, '16.10', '2018-11-17 15:58:13', NULL, 2179),
(2224, '10.20', '2018-11-18 06:24:03', NULL, 2192),
(2225, '3.25', '2018-11-18 06:24:04', NULL, 2202),
(2226, '3.30', '2018-11-18 06:24:04', NULL, 2203),
(2227, '2.00', '2018-11-18 06:24:04', NULL, 2204),
(2228, '1.60', '2018-11-18 06:24:04', NULL, 2200),
(2229, '9.45', '2018-11-18 06:24:04', NULL, 2199),
(2230, '1.63', '2018-11-18 06:24:04', NULL, 2201),
(2231, '15.00', '2018-11-18 06:24:04', NULL, 2206),
(2232, '7.50', '2018-11-18 06:24:04', NULL, 2207),
(2233, '3.75', '2018-11-18 06:24:04', NULL, 2185),
(2234, '10.10', '2018-11-18 06:24:04', NULL, 2193),
(2235, '3.50', '2018-11-18 06:24:04', NULL, 2184),
(2236, '2.30', '2018-11-18 06:24:04', NULL, 2210),
(2237, '4.10', '2018-11-18 06:24:05', NULL, 2191),
(2238, '2.05', '2018-11-18 06:24:05', NULL, 2190),
(2239, '15.70', '2018-11-18 06:24:05', NULL, 2186),
(2240, '0.70', '2018-11-18 06:24:05', NULL, 2187),
(2241, '9.10', '2018-11-18 06:24:05', NULL, 2177),
(2242, '16.20', '2018-11-18 06:24:05', NULL, 2178),
(2243, '37.65', '2018-11-18 06:24:05', NULL, 2188),
(2244, '19.95', '2018-11-18 06:24:05', NULL, 2189),
(2245, '4.50', '2018-11-18 07:21:25', NULL, 2223),
(2246, '78.00', '2018-11-18 07:21:25', NULL, 2217),
(2247, '65.00', '2018-11-18 07:21:25', NULL, 2211),
(2248, '20.00', '2018-11-18 07:21:25', NULL, 2232),
(2249, '5.50', '2018-11-18 07:21:25', NULL, 2224),
(2250, '6.10', '2018-11-18 07:21:25', NULL, 2225),
(2251, '15.00', '2018-11-18 07:21:25', NULL, 2228),
(2252, '16.00', '2018-11-18 07:21:25', NULL, 2226),
(2253, '5.60', '2018-11-18 07:21:26', NULL, 2227),
(2254, '30.00', '2018-11-18 07:21:26', NULL, 2229),
(2255, '24.00', '2018-11-18 07:21:26', NULL, 2230),
(2256, '18.40', '2018-11-18 07:21:26', NULL, 2231),
(2257, '8.00', '2018-11-18 07:21:26', NULL, 2221),
(2258, '2.30', '2018-11-18 07:21:26', NULL, 2233),
(2259, '3.60', '2018-11-18 07:21:26', NULL, 2234),
(2260, '5.90', '2018-11-18 07:21:26', NULL, 2235),
(2261, '3.40', '2018-11-18 07:21:26', NULL, 2236),
(2262, '2.25', '2018-11-18 07:21:26', NULL, 2218),
(2263, '150.00', '2018-11-18 07:21:26', NULL, 2244),
(2264, '33.00', '2018-11-18 07:21:26', NULL, 2212),
(2265, '210.00', '2018-11-18 07:21:26', NULL, 2213),
(2266, '126.00', '2018-11-18 07:21:26', NULL, 2214),
(2267, '195.00', '2018-11-18 07:21:26', NULL, 2216),
(2268, '195.00', '2018-11-18 07:21:27', NULL, 2215),
(2269, '15.30', '2018-11-18 07:21:27', NULL, 2242),
(2270, '15.30', '2018-11-18 07:21:27', NULL, 2241),
(2271, '24.80', '2018-11-18 07:21:27', NULL, 2240),
(2272, '3.25', '2018-11-18 07:21:27', NULL, 2245),
(2273, '35.00', '2018-11-18 07:21:27', NULL, 2243),
(2274, '4.30', '2018-11-18 07:21:27', NULL, 2246),
(2275, '5.00', '2018-11-18 07:21:27', NULL, 2247),
(2276, '10.00', '2018-11-18 07:21:27', NULL, 2220),
(2277, '12.00', '2018-11-18 07:21:27', NULL, 2219),
(2278, '23.00', '2018-11-18 07:21:28', NULL, 2222),
(2279, '33.00', '2018-11-18 07:21:28', NULL, 2239),
(2280, '82.00', '2018-11-18 07:21:28', NULL, 2238),
(2281, '20.00', '2018-11-18 07:21:28', NULL, 2274),
(2282, '12.00', '2018-11-18 07:21:28', NULL, 2255),
(2283, '17.86', '2018-11-18 07:21:28', NULL, 2254),
(2284, '80.00', '2018-11-18 07:21:28', NULL, 2282),
(2285, '38.30', '2018-11-18 07:21:28', NULL, 2281),
(2286, '16.50', '2018-11-18 07:21:28', NULL, 2283),
(2287, '12.10', '2018-11-18 07:21:28', NULL, 2256),
(2288, '23.00', '2018-11-18 07:21:28', NULL, 2257),
(2289, '10.00', '2018-11-18 07:21:29', NULL, 2279),
(2290, '23.90', '2018-11-18 07:21:29', NULL, 2249),
(2291, '13.00', '2018-11-18 07:21:29', NULL, 2250),
(2292, '6.00', '2018-11-18 07:21:29', NULL, 2248),
(2293, '13.00', '2018-11-18 07:21:29', NULL, 2253),
(2294, '37.80', '2018-11-18 07:21:29', NULL, 2252),
(2295, '264.00', '2018-11-18 12:14:03', NULL, 1665),
(2296, '110.00', '2018-11-18 12:36:22', NULL, 2330),
(2297, '110.00', '2018-11-18 12:36:22', NULL, 2335),
(2298, '130.00', '2018-11-18 12:36:22', NULL, 2331),
(2299, '80.00', '2018-11-18 12:36:22', NULL, 2334),
(2300, '90.00', '2018-11-18 12:36:22', NULL, 2333),
(2301, '80.00', '2018-11-18 12:36:22', NULL, 2332),
(2302, '80.00', '2018-11-18 12:36:22', NULL, 2336),
(2303, '62.00', '2018-11-18 12:36:22', NULL, 2338),
(2304, '50.00', '2018-11-18 12:36:23', NULL, 2337),
(2305, '70.00', '2018-11-18 12:36:23', NULL, 2340),
(2306, '65.00', '2018-11-18 12:36:23', NULL, 2343),
(2307, '60.00', '2018-11-18 12:36:23', NULL, 2341),
(2308, '35.00', '2018-11-18 12:36:23', NULL, 2342),
(2309, '30.00', '2018-11-18 12:36:23', NULL, 2345),
(2310, '55.00', '2018-11-18 12:36:23', NULL, 2346),
(2311, '21.19', '2018-11-19 05:11:56', NULL, 1412),
(2312, '21.43', '2018-11-19 05:11:56', NULL, 1460),
(2313, '35.00', '2018-11-19 05:11:56', NULL, 1427),
(2314, '14.00', '2018-11-19 05:11:56', NULL, 1407),
(2315, '20.00', '2018-11-19 05:11:57', NULL, 2362),
(2316, '39.00', '2018-11-19 05:11:57', NULL, 2361),
(2317, '6.30', '2018-11-19 05:41:10', NULL, 1230),
(2318, '4.46', '2018-11-19 05:41:10', NULL, 228),
(2319, '7.18', '2018-11-19 05:41:10', NULL, 1193),
(2320, '21.87', '2018-11-19 05:41:11', NULL, 1173),
(2321, '403.00', '2018-11-19 05:41:11', NULL, 935),
(2322, '8.86', '2018-11-19 05:41:11', NULL, 954),
(2323, '1.40', '2018-11-19 05:58:06', NULL, 1006),
(2324, '7.86', '2018-11-19 05:58:07', NULL, 981),
(2325, '38.36', '2018-11-19 05:58:07', NULL, 1004),
(2326, '7.14', '2018-11-19 05:58:07', NULL, 996),
(2327, '42.00', '2018-11-19 05:58:07', NULL, 2363),
(2328, '330.00', '2018-11-19 09:42:23', NULL, 1573),
(2329, '200.00', '2018-11-19 09:42:23', NULL, 1830);

-- --------------------------------------------------------

--
-- Table structure for table `stock_history`
--

CREATE TABLE `stock_history` (
  `id` int(10) UNSIGNED NOT NULL,
  `date` timestamp NOT NULL DEFAULT CURRENT_TIMESTAMP ON UPDATE CURRENT_TIMESTAMP,
  `fk_user_id` int(10) UNSIGNED NOT NULL,
  `invoice` varchar(191) COLLATE utf8mb4_unicode_ci NOT NULL
) ENGINE=InnoDB DEFAULT CHARSET=utf8mb4 COLLATE=utf8mb4_unicode_ci;

--
-- Dumping data for table `stock_history`
--

INSERT INTO `stock_history` (`id`, `date`, `fk_user_id`, `invoice`) VALUES
(1, '2018-10-29 13:29:02', 1, '1'),
(2, '2018-10-29 14:30:17', 1, '2'),
(3, '2018-10-29 16:19:58', 1, '3'),
(11, '2018-10-29 17:00:16', 1, '4'),
(12, '2018-10-29 17:22:06', 1, '5'),
(13, '2018-10-29 17:29:01', 1, '6'),
(14, '2018-10-29 17:33:30', 1, '7'),
(15, '2018-10-29 17:36:22', 1, '8'),
(20, '2018-10-30 07:57:22', 2, '10'),
(21, '2018-10-30 07:59:42', 2, '11'),
(22, '2018-10-30 14:51:36', 1, '12'),
(23, '2018-10-30 15:58:41', 1, '13'),
(24, '2018-10-30 17:11:36', 1, '14'),
(25, '2018-10-31 14:30:29', 2, '16'),
(26, '2018-10-31 17:15:23', 1, '17'),
(27, '2018-10-31 17:29:31', 1, '18'),
(28, '2018-10-31 17:37:13', 1, '19'),
(29, '2018-10-31 17:47:05', 1, '20'),
(30, '2018-10-31 17:55:43', 1, '21'),
(31, '2018-10-31 18:06:49', 1, '22'),
(32, '2018-11-01 09:46:17', 2, '23'),
(33, '2018-11-01 10:42:04', 2, '24'),
(34, '2018-11-01 12:00:51', 1, '25'),
(35, '2018-11-01 12:09:49', 1, '26'),
(36, '2018-11-01 12:44:02', 1, '27'),
(37, '2018-11-01 13:10:35', 1, '28'),
(38, '2018-11-01 13:40:28', 1, '29'),
(39, '2018-11-01 13:47:34', 1, '30'),
(40, '2018-11-01 15:31:47', 1, '32'),
(41, '2018-11-01 15:38:12', 1, '33'),
(42, '2018-11-01 15:50:04', 1, '34'),
(43, '2018-11-01 15:51:23', 1, '35'),
(44, '2018-11-01 17:24:02', 1, '40'),
(45, '2018-11-01 17:27:35', 1, '41'),
(46, '2018-11-01 17:34:05', 1, '42'),
(47, '2018-11-02 06:22:40', 2, '053537'),
(48, '2018-11-02 08:43:55', 2, '43'),
(49, '2018-11-02 09:02:26', 2, '44'),
(50, '2018-11-02 09:13:48', 2, '45'),
(51, '2018-11-02 09:15:28', 2, '46'),
(52, '2018-11-02 09:37:49', 2, '47'),
(53, '2018-11-02 13:56:39', 1, '50'),
(54, '2018-11-02 14:10:32', 1, '51'),
(55, '2018-11-02 15:38:05', 1, '52'),
(56, '2018-11-02 16:30:59', 1, '54'),
(57, '2018-11-03 05:43:25', 2, '39930'),
(58, '2018-11-03 06:29:58', 2, '5774'),
(59, '2018-11-03 06:53:31', 2, '71765'),
(60, '2018-11-03 07:05:25', 2, '53711'),
(61, '2018-11-03 07:12:11', 2, '611229'),
(62, '2018-11-03 11:13:20', 2, '609307'),
(63, '2018-11-03 11:56:36', 2, '55'),
(64, '2018-11-03 12:59:51', 2, '56'),
(65, '2018-11-03 13:11:51', 2, '57'),
(66, '2018-11-03 13:35:54', 2, '58'),
(67, '2018-11-03 14:42:25', 2, '59'),
(68, '2018-11-03 15:32:05', 2, '60'),
(69, '2018-11-03 15:48:41', 2, '61'),
(70, '2018-11-03 16:00:15', 2, '62'),
(71, '2018-11-03 16:06:32', 2, '63'),
(72, '2018-11-03 17:20:30', 1, '64'),
(73, '2018-11-04 12:05:21', 1, '65'),
(74, '2018-11-04 12:30:29', 1, '66'),
(75, '2018-11-04 12:55:30', 1, '67'),
(76, '2018-11-04 14:06:26', 2, '68'),
(77, '2018-11-04 14:21:24', 2, '69'),
(78, '2018-11-04 14:35:33', 2, '71'),
(79, '2018-11-04 14:51:55', 2, '75'),
(80, '2018-11-04 17:14:12', 1, '80'),
(81, '2018-11-04 17:29:28', 1, '81'),
(82, '2018-11-05 05:58:27', 2, '113340'),
(83, '2018-11-05 06:20:03', 2, '160760'),
(84, '2018-11-05 08:43:21', 2, '82'),
(85, '2018-11-05 08:55:22', 2, '53592'),
(86, '2018-11-05 09:09:05', 2, '9535'),
(87, '2018-11-05 09:49:40', 2, '83'),
(88, '2018-11-05 13:54:56', 1, '85'),
(89, '2018-11-05 14:32:51', 1, '86'),
(90, '2018-11-05 14:43:20', 1, '3142'),
(91, '2018-11-06 06:10:20', 2, '40714'),
(92, '2018-11-06 06:35:42', 2, '54172'),
(93, '2018-11-06 07:43:12', 2, '290124'),
(94, '2018-11-06 14:00:41', 2, '87'),
(95, '2018-11-06 14:39:13', 2, '88'),
(96, '2018-11-06 15:50:07', 2, '89'),
(97, '2018-11-06 16:12:59', 2, '90'),
(98, '2018-11-06 16:26:31', 2, '91'),
(99, '2018-11-07 05:38:39', 2, '192575'),
(100, '2018-11-07 05:48:26', 2, '2320'),
(101, '2018-11-07 06:54:45', 2, '421889'),
(102, '2018-11-07 07:06:12', 2, '73766'),
(103, '2018-11-07 08:46:02', 2, '24321'),
(104, '2018-11-07 09:16:07', 2, '610280'),
(105, '2018-11-07 12:07:48', 2, '92'),
(106, '2018-11-07 13:59:15', 2, '93'),
(107, '2018-11-07 14:35:59', 2, '94'),
(108, '2018-11-07 14:58:21', 1, '95'),
(109, '2018-11-07 16:13:53', 2, '96'),
(110, '2018-11-08 04:57:00', 2, '41628'),
(111, '2018-11-08 06:13:30', 2, '54628'),
(112, '2018-11-08 14:01:12', 2, '98'),
(113, '2018-11-08 14:35:12', 2, '99'),
(114, '2018-11-08 14:56:16', 2, '100'),
(115, '2018-11-09 05:46:58', 2, '52909'),
(116, '2018-11-09 06:01:59', 2, '102340'),
(117, '2018-11-09 06:35:49', 2, '320739'),
(118, '2018-11-09 10:40:12', 2, '97037'),
(119, '2018-11-09 14:14:51', 2, '101'),
(120, '2018-11-09 15:17:47', 2, '103'),
(121, '2018-11-10 05:10:25', 2, '104'),
(122, '2018-11-10 05:37:06', 2, '42258'),
(123, '2018-11-10 07:40:14', 2, '614602'),
(124, '2018-11-10 10:54:48', 2, '102'),
(125, '2018-11-10 13:24:22', 2, '105'),
(126, '2018-11-11 11:27:28', 2, '110'),
(127, '2018-11-12 05:34:33', 2, '116580'),
(128, '2018-11-12 06:23:09', 2, '422672'),
(129, '2018-11-12 06:33:56', 2, '64122'),
(130, '2018-11-12 08:28:09', 2, '106'),
(131, '2018-11-12 12:33:57', 2, '611394'),
(132, '2018-11-12 13:42:12', 2, '115'),
(133, '2018-11-12 17:20:49', 2, '4759'),
(134, '2018-11-13 05:03:03', 2, '43068'),
(135, '2018-11-13 09:01:17', 2, '107'),
(136, '2018-11-13 11:26:01', 1, '116'),
(137, '2018-11-13 12:52:50', 1, '118'),
(138, '2018-11-13 13:03:32', 1, '106287'),
(139, '2018-11-13 13:09:03', 1, '016521'),
(140, '2018-11-13 13:26:57', 1, '55431'),
(141, '2018-11-14 05:27:42', 2, '53769'),
(142, '2018-11-14 05:37:52', 2, '8586'),
(143, '2018-11-14 05:58:29', 2, '105280'),
(144, '2018-11-14 13:47:16', 1, '119'),
(145, '2018-11-14 14:18:48', 1, '220'),
(146, '2018-11-14 14:23:43', 1, '221'),
(147, '2018-11-14 14:49:43', 1, '222'),
(148, '2018-11-15 05:10:45', 2, '43846'),
(149, '2018-11-15 06:58:06', 2, '292064'),
(150, '2018-11-15 07:22:25', 2, '55925'),
(151, '2018-11-15 10:38:30', 2, '122'),
(152, '2018-11-15 12:36:18', 2, '123'),
(153, '2018-11-16 06:10:32', 2, '9933'),
(154, '2018-11-16 09:23:24', 2, '120'),
(155, '2018-11-16 09:38:41', 2, '45259'),
(156, '2018-11-16 10:27:25', 2, '098014'),
(157, '2018-11-16 12:51:37', 2, '423567'),
(158, '2018-11-16 13:49:59', 2, '151'),
(159, '2018-11-16 14:37:45', 2, '152'),
(160, '2018-11-17 06:33:24', 2, '44899'),
(161, '2018-11-17 10:28:38', 2, '612836'),
(162, '2018-11-17 12:38:02', 2, '130'),
(163, '2018-11-17 15:58:13', 1, '131'),
(164, '2018-11-18 06:24:03', 2, '132'),
(165, '2018-11-18 07:21:25', 2, '133'),
(179, '2018-11-18 11:49:25', 2, '141'),
(180, '2018-11-18 12:36:22', 2, '143'),
(181, '2018-11-19 05:11:56', 2, '54690'),
(182, '2018-11-19 05:41:10', 2, '792320'),
(183, '2018-11-19 05:58:06', 2, '162195'),
(184, '2018-11-19 09:42:23', 2, '64323'),
(185, '2018-11-19 09:47:14', 2, '2243');

-- --------------------------------------------------------

--
-- Table structure for table `stock_item_qty_history`
--

CREATE TABLE `stock_item_qty_history` (
  `id` int(10) UNSIGNED NOT NULL,
  `qty` decimal(10,2) NOT NULL,
  `fk_stock_history_id` int(10) UNSIGNED NOT NULL,
  `fk_inventory_id` int(10) UNSIGNED NOT NULL,
  `fk_supplier_id` int(10) UNSIGNED NOT NULL
) ENGINE=InnoDB DEFAULT CHARSET=utf8mb4 COLLATE=utf8mb4_unicode_ci;

--
-- Dumping data for table `stock_item_qty_history`
--

INSERT INTO `stock_item_qty_history` (`id`, `qty`, `fk_stock_history_id`, `fk_inventory_id`, `fk_supplier_id`) VALUES
(1, '6.00', 1, 1, 2),
(2, '3.00', 2, 67, 2),
(3, '2.00', 2, 63, 2),
(4, '2.00', 2, 65, 2),
(5, '2.00', 2, 64, 2),
(6, '4.00', 2, 62, 2),
(7, '4.00', 2, 35, 2),
(8, '3.00', 2, 34, 2),
(9, '2.00', 2, 25, 2),
(10, '1.00', 2, 74, 2),
(11, '2.00', 2, 46, 2),
(12, '5.00', 2, 49, 2),
(13, '2.00', 2, 145, 2),
(14, '1.00', 2, 69, 2),
(15, '4.00', 2, 70, 2),
(16, '14.00', 2, 75, 2),
(17, '2.00', 3, 3, 1),
(18, '5.00', 3, 4, 1),
(19, '6.00', 3, 5, 1),
(20, '7.00', 3, 6, 1),
(21, '5.00', 3, 7, 1),
(22, '9.00', 3, 146, 1),
(23, '6.00', 3, 147, 1),
(24, '4.00', 3, 9, 1),
(25, '1.00', 3, 8, 1),
(26, '6.00', 3, 10, 1),
(27, '9.00', 3, 11, 1),
(28, '2.00', 3, 12, 1),
(29, '3.00', 3, 13, 1),
(30, '5.00', 3, 14, 1),
(31, '6.00', 3, 15, 1),
(32, '9.00', 3, 17, 1),
(33, '1.00', 3, 18, 1),
(34, '2.00', 3, 19, 1),
(35, '4.00', 3, 20, 1),
(36, '1.00', 3, 21, 1),
(37, '1.00', 3, 23, 1),
(38, '1.00', 3, 22, 1),
(39, '1.00', 3, 24, 1),
(40, '1.00', 3, 27, 1),
(41, '1.00', 3, 30, 1),
(42, '13.00', 3, 36, 1),
(43, '9.00', 3, 37, 1),
(44, '1.00', 3, 38, 1),
(45, '1.00', 3, 39, 1),
(47, '3.00', 3, 40, 1),
(50, '1.00', 3, 41, 1),
(52, '3.00', 3, 42, 1),
(54, '2.00', 3, 44, 1),
(57, '2.00', 3, 45, 1),
(59, '2.00', 3, 47, 1),
(61, '2.00', 3, 48, 1),
(64, '12.00', 3, 50, 1),
(66, '1.00', 3, 51, 1),
(68, '2.00', 3, 52, 1),
(71, '5.00', 3, 53, 1),
(73, '8.00', 3, 54, 1),
(75, '2.00', 3, 56, 1),
(78, '10.00', 3, 57, 1),
(80, '9.00', 3, 58, 1),
(82, '9.00', 3, 60, 1),
(85, '6.00', 3, 59, 1),
(87, '5.00', 3, 61, 1),
(89, '1.00', 3, 26, 1),
(92, '1.00', 3, 144, 1),
(94, '6.00', 3, 28, 1),
(97, '2.00', 3, 29, 1),
(101, '12.00', 3, 31, 1),
(104, '3.00', 3, 32, 1),
(108, '1.00', 3, 33, 1),
(449, '1.00', 11, 76, 1),
(450, '6.00', 11, 77, 1),
(451, '2.00', 11, 78, 1),
(452, '1.00', 11, 79, 1),
(453, '1.00', 11, 80, 1),
(454, '3.00', 11, 81, 1),
(455, '1.00', 11, 83, 1),
(456, '1.00', 11, 82, 1),
(457, '1.00', 11, 84, 1),
(458, '1.00', 11, 87, 1),
(459, '1.00', 11, 86, 1),
(460, '1.00', 11, 85, 1),
(461, '9.00', 11, 2, 1),
(462, '2.00', 12, 88, 5),
(463, '2.00', 12, 89, 5),
(464, '3.00', 12, 91, 5),
(465, '1.00', 12, 92, 5),
(466, '1.00', 12, 90, 5),
(467, '2.00', 12, 92, 5),
(468, '2.00', 12, 93, 5),
(469, '2.00', 12, 93, 5),
(470, '1.00', 12, 99, 5),
(471, '1.00', 12, 97, 5),
(472, '2.00', 12, 98, 5),
(473, '1.00', 12, 100, 5),
(474, '3.00', 12, 101, 5),
(475, '1.00', 12, 102, 5),
(476, '3.00', 12, 102, 5),
(477, '3.00', 12, 103, 5),
(478, '1.00', 12, 107, 5),
(479, '2.00', 12, 106, 5),
(480, '2.00', 12, 105, 5),
(481, '1.00', 12, 126, 5),
(482, '1.00', 12, 127, 5),
(483, '1.00', 12, 97, 5),
(484, '3.00', 13, 96, 6),
(485, '1.00', 13, 108, 6),
(486, '2.00', 13, 108, 6),
(487, '2.00', 13, 109, 6),
(488, '3.00', 13, 112, 6),
(489, '4.00', 13, 113, 6),
(490, '2.00', 13, 114, 6),
(491, '1.00', 14, 115, 9),
(492, '1.00', 14, 116, 9),
(493, '1.00', 15, 123, 8),
(494, '1.00', 15, 124, 8),
(495, '1.00', 15, 125, 8),
(496, '1.00', 20, 118, 7),
(497, '2.00', 20, 119, 7),
(498, '2.00', 20, 120, 7),
(499, '1.00', 20, 121, 7),
(500, '2.00', 20, 148, 7),
(501, '1.00', 20, 132, 7),
(502, '1.00', 20, 131, 7),
(503, '1.00', 21, 117, 9),
(504, '10.00', 22, 150, 11),
(505, '1.00', 22, 151, 11),
(506, '60.00', 23, 152, 11),
(507, '90.00', 23, 153, 11),
(508, '30.00', 23, 154, 11),
(509, '20.00', 23, 155, 11),
(510, '40.00', 23, 156, 11),
(511, '18.00', 23, 157, 11),
(512, '28.00', 23, 158, 11),
(513, '14.00', 23, 159, 11),
(514, '7.00', 23, 160, 11),
(515, '30.00', 23, 161, 11),
(516, '50.00', 23, 162, 11),
(517, '30.00', 23, 163, 11),
(518, '56.00', 23, 164, 11),
(519, '20.00', 23, 165, 11),
(520, '1.00', 23, 166, 11),
(521, '10.00', 23, 170, 11),
(522, '40.00', 23, 195, 11),
(523, '10.00', 23, 171, 11),
(524, '50.00', 23, 172, 11),
(525, '30.00', 23, 172, 11),
(526, '60.00', 23, 167, 11),
(527, '4.00', 23, 174, 11),
(528, '3.00', 23, 175, 11),
(529, '5.00', 23, 176, 11),
(530, '3.00', 24, 196, 11),
(531, '2.00', 24, 197, 11),
(532, '20.00', 24, 209, 11),
(533, '10.00', 24, 200, 11),
(534, '30.00', 24, 199, 11),
(535, '20.00', 24, 198, 11),
(536, '30.00', 24, 207, 11),
(537, '108.00', 24, 201, 11),
(538, '80.00', 24, 202, 11),
(539, '170.00', 24, 203, 11),
(540, '10.00', 24, 204, 11),
(541, '18.00', 24, 205, 11),
(542, '24.00', 24, 206, 11),
(543, '14.00', 24, 211, 11),
(544, '2.00', 24, 212, 11),
(545, '80.00', 24, 213, 11),
(546, '10.00', 24, 214, 11),
(547, '30.00', 24, 215, 11),
(548, '30.00', 24, 216, 11),
(549, '20.00', 24, 217, 11),
(550, '16.00', 24, 218, 11),
(551, '28.00', 24, 219, 11),
(552, '56.00', 24, 220, 11),
(553, '120.00', 24, 221, 11),
(554, '20.00', 24, 222, 11),
(555, '76.00', 24, 223, 11),
(556, '35.00', 24, 224, 11),
(557, '14.00', 24, 226, 11),
(558, '14.00', 24, 225, 11),
(559, '14.00', 24, 225, 11),
(560, '3.00', 24, 227, 11),
(561, '5.00', 24, 230, 11),
(562, '30.00', 24, 231, 11),
(563, '84.00', 24, 232, 11),
(564, '18.00', 24, 233, 11),
(565, '50.00', 24, 229, 11),
(566, '62.00', 24, 228, 11),
(567, '4.00', 24, 234, 11),
(568, '30.00', 24, 235, 11),
(569, '50.00', 24, 236, 11),
(570, '50.00', 24, 236, 11),
(571, '12.00', 24, 237, 11),
(572, '6.00', 25, 177, 9),
(573, '4.00', 25, 178, 9),
(574, '4.00', 25, 179, 9),
(575, '4.00', 25, 180, 9),
(576, '6.00', 25, 181, 9),
(577, '2.00', 25, 182, 9),
(578, '4.00', 25, 183, 9),
(579, '38.00', 25, 184, 9),
(580, '3.00', 25, 185, 9),
(581, '4.00', 25, 186, 9),
(582, '4.00', 25, 334, 9),
(583, '5.00', 25, 187, 9),
(584, '1.00', 25, 189, 9),
(585, '3.00', 25, 190, 9),
(586, '10.00', 25, 194, 9),
(587, '3.00', 25, 238, 9),
(588, '1.00', 25, 239, 9),
(589, '1.00', 25, 240, 9),
(590, '10.00', 25, 241, 9),
(591, '2.00', 25, 243, 9),
(592, '3.00', 25, 242, 9),
(593, '3.00', 25, 244, 9),
(594, '4.00', 25, 245, 9),
(595, '5.00', 25, 246, 9),
(596, '1.00', 25, 247, 9),
(597, '4.00', 25, 248, 9),
(598, '1.00', 25, 249, 9),
(599, '2.00', 25, 249, 9),
(600, '1.00', 25, 250, 9),
(601, '2.00', 25, 250, 9),
(602, '1.00', 25, 251, 9),
(603, '1.00', 25, 252, 9),
(604, '2.00', 25, 254, 9),
(605, '2.00', 25, 255, 9),
(606, '1.00', 25, 255, 9),
(607, '1.00', 25, 256, 9),
(608, '1.00', 25, 256, 9),
(609, '6.00', 25, 257, 9),
(610, '3.00', 25, 258, 9),
(611, '2.00', 25, 259, 9),
(612, '1.00', 25, 259, 9),
(613, '1.00', 25, 259, 9),
(614, '2.00', 25, 260, 9),
(615, '1.00', 25, 262, 9),
(616, '4.00', 25, 262, 9),
(617, '1.00', 25, 262, 9),
(618, '3.00', 25, 263, 9),
(619, '1.00', 25, 263, 9),
(620, '2.00', 25, 264, 9),
(621, '1.00', 25, 265, 9),
(622, '2.00', 25, 266, 9),
(623, '2.00', 25, 267, 9),
(624, '5.00', 25, 268, 9),
(625, '9.00', 25, 269, 9),
(626, '36.00', 25, 191, 9),
(627, '39.00', 25, 192, 9),
(628, '40.00', 25, 193, 9),
(629, '20.00', 26, 290, 9),
(630, '20.00', 26, 290, 9),
(631, '20.00', 26, 291, 9),
(632, '50.00', 26, 289, 9),
(633, '28.00', 26, 287, 9),
(634, '58.00', 26, 286, 9),
(635, '60.00', 26, 295, 9),
(636, '30.00', 26, 296, 9),
(637, '14.00', 26, 298, 9),
(638, '6.00', 26, 297, 9),
(639, '14.00', 26, 297, 9),
(640, '350.00', 26, 283, 9),
(641, '10.00', 26, 283, 9),
(642, '30.00', 26, 285, 9),
(643, '30.00', 26, 284, 9),
(644, '30.00', 26, 284, 9),
(645, '14.00', 26, 282, 9),
(646, '14.00', 26, 282, 9),
(647, '28.00', 26, 281, 9),
(648, '14.00', 26, 281, 9),
(649, '10.00', 26, 279, 9),
(650, '30.00', 26, 279, 9),
(651, '30.00', 26, 280, 9),
(652, '14.00', 26, 273, 9),
(653, '28.00', 26, 274, 9),
(654, '28.00', 26, 275, 9),
(655, '28.00', 26, 276, 9),
(656, '28.00', 26, 277, 9),
(657, '10.00', 26, 299, 9),
(658, '20.00', 26, 300, 9),
(659, '10.00', 26, 300, 9),
(660, '20.00', 26, 302, 9),
(661, '20.00', 26, 303, 9),
(662, '20.00', 26, 304, 9),
(663, '20.00', 26, 306, 9),
(664, '10.00', 26, 307, 9),
(665, '10.00', 26, 307, 9),
(666, '14.00', 26, 308, 9),
(667, '14.00', 26, 309, 9),
(668, '10.00', 26, 288, 9),
(669, '1.00', 26, 301, 9),
(670, '180.00', 26, 353, 9),
(671, '90.00', 26, 315, 9),
(672, '40.00', 26, 314, 9),
(673, '20.00', 26, 314, 9),
(674, '60.00', 26, 499, 9),
(675, '5.00', 26, 317, 9),
(676, '3.00', 27, 182, 9),
(677, '60.00', 27, 388, 9),
(678, '16.00', 27, 387, 9),
(679, '30.00', 27, 389, 9),
(680, '7.00', 27, 384, 9),
(681, '1.00', 27, 379, 9),
(682, '1.00', 27, 382, 9),
(683, '1.00', 27, 386, 9),
(684, '1.00', 27, 383, 9),
(685, '2.00', 27, 381, 9),
(686, '2.00', 27, 385, 9),
(687, '5.00', 27, 377, 9),
(688, '3.00', 27, 380, 9),
(689, '20.00', 27, 371, 9),
(690, '20.00', 27, 373, 9),
(691, '14.00', 27, 372, 9),
(692, '15.00', 28, 375, 9),
(693, '5.00', 28, 500, 9),
(694, '10.00', 28, 338, 9),
(695, '10.00', 28, 374, 9),
(696, '14.00', 28, 368, 9),
(697, '14.00', 28, 369, 9),
(698, '120.00', 28, 367, 9),
(699, '10.00', 28, 365, 9),
(700, '10.00', 28, 364, 9),
(701, '20.00', 28, 362, 9),
(702, '20.00', 28, 363, 9),
(703, '30.00', 28, 361, 9),
(704, '70.00', 28, 359, 9),
(705, '20.00', 28, 360, 9),
(706, '30.00', 28, 358, 9),
(707, '30.00', 29, 357, 9),
(708, '30.00', 29, 357, 9),
(709, '150.00', 29, 356, 9),
(710, '80.00', 29, 350, 9),
(711, '40.00', 29, 349, 9),
(712, '40.00', 29, 355, 9),
(713, '78.00', 29, 354, 9),
(714, '10.00', 29, 348, 9),
(715, '10.00', 29, 347, 9),
(716, '150.00', 29, 345, 9),
(717, '20.00', 29, 351, 9),
(718, '30.00', 29, 351, 9),
(719, '2.00', 29, 340, 9),
(720, '1.00', 30, 342, 9),
(721, '1.00', 30, 339, 9),
(722, '200.00', 30, 344, 9),
(723, '40.00', 30, 343, 9),
(724, '30.00', 30, 337, 9),
(725, '41.00', 30, 336, 9),
(726, '90.00', 30, 335, 9),
(727, '2.00', 30, 334, 9),
(728, '2.00', 30, 333, 9),
(729, '2.00', 30, 332, 9),
(730, '2.00', 30, 331, 9),
(731, '46.00', 31, 316, 9),
(732, '40.00', 31, 305, 9),
(733, '30.00', 31, 318, 9),
(734, '30.00', 31, 319, 9),
(735, '80.00', 31, 311, 9),
(736, '100.00', 31, 312, 9),
(737, '40.00', 31, 310, 9),
(738, '45.00', 31, 319, 9),
(739, '30.00', 31, 320, 9),
(740, '30.00', 31, 330, 9),
(741, '30.00', 31, 323, 9),
(742, '30.00', 31, 321, 9),
(743, '20.00', 31, 322, 9),
(744, '30.00', 31, 325, 9),
(745, '20.00', 31, 324, 9),
(746, '4.00', 31, 326, 9),
(747, '1.00', 31, 329, 9),
(748, '1.00', 31, 328, 9),
(749, '1.00', 31, 328, 9),
(750, '203.00', 32, 400, 8),
(751, '60.00', 32, 401, 8),
(752, '10.00', 32, 403, 8),
(753, '14.00', 32, 405, 8),
(754, '14.00', 32, 406, 8),
(755, '10.00', 32, 404, 8),
(756, '42.00', 32, 411, 8),
(757, '60.00', 33, 402, 8),
(758, '28.00', 33, 580, 8),
(759, '14.00', 33, 581, 8),
(760, '7.00', 33, 417, 8),
(761, '28.00', 33, 407, 8),
(762, '14.00', 33, 418, 8),
(763, '14.00', 33, 419, 8),
(764, '10.00', 33, 420, 8),
(765, '10.00', 33, 420, 8),
(766, '20.00', 33, 421, 8),
(767, '20.00', 33, 422, 8),
(768, '14.00', 33, 396, 8),
(769, '7.00', 33, 396, 8),
(770, '14.00', 33, 394, 8),
(771, '20.00', 33, 397, 8),
(772, '30.00', 33, 390, 8),
(773, '40.00', 33, 393, 8),
(774, '10.00', 33, 391, 8),
(775, '10.00', 33, 392, 8),
(776, '20.00', 33, 398, 8),
(777, '49.00', 33, 399, 8),
(778, '56.00', 34, 423, 8),
(779, '28.00', 34, 424, 8),
(780, '28.00', 34, 425, 8),
(781, '20.00', 34, 427, 8),
(782, '10.00', 34, 428, 8),
(783, '14.00', 34, 429, 8),
(784, '14.00', 34, 430, 8),
(785, '28.00', 34, 431, 8),
(786, '28.00', 34, 432, 8),
(787, '10.00', 34, 433, 8),
(788, '30.00', 34, 434, 8),
(789, '30.00', 34, 435, 8),
(790, '14.00', 34, 441, 8),
(791, '28.00', 34, 442, 8),
(792, '14.00', 34, 440, 8),
(793, '20.00', 34, 437, 8),
(794, '20.00', 35, 438, 8),
(795, '28.00', 35, 439, 8),
(796, '56.00', 35, 443, 8),
(797, '28.00', 35, 443, 8),
(798, '56.00', 35, 444, 8),
(799, '14.00', 35, 445, 8),
(800, '28.00', 35, 445, 8),
(801, '30.00', 35, 446, 8),
(802, '30.00', 35, 447, 8),
(803, '30.00', 35, 447, 8),
(804, '10.00', 35, 451, 8),
(805, '60.00', 35, 448, 8),
(806, '12.00', 35, 449, 8),
(807, '1.00', 35, 450, 8),
(808, '3.00', 35, 452, 8),
(809, '40.00', 35, 453, 8),
(810, '30.00', 35, 454, 8),
(811, '1.00', 35, 455, 8),
(812, '8.00', 36, 501, 13),
(813, '6.00', 36, 502, 13),
(814, '6.00', 36, 503, 13),
(815, '3.00', 36, 505, 13),
(816, '4.00', 36, 504, 13),
(817, '140.00', 36, 506, 13),
(818, '3.00', 36, 507, 13),
(819, '4.00', 36, 508, 13),
(820, '115.00', 36, 509, 13),
(821, '27.00', 36, 512, 13),
(822, '133.00', 36, 510, 13),
(823, '33.00', 36, 511, 13),
(824, '94.00', 36, 513, 13),
(825, '110.00', 36, 514, 13),
(826, '140.00', 36, 515, 13),
(827, '1.00', 36, 520, 13),
(828, '1.00', 36, 526, 13),
(829, '50.00', 36, 516, 13),
(830, '5.00', 36, 527, 13),
(831, '30.00', 36, 525, 13),
(832, '20.00', 36, 521, 13),
(833, '70.00', 36, 524, 13),
(834, '17.00', 36, 523, 13),
(835, '40.00', 36, 522, 13),
(836, '190.00', 36, 518, 13),
(837, '130.00', 36, 517, 13),
(838, '140.00', 36, 519, 13),
(839, '4.00', 36, 579, 13),
(840, '33.00', 36, 578, 13),
(841, '30.00', 36, 577, 13),
(842, '56.00', 36, 574, 13),
(843, '56.00', 36, 575, 13),
(844, '28.00', 36, 576, 13),
(845, '56.00', 36, 593, 13),
(846, '56.00', 36, 597, 13),
(847, '28.00', 36, 595, 13),
(848, '56.00', 36, 596, 13),
(849, '100.00', 36, 592, 13),
(850, '12.00', 37, 496, 8),
(851, '226.00', 37, 495, 8),
(852, '111.00', 37, 497, 8),
(853, '100.00', 37, 497, 8),
(854, '60.00', 37, 498, 8),
(855, '80.00', 37, 498, 8),
(856, '10.00', 37, 485, 8),
(857, '28.00', 37, 492, 8),
(858, '400.00', 37, 494, 8),
(859, '14.00', 37, 487, 8),
(860, '28.00', 37, 487, 8),
(861, '28.00', 37, 490, 8),
(862, '28.00', 37, 491, 8),
(863, '30.00', 37, 488, 8),
(864, '40.00', 37, 483, 8),
(865, '100.00', 37, 483, 8),
(866, '10.00', 37, 484, 8),
(867, '30.00', 37, 484, 8),
(868, '60.00', 37, 482, 8),
(869, '15.00', 37, 480, 8),
(870, '30.00', 37, 480, 8),
(871, '30.00', 37, 477, 8),
(872, '60.00', 37, 479, 8),
(873, '45.00', 37, 478, 8),
(874, '14.00', 37, 475, 8),
(875, '56.00', 37, 475, 8),
(876, '28.00', 37, 476, 8),
(877, '28.00', 37, 476, 8),
(878, '9.00', 38, 473, 8),
(879, '20.00', 38, 473, 8),
(880, '30.00', 38, 473, 8),
(881, '10.00', 38, 474, 8),
(882, '10.00', 38, 474, 8),
(883, '5.00', 38, 472, 8),
(884, '40.00', 38, 472, 8),
(885, '32.00', 38, 471, 8),
(886, '60.00', 38, 471, 8),
(887, '10.00', 38, 469, 8),
(888, '20.00', 38, 469, 8),
(889, '10.00', 38, 468, 8),
(890, '60.00', 38, 470, 8),
(891, '180.00', 39, 470, 8),
(892, '60.00', 39, 467, 8),
(893, '30.00', 39, 467, 8),
(894, '42.00', 39, 465, 8),
(895, '5.00', 39, 464, 8),
(896, '1.00', 39, 463, 8),
(897, '1.00', 39, 462, 8),
(898, '3.00', 39, 461, 8),
(899, '80.00', 39, 460, 8),
(900, '40.00', 39, 459, 8),
(901, '60.00', 39, 457, 8),
(902, '20.00', 39, 458, 8),
(903, '1.00', 39, 456, 8),
(904, '28.00', 40, 561, 13),
(905, '30.00', 40, 562, 13),
(906, '10.00', 40, 558, 13),
(907, '21.00', 40, 556, 13),
(908, '14.00', 40, 557, 13),
(909, '28.00', 40, 554, 13),
(910, '28.00', 40, 555, 13),
(911, '28.00', 40, 555, 13),
(912, '40.00', 40, 551, 13),
(913, '30.00', 40, 553, 13),
(914, '28.00', 40, 569, 13),
(915, '28.00', 40, 570, 13),
(916, '26.00', 40, 598, 13),
(917, '10.00', 40, 567, 13),
(918, '30.00', 40, 568, 13),
(919, '42.00', 40, 563, 13),
(920, '20.00', 40, 565, 13),
(921, '60.00', 40, 564, 13),
(922, '20.00', 40, 559, 13),
(923, '14.00', 40, 560, 13),
(924, '7.00', 40, 561, 13),
(925, '10.00', 41, 599, 8),
(926, '10.00', 42, 552, 13),
(927, '30.00', 42, 550, 13),
(928, '12.00', 42, 549, 13),
(929, '12.00', 42, 548, 13),
(930, '30.00', 42, 546, 13),
(931, '30.00', 42, 547, 13),
(932, '100.00', 42, 543, 13),
(933, '10.00', 42, 544, 13),
(934, '40.00', 42, 544, 13),
(935, '20.00', 42, 545, 13),
(936, '50.00', 42, 542, 13),
(937, '28.00', 42, 541, 13),
(938, '28.00', 42, 540, 13),
(939, '40.00', 42, 539, 13),
(940, '20.00', 42, 537, 13),
(941, '60.00', 42, 536, 13),
(942, '50.00', 42, 538, 13),
(943, '20.00', 42, 535, 13),
(944, '39.00', 42, 534, 13),
(945, '20.00', 42, 534, 13),
(946, '60.00', 42, 533, 13),
(947, '60.00', 42, 532, 13),
(948, '20.00', 43, 530, 13),
(949, '20.00', 43, 531, 13),
(950, '20.00', 43, 529, 13),
(951, '1.00', 44, 601, 13),
(952, '11.00', 44, 602, 13),
(953, '4.00', 44, 603, 13),
(954, '2.00', 44, 604, 13),
(955, '10.00', 44, 606, 13),
(956, '2.00', 44, 607, 13),
(957, '5.00', 44, 607, 13),
(958, '4.00', 44, 608, 13),
(959, '4.00', 44, 609, 13),
(960, '2.00', 44, 610, 13),
(961, '4.00', 44, 611, 13),
(962, '6.00', 44, 612, 13),
(963, '1.00', 44, 613, 13),
(964, '22.00', 44, 614, 13),
(965, '1.00', 44, 613, 13),
(966, '9.00', 44, 615, 13),
(967, '5.00', 44, 617, 13),
(968, '3.00', 44, 616, 13),
(969, '9.00', 44, 619, 13),
(970, '5.00', 44, 620, 13),
(971, '4.00', 44, 621, 13),
(972, '2.00', 44, 622, 13),
(973, '5.00', 44, 618, 13),
(974, '1.00', 44, 623, 13),
(975, '4.00', 44, 626, 13),
(976, '1.00', 45, 627, 13),
(977, '2.00', 45, 628, 13),
(978, '7.00', 45, 629, 13),
(979, '3.00', 45, 630, 13),
(980, '11.00', 45, 631, 13),
(981, '6.00', 45, 632, 13),
(982, '11.00', 45, 633, 13),
(983, '6.00', 45, 271, 13),
(984, '6.00', 45, 272, 13),
(985, '8.00', 45, 270, 13),
(986, '8.00', 46, 286, 9),
(987, '4.00', 47, 691, 9),
(988, '20.00', 47, 364, 9),
(989, '50.00', 47, 366, 9),
(990, '30.00', 47, 337, 9),
(991, '28.00', 47, 690, 9),
(992, '14.00', 47, 692, 9),
(993, '14.00', 48, 676, 13),
(994, '60.00', 48, 677, 13),
(995, '30.00', 48, 678, 13),
(996, '70.00', 48, 683, 13),
(997, '50.00', 48, 686, 13),
(998, '50.00', 48, 685, 13),
(999, '24.00', 48, 682, 13),
(1000, '10.00', 48, 681, 13),
(1001, '10.00', 48, 684, 13),
(1002, '20.00', 48, 680, 13),
(1003, '10.00', 48, 679, 13),
(1004, '14.00', 48, 687, 13),
(1005, '96.00', 48, 688, 13),
(1006, '98.00', 48, 689, 13),
(1007, '4.00', 49, 634, 13),
(1008, '100.00', 49, 635, 13),
(1009, '400.00', 49, 636, 13),
(1010, '12.00', 49, 641, 13),
(1011, '12.00', 49, 639, 13),
(1012, '18.00', 49, 640, 13),
(1013, '28.00', 49, 637, 13),
(1014, '40.00', 49, 642, 13),
(1015, '40.00', 49, 643, 13),
(1016, '12.00', 49, 644, 13),
(1017, '10.00', 49, 646, 13),
(1018, '10.00', 49, 645, 13),
(1019, '8.00', 49, 646, 13),
(1020, '70.00', 49, 648, 13),
(1021, '6.00', 49, 650, 13),
(1022, '6.00', 49, 650, 13),
(1023, '20.00', 49, 649, 13),
(1024, '60.00', 49, 651, 13),
(1025, '12.00', 49, 644, 13),
(1026, '170.00', 49, 647, 13),
(1027, '183.00', 49, 653, 13),
(1028, '120.00', 49, 654, 13),
(1029, '40.00', 49, 655, 13),
(1030, '100.00', 49, 658, 13),
(1031, '10.00', 49, 657, 13),
(1032, '20.00', 49, 657, 13),
(1033, '80.00', 49, 656, 13),
(1034, '6.00', 49, 650, 13),
(1035, '10.00', 50, 659, 13),
(1036, '47.00', 50, 664, 13),
(1037, '20.00', 50, 663, 13),
(1038, '20.00', 50, 665, 13),
(1039, '14.00', 50, 661, 13),
(1040, '14.00', 50, 660, 13),
(1041, '7.00', 50, 660, 13),
(1042, '160.00', 50, 662, 13),
(1043, '50.00', 50, 667, 13),
(1044, '150.00', 50, 668, 13),
(1045, '30.00', 50, 669, 13),
(1046, '30.00', 50, 670, 13),
(1047, '506.00', 50, 671, 13),
(1048, '210.00', 50, 672, 13),
(1049, '200.00', 50, 673, 13),
(1050, '20.00', 50, 675, 13),
(1051, '80.00', 50, 674, 13),
(1052, '14.00', 51, 693, 13),
(1053, '180.00', 52, 694, 14),
(1054, '30.00', 53, 715, 15),
(1055, '30.00', 53, 716, 15),
(1056, '60.00', 53, 717, 15),
(1057, '20.00', 53, 717, 15),
(1058, '10.00', 53, 718, 15),
(1059, '30.00', 53, 718, 15),
(1060, '60.00', 53, 719, 15),
(1061, '30.00', 53, 720, 15),
(1062, '30.00', 53, 720, 15),
(1063, '90.00', 53, 734, 15),
(1064, '10.00', 53, 737, 15),
(1065, '40.00', 53, 723, 15),
(1066, '40.00', 53, 730, 15),
(1067, '10.00', 53, 735, 15),
(1068, '40.00', 53, 729, 15),
(1069, '30.00', 53, 728, 15),
(1070, '20.00', 53, 725, 15),
(1071, '20.00', 53, 724, 15),
(1072, '40.00', 53, 727, 15),
(1073, '20.00', 53, 726, 15),
(1074, '20.00', 53, 721, 15),
(1075, '1.00', 53, 736, 15),
(1076, '40.00', 53, 731, 15),
(1077, '30.00', 53, 733, 15),
(1078, '30.00', 53, 733, 15),
(1079, '30.00', 53, 741, 15),
(1080, '90.00', 53, 751, 15),
(1081, '1.00', 53, 745, 15),
(1082, '20.00', 53, 742, 15),
(1083, '14.00', 53, 743, 15),
(1084, '14.00', 53, 743, 15),
(1085, '20.00', 53, 738, 15),
(1086, '40.00', 53, 750, 15),
(1087, '30.00', 53, 740, 15),
(1088, '20.00', 53, 739, 15),
(1089, '10.00', 53, 747, 15),
(1090, '30.00', 53, 747, 15),
(1091, '10.00', 53, 746, 15),
(1092, '10.00', 53, 748, 15),
(1093, '5.00', 53, 749, 15),
(1094, '14.00', 53, 744, 15),
(1095, '28.00', 53, 705, 15),
(1096, '28.00', 53, 706, 15),
(1097, '14.00', 53, 706, 15),
(1098, '14.00', 53, 707, 15),
(1099, '10.00', 53, 714, 15),
(1100, '14.00', 53, 710, 15),
(1101, '14.00', 53, 711, 15),
(1102, '218.00', 53, 709, 15),
(1103, '14.00', 53, 703, 15),
(1104, '28.00', 53, 704, 15),
(1105, '20.00', 53, 708, 15),
(1106, '10.00', 53, 713, 15),
(1107, '14.00', 53, 712, 15),
(1108, '28.00', 53, 701, 15),
(1109, '14.00', 53, 702, 15),
(1110, '14.00', 53, 755, 15),
(1111, '14.00', 53, 754, 15),
(1112, '14.00', 53, 756, 15),
(1113, '30.00', 53, 753, 15),
(1114, '30.00', 53, 752, 15),
(1115, '14.00', 53, 758, 15),
(1116, '14.00', 53, 759, 15),
(1117, '14.00', 53, 700, 15),
(1118, '28.00', 53, 699, 15),
(1119, '14.00', 53, 700, 15),
(1120, '28.00', 53, 695, 15),
(1121, '14.00', 53, 696, 15),
(1122, '20.00', 53, 697, 15),
(1123, '20.00', 53, 698, 15),
(1124, '28.00', 54, 409, 8),
(1125, '56.00', 54, 411, 8),
(1126, '28.00', 54, 413, 8),
(1127, '28.00', 54, 414, 8),
(1128, '14.00', 54, 412, 8),
(1129, '40.00', 55, 766, 15),
(1130, '10.00', 55, 767, 15),
(1131, '20.00', 55, 768, 15),
(1132, '20.00', 55, 762, 15),
(1133, '20.00', 55, 763, 15),
(1134, '9.00', 55, 765, 15),
(1135, '20.00', 55, 765, 15),
(1136, '60.00', 55, 769, 15),
(1137, '20.00', 55, 771, 15),
(1138, '20.00', 55, 760, 15),
(1139, '30.00', 55, 760, 15),
(1140, '20.00', 55, 761, 15),
(1141, '40.00', 55, 772, 15),
(1142, '310.00', 55, 773, 15),
(1143, '30.00', 55, 773, 15),
(1144, '180.00', 55, 770, 15),
(1145, '29.00', 55, 791, 15),
(1146, '28.00', 55, 793, 15),
(1147, '14.00', 55, 792, 15),
(1148, '14.00', 55, 792, 15),
(1149, '14.00', 55, 795, 15),
(1150, '30.00', 55, 794, 15),
(1151, '20.00', 55, 800, 15),
(1152, '10.00', 55, 798, 15),
(1153, '20.00', 55, 797, 15),
(1154, '10.00', 55, 799, 15),
(1155, '60.00', 55, 796, 15),
(1156, '45.00', 55, 784, 15),
(1157, '28.00', 55, 788, 15),
(1158, '10.00', 55, 787, 15),
(1159, '28.00', 55, 786, 15),
(1160, '28.00', 55, 781, 15),
(1161, '10.00', 55, 785, 15),
(1162, '10.00', 55, 783, 15),
(1163, '10.00', 55, 783, 15),
(1164, '20.00', 55, 782, 15),
(1165, '20.00', 55, 789, 15),
(1166, '56.00', 55, 778, 15),
(1167, '14.00', 55, 778, 15),
(1168, '7.00', 55, 778, 15),
(1169, '7.00', 55, 778, 15),
(1170, '21.00', 55, 779, 15),
(1171, '14.00', 55, 777, 15),
(1172, '14.00', 55, 777, 15),
(1173, '14.00', 55, 776, 15),
(1174, '14.00', 55, 775, 15),
(1175, '28.00', 55, 774, 15),
(1176, '1.00', 56, 801, 15),
(1177, '2.00', 56, 802, 15),
(1178, '1.00', 56, 803, 15),
(1179, '1.00', 56, 804, 15),
(1180, '2.00', 56, 805, 15),
(1181, '1.00', 56, 806, 15),
(1182, '2.00', 56, 807, 15),
(1183, '10.00', 56, 808, 15),
(1184, '20.00', 56, 810, 15),
(1185, '30.00', 56, 809, 15),
(1186, '10.00', 56, 811, 15),
(1187, '10.00', 56, 812, 15),
(1188, '14.00', 56, 813, 15),
(1189, '28.00', 56, 814, 15),
(1190, '10.00', 56, 815, 15),
(1191, '10.00', 56, 816, 15),
(1192, '60.00', 56, 817, 15),
(1193, '6.00', 56, 818, 15),
(1194, '28.00', 56, 818, 15),
(1195, '28.00', 56, 818, 15),
(1196, '21.00', 56, 819, 15),
(1197, '2.00', 56, 820, 15),
(1198, '1.00', 56, 821, 15),
(1199, '1.00', 56, 822, 15),
(1200, '30.00', 56, 824, 15),
(1201, '30.00', 56, 824, 15),
(1202, '20.00', 56, 826, 15),
(1203, '50.00', 56, 825, 15),
(1204, '30.00', 56, 827, 15),
(1205, '20.00', 57, 402, 8),
(1206, '10.00', 57, 403, 8),
(1207, '50.00', 57, 493, 8),
(1208, '28.00', 57, 492, 8),
(1209, '6.00', 57, 464, 8),
(1210, '12.00', 58, 828, 2),
(1211, '7.00', 58, 829, 2),
(1212, '3.00', 58, 830, 2),
(1213, '30.00', 59, 764, 15),
(1214, '42.00', 59, 831, 15),
(1215, '42.00', 59, 779, 15),
(1216, '14.00', 59, 776, 15),
(1217, '28.00', 59, 775, 15),
(1218, '4.00', 59, 618, 15),
(1219, '30.00', 59, 791, 15),
(1220, '30.00', 59, 832, 15),
(1221, '14.00', 59, 703, 15),
(1222, '14.00', 59, 707, 15),
(1223, '14.00', 59, 774, 15),
(1224, '2.00', 60, 327, 9),
(1225, '30.00', 60, 358, 9),
(1226, '5.00', 60, 376, 9),
(1227, '10.00', 60, 374, 9),
(1228, '10.00', 60, 338, 9),
(1229, '4.00', 60, 301, 9),
(1230, '40.00', 60, 316, 9),
(1231, '4.00', 60, 386, 9),
(1232, '1.00', 60, 116, 9),
(1233, '2.00', 61, 833, 5),
(1234, '2.00', 61, 90, 5),
(1235, '2.00', 61, 95, 5),
(1236, '3.00', 62, 245, 13),
(1237, '2.00', 62, 577, 13),
(1238, '2.00', 62, 578, 13),
(1239, '4.00', 62, 617, 13),
(1240, '100.00', 62, 513, 13),
(1241, '60.00', 62, 675, 13),
(1242, '40.00', 62, 978, 13),
(1243, '6.00', 62, 252, 13),
(1244, '80.00', 62, 979, 13),
(1245, '2.00', 62, 977, 13),
(1246, '90.00', 62, 976, 13),
(1247, '6.00', 62, 980, 13),
(1248, '7.00', 63, 66, 2),
(1249, '20.00', 64, 886, 17),
(1250, '20.00', 64, 886, 17),
(1251, '20.00', 64, 877, 17),
(1252, '20.00', 64, 877, 17),
(1253, '30.00', 64, 880, 17),
(1254, '10.00', 64, 888, 17),
(1255, '20.00', 64, 883, 17),
(1256, '20.00', 64, 884, 17),
(1257, '10.00', 64, 881, 17),
(1258, '10.00', 64, 876, 17),
(1259, '20.00', 64, 885, 17),
(1260, '10.00', 64, 882, 17),
(1261, '10.00', 64, 878, 17),
(1262, '40.00', 64, 879, 17),
(1263, '20.00', 64, 889, 17),
(1264, '21.00', 64, 890, 17),
(1265, '56.00', 64, 892, 17),
(1266, '31.00', 64, 891, 17),
(1267, '14.00', 64, 895, 17),
(1268, '7.00', 64, 896, 17),
(1269, '14.00', 64, 896, 17),
(1270, '30.00', 64, 897, 17),
(1271, '17.00', 64, 898, 17),
(1272, '20.00', 64, 898, 17),
(1273, '5.00', 64, 899, 17),
(1274, '5.00', 64, 901, 17),
(1275, '42.00', 64, 893, 17),
(1276, '28.00', 64, 894, 17),
(1277, '14.00', 64, 894, 17),
(1278, '28.00', 65, 908, 17),
(1279, '28.00', 65, 910, 17),
(1280, '14.00', 65, 909, 17),
(1281, '28.00', 65, 906, 17),
(1282, '28.00', 65, 907, 17),
(1283, '10.00', 65, 902, 17),
(1284, '20.00', 65, 903, 17),
(1285, '14.00', 65, 904, 17),
(1286, '14.00', 65, 904, 17),
(1287, '14.00', 65, 905, 17),
(1288, '14.00', 65, 905, 17),
(1289, '2.00', 66, 846, 16),
(1290, '2.00', 66, 835, 16),
(1291, '2.00', 66, 836, 16),
(1292, '1.00', 66, 838, 16),
(1293, '2.00', 66, 863, 16),
(1294, '2.00', 66, 858, 16),
(1295, '1.00', 66, 840, 16),
(1296, '3.00', 66, 841, 16),
(1297, '10.00', 66, 844, 16),
(1298, '60.00', 66, 842, 16),
(1299, '20.00', 66, 845, 16),
(1300, '90.00', 66, 846, 16),
(1301, '56.00', 66, 849, 16),
(1302, '14.00', 66, 848, 16),
(1303, '14.00', 66, 847, 16),
(1304, '160.00', 66, 850, 16),
(1305, '40.00', 66, 851, 16),
(1306, '20.00', 66, 852, 16),
(1307, '30.00', 66, 853, 16),
(1308, '30.00', 66, 854, 16),
(1309, '40.00', 66, 855, 16),
(1310, '30.00', 66, 856, 16),
(1311, '14.00', 66, 860, 16),
(1312, '20.00', 66, 861, 16),
(1313, '30.00', 66, 858, 16),
(1314, '20.00', 66, 857, 16),
(1315, '20.00', 67, 859, 16),
(1316, '20.00', 67, 859, 16),
(1317, '40.00', 67, 862, 16),
(1318, '10.00', 67, 863, 16),
(1319, '1.00', 67, 864, 16),
(1320, '60.00', 67, 865, 16),
(1321, '45.00', 67, 868, 16),
(1322, '50.00', 67, 867, 16),
(1323, '12.00', 67, 869, 16),
(1324, '18.00', 67, 870, 16),
(1325, '30.00', 67, 871, 16),
(1326, '12.00', 67, 872, 16),
(1327, '12.00', 67, 873, 16),
(1328, '36.00', 67, 875, 16),
(1329, '2.00', 68, 932, 12),
(1330, '1.00', 68, 932, 12),
(1331, '2.00', 68, 933, 12),
(1332, '1.00', 68, 934, 12),
(1333, '1.00', 68, 934, 12),
(1334, '100.00', 68, 942, 12),
(1335, '60.00', 68, 943, 12),
(1336, '10.00', 68, 1009, 12),
(1337, '50.00', 68, 941, 12),
(1338, '20.00', 68, 939, 12),
(1339, '12.00', 68, 938, 12),
(1340, '24.00', 68, 875, 12),
(1341, '24.00', 68, 874, 12),
(1342, '18.00', 68, 874, 12),
(1343, '96.00', 68, 946, 12),
(1344, '20.00', 68, 945, 12),
(1345, '4.00', 68, 945, 12),
(1346, '30.00', 68, 949, 12),
(1347, '10.00', 68, 949, 12),
(1348, '60.00', 68, 947, 12),
(1349, '20.00', 68, 947, 12),
(1350, '30.00', 68, 948, 12),
(1351, '20.00', 68, 948, 12),
(1352, '10.00', 68, 957, 12),
(1353, '10.00', 68, 957, 12),
(1354, '10.00', 68, 951, 12),
(1355, '40.00', 68, 956, 12),
(1356, '40.00', 68, 956, 12),
(1357, '10.00', 68, 956, 12),
(1358, '70.00', 68, 955, 12),
(1359, '20.00', 68, 960, 12),
(1360, '10.00', 68, 960, 12),
(1361, '10.00', 68, 961, 12),
(1362, '20.00', 68, 961, 12),
(1363, '24.00', 68, 950, 12),
(1364, '28.00', 68, 953, 12),
(1365, '42.00', 68, 952, 12),
(1366, '21.00', 68, 954, 12),
(1367, '5.00', 68, 962, 12),
(1368, '21.00', 68, 1010, 12),
(1369, '20.00', 68, 964, 12),
(1370, '10.00', 68, 963, 12),
(1371, '10.00', 68, 963, 12),
(1372, '40.00', 68, 967, 12),
(1373, '40.00', 68, 966, 12),
(1374, '5.00', 68, 972, 12),
(1375, '63.00', 68, 968, 12),
(1376, '1.00', 68, 971, 12),
(1377, '1.00', 68, 969, 12),
(1378, '1.00', 68, 969, 12),
(1379, '2.00', 68, 970, 12),
(1380, '84.00', 69, 973, 19),
(1381, '28.00', 69, 974, 19),
(1382, '42.00', 69, 975, 19),
(1383, '28.00', 69, 982, 19),
(1384, '63.00', 69, 981, 19),
(1385, '28.00', 69, 983, 19),
(1386, '28.00', 69, 987, 19),
(1387, '60.00', 69, 986, 19),
(1388, '28.00', 69, 984, 19),
(1389, '14.00', 69, 985, 19),
(1390, '222.00', 69, 995, 19),
(1391, '30.00', 69, 994, 19),
(1392, '110.00', 69, 996, 19),
(1393, '32.00', 69, 997, 19),
(1394, '45.00', 69, 1000, 19),
(1395, '41.00', 69, 998, 19),
(1396, '1.00', 69, 991, 19),
(1397, '20.00', 69, 992, 19),
(1398, '20.00', 69, 1001, 19),
(1399, '70.00', 69, 1002, 19),
(1400, '20.00', 69, 1003, 19),
(1401, '14.00', 69, 1004, 19),
(1402, '20.00', 69, 993, 19),
(1403, '40.00', 69, 1005, 19),
(1404, '30.00', 69, 1005, 19),
(1405, '40.00', 69, 988, 19),
(1406, '80.00', 69, 989, 19),
(1407, '30.00', 69, 990, 19),
(1408, '1.00', 69, 1006, 19),
(1409, '1.00', 69, 1007, 19),
(1410, '2.00', 70, 911, 17),
(1411, '2.00', 70, 912, 17),
(1412, '2.00', 70, 913, 17),
(1413, '3.00', 70, 914, 17),
(1414, '4.00', 70, 915, 17),
(1415, '3.00', 70, 920, 17),
(1416, '2.00', 70, 919, 17),
(1417, '1.00', 70, 918, 17),
(1418, '3.00', 70, 916, 17),
(1419, '3.00', 70, 917, 17),
(1420, '117.00', 70, 931, 17),
(1421, '30.00', 70, 927, 17),
(1422, '25.00', 70, 926, 17),
(1423, '28.00', 70, 930, 17),
(1424, '65.00', 70, 925, 17),
(1425, '119.00', 70, 929, 17),
(1426, '50.00', 70, 921, 17),
(1427, '40.00', 70, 922, 17),
(1428, '30.00', 70, 924, 17),
(1429, '30.00', 70, 924, 17),
(1430, '100.00', 70, 923, 17),
(1431, '14.00', 71, 1011, 17),
(1432, '57.00', 71, 999, 17),
(1433, '3.00', 72, 1012, 12),
(1434, '1.00', 72, 1013, 12),
(1435, '2.00', 72, 1014, 12),
(1436, '4.00', 72, 1015, 12),
(1437, '1.00', 72, 1015, 12),
(1438, '2.00', 72, 1016, 12),
(1439, '2.00', 72, 1018, 12),
(1440, '1.00', 72, 1017, 12),
(1441, '3.00', 72, 1019, 12),
(1442, '5.00', 72, 1020, 12),
(1443, '2.00', 72, 1021, 12),
(1444, '1.00', 72, 1022, 12),
(1445, '2.00', 72, 1023, 12),
(1446, '90.00', 72, 1024, 12),
(1447, '30.00', 72, 1025, 12),
(1448, '30.00', 72, 1025, 12),
(1449, '140.00', 72, 1026, 12),
(1450, '20.00', 72, 1027, 12),
(1451, '2.00', 72, 1028, 12),
(1452, '1.00', 72, 1029, 12),
(1453, '20.00', 73, 1063, 20),
(1454, '14.00', 73, 1070, 20),
(1455, '28.00', 73, 1069, 20),
(1456, '28.00', 73, 1071, 20),
(1457, '28.00', 73, 1074, 20),
(1458, '28.00', 73, 1079, 20),
(1459, '14.00', 73, 1050, 20),
(1460, '14.00', 73, 1045, 20),
(1461, '14.00', 73, 1057, 20),
(1462, '28.00', 73, 1134, 20),
(1463, '14.00', 73, 1052, 20),
(1464, '28.00', 73, 1058, 20),
(1465, '28.00', 73, 1062, 20),
(1466, '28.00', 73, 1061, 20),
(1467, '40.00', 73, 1056, 20),
(1468, '30.00', 73, 1049, 20),
(1469, '14.00', 73, 1078, 20),
(1470, '14.00', 73, 1077, 20),
(1471, '30.00', 73, 1068, 20),
(1472, '20.00', 73, 1067, 20),
(1473, '20.00', 73, 1076, 20),
(1474, '8.00', 73, 1040, 20),
(1475, '20.00', 73, 1044, 20),
(1476, '10.00', 73, 1032, 20),
(1477, '10.00', 73, 1055, 20),
(1478, '28.00', 73, 1060, 20),
(1479, '42.00', 73, 1065, 20),
(1480, '10.00', 73, 1135, 20),
(1481, '10.00', 73, 1136, 20),
(1482, '40.00', 73, 1066, 20),
(1483, '80.00', 74, 1032, 20),
(1484, '180.00', 74, 1031, 20),
(1485, '10.00', 74, 1033, 20),
(1486, '1.00', 74, 1034, 20),
(1487, '1.00', 74, 1035, 20),
(1488, '20.00', 74, 1064, 20),
(1489, '40.00', 74, 1048, 20),
(1490, '30.00', 74, 1048, 20),
(1491, '20.00', 74, 1137, 20),
(1492, '42.00', 74, 1038, 20),
(1493, '40.00', 74, 1036, 20),
(1494, '20.00', 74, 1075, 20),
(1495, '20.00', 74, 1094, 20),
(1496, '20.00', 74, 1082, 20),
(1497, '20.00', 74, 1083, 20),
(1498, '14.00', 74, 1123, 20),
(1499, '10.00', 74, 1091, 20),
(1500, '16.00', 74, 1138, 20),
(1501, '5.00', 74, 1090, 20),
(1502, '10.00', 74, 1133, 20),
(1503, '40.00', 74, 1088, 20),
(1504, '40.00', 74, 1118, 20),
(1505, '60.00', 74, 1120, 20),
(1506, '14.00', 74, 1120, 20),
(1507, '80.00', 74, 1128, 20),
(1508, '21.00', 74, 1086, 20),
(1509, '85.00', 74, 1124, 20),
(1510, '6.00', 74, 1129, 20),
(1511, '20.00', 74, 1126, 20),
(1512, '4.00', 74, 1122, 20),
(1513, '24.00', 75, 1127, 20),
(1514, '24.00', 75, 1105, 20),
(1515, '5.00', 75, 1084, 20),
(1516, '24.00', 75, 1125, 20),
(1517, '3.00', 75, 1121, 20),
(1518, '20.00', 75, 1110, 20),
(1519, '20.00', 75, 1110, 20),
(1520, '20.00', 75, 1132, 20),
(1521, '1.00', 75, 1089, 20),
(1522, '10.00', 75, 1109, 20),
(1523, '30.00', 75, 1111, 20),
(1524, '30.00', 75, 1113, 20),
(1525, '4.00', 75, 1113, 20),
(1526, '60.00', 75, 1114, 20),
(1527, '24.00', 75, 1114, 20),
(1528, '8.00', 75, 1115, 20),
(1529, '10.00', 75, 1116, 20),
(1530, '31.00', 75, 1100, 20),
(1531, '28.00', 75, 1098, 20),
(1532, '14.00', 75, 1098, 20),
(1533, '28.00', 75, 1099, 20),
(1534, '28.00', 75, 1099, 20),
(1535, '6.00', 75, 1104, 20),
(1536, '14.00', 75, 1102, 20),
(1537, '28.00', 76, 1172, 12),
(1538, '42.00', 76, 1173, 12),
(1539, '6.00', 76, 1174, 12),
(1540, '28.00', 76, 1175, 12),
(1541, '4.00', 76, 1186, 12),
(1542, '14.00', 76, 1178, 12),
(1543, '28.00', 76, 1182, 12),
(1544, '40.00', 76, 1183, 12),
(1545, '28.00', 76, 1177, 12),
(1546, '28.00', 76, 1176, 12),
(1547, '20.00', 76, 1187, 12),
(1548, '20.00', 76, 1187, 12),
(1549, '40.00', 76, 1188, 12),
(1550, '10.00', 76, 1189, 12),
(1551, '20.00', 76, 1192, 12),
(1552, '50.00', 76, 1190, 12),
(1553, '10.00', 76, 1190, 12),
(1554, '8.00', 76, 1190, 12),
(1555, '70.00', 76, 1191, 12),
(1556, '28.00', 76, 1193, 12),
(1557, '7.00', 76, 1193, 12),
(1558, '28.00', 76, 1200, 12),
(1559, '10.00', 76, 1194, 12),
(1560, '10.00', 76, 1195, 12),
(1561, '100.00', 76, 1196, 12),
(1562, '90.00', 76, 1199, 12),
(1563, '30.00', 76, 1197, 12),
(1564, '30.00', 76, 1197, 12),
(1565, '20.00', 76, 1198, 12),
(1566, '10.00', 76, 1198, 12),
(1567, '20.00', 76, 1198, 12),
(1568, '60.00', 77, 1139, 12),
(1569, '30.00', 77, 1139, 12),
(1570, '10.00', 77, 1143, 12),
(1571, '10.00', 77, 1144, 12),
(1572, '6.00', 77, 1145, 12),
(1573, '20.00', 77, 1142, 12),
(1574, '20.00', 77, 1141, 12),
(1575, '14.00', 77, 1147, 12),
(1576, '10.00', 77, 1141, 12),
(1577, '30.00', 77, 1148, 12),
(1578, '20.00', 77, 1149, 12),
(1579, '20.00', 77, 1150, 12),
(1580, '7.00', 77, 1152, 12),
(1581, '14.00', 77, 1152, 12),
(1582, '21.00', 77, 1151, 12),
(1583, '42.00', 77, 1154, 12),
(1584, '40.00', 77, 1155, 12),
(1585, '35.00', 77, 1156, 12),
(1586, '40.00', 77, 1158, 12),
(1587, '20.00', 77, 1157, 12),
(1588, '20.00', 77, 1157, 12),
(1589, '14.00', 77, 1159, 12),
(1590, '15.00', 77, 1161, 12),
(1591, '15.00', 77, 1160, 12),
(1592, '5.00', 77, 1162, 12),
(1593, '20.00', 77, 1165, 12),
(1594, '10.00', 77, 1165, 12),
(1595, '10.00', 77, 1167, 12),
(1596, '10.00', 77, 1168, 12),
(1597, '5.00', 77, 1169, 12),
(1598, '3.00', 78, 1205, 15),
(1599, '14.00', 79, 1201, 12),
(1600, '28.00', 79, 1202, 12),
(1601, '28.00', 79, 1203, 12),
(1602, '14.00', 79, 1215, 12),
(1603, '21.00', 79, 1181, 12),
(1604, '14.00', 79, 1204, 12),
(1605, '7.00', 79, 1206, 12),
(1606, '10.00', 79, 1207, 12),
(1607, '20.00', 79, 1208, 12),
(1608, '20.00', 79, 1211, 12),
(1609, '28.00', 79, 1212, 12),
(1610, '21.00', 79, 1180, 12),
(1611, '14.00', 80, 1213, 12),
(1612, '14.00', 80, 1214, 12),
(1613, '15.00', 80, 1238, 12),
(1614, '10.00', 80, 1239, 12),
(1615, '30.00', 80, 1240, 12),
(1616, '20.00', 80, 1240, 12),
(1617, '14.00', 80, 1210, 12),
(1618, '10.00', 80, 1209, 12),
(1619, '29.00', 80, 1241, 12),
(1620, '40.00', 80, 1242, 12),
(1621, '30.00', 80, 1243, 12),
(1622, '4.00', 80, 1244, 12),
(1623, '4.00', 80, 1245, 12),
(1624, '20.00', 80, 1245, 12),
(1625, '28.00', 80, 1246, 12),
(1626, '28.00', 80, 1247, 12),
(1627, '14.00', 80, 1247, 12),
(1628, '21.00', 80, 1248, 12),
(1629, '10.00', 80, 1184, 12),
(1630, '30.00', 80, 1250, 12),
(1631, '20.00', 80, 1257, 12),
(1632, '112.00', 80, 1258, 12),
(1633, '28.00', 80, 1249, 12),
(1634, '10.00', 80, 1250, 12),
(1635, '18.00', 80, 1251, 12),
(1636, '66.00', 80, 1252, 12),
(1637, '14.00', 80, 1260, 12),
(1638, '7.00', 80, 1262, 12),
(1639, '28.00', 80, 1259, 12),
(1640, '7.00', 80, 1261, 12),
(1641, '35.00', 80, 1253, 12),
(1642, '42.00', 80, 1254, 12),
(1643, '53.00', 80, 1255, 12),
(1644, '73.00', 80, 1256, 12),
(1645, '2.00', 81, 1216, 12),
(1646, '2.00', 81, 1217, 12),
(1647, '1.00', 81, 1218, 12),
(1648, '2.00', 81, 1219, 12),
(1649, '2.00', 81, 1221, 12),
(1650, '2.00', 81, 1222, 12),
(1651, '2.00', 81, 1223, 12),
(1652, '2.00', 81, 1263, 12),
(1653, '2.00', 81, 1224, 12),
(1654, '2.00', 81, 1264, 12),
(1655, '1.00', 81, 1225, 12),
(1656, '2.00', 81, 1226, 12),
(1657, '25.00', 81, 1228, 12),
(1658, '1.00', 81, 1227, 12),
(1659, '1.00', 81, 1229, 12),
(1660, '40.00', 81, 1230, 12),
(1661, '30.00', 81, 1232, 12),
(1662, '20.00', 81, 1233, 12),
(1663, '50.00', 81, 1234, 12),
(1664, '30.00', 81, 1231, 12),
(1665, '10.00', 81, 1235, 12),
(1666, '28.00', 81, 1236, 12),
(1667, '95.00', 81, 1220, 12),
(1668, '24.00', 81, 1237, 12),
(1669, '60.00', 82, 944, 12),
(1670, '10.00', 82, 1166, 12),
(1671, '14.00', 82, 1213, 12),
(1672, '28.00', 82, 1255, 12),
(1673, '28.00', 82, 1256, 12),
(1674, '10.00', 82, 1192, 12),
(1675, '14.00', 82, 1178, 12),
(1676, '14.00', 82, 1180, 12),
(1677, '30.00', 82, 1257, 12),
(1678, '20.00', 82, 1184, 12),
(1679, '40.00', 82, 1196, 12),
(1680, '28.00', 82, 1153, 12),
(1681, '14.00', 82, 1260, 12),
(1682, '60.00', 82, 1251, 12),
(1683, '140.00', 83, 974, 19),
(1684, '28.00', 83, 975, 19),
(1685, '56.00', 83, 1011, 19),
(1686, '28.00', 83, 982, 19),
(1687, '1.00', 83, 1265, 19),
(1688, '55.00', 84, 1266, 12),
(1689, '10.00', 84, 1267, 12),
(1690, '30.00', 84, 1268, 12),
(1691, '24.00', 84, 1269, 12),
(1692, '123.00', 84, 1270, 12),
(1693, '24.00', 84, 1271, 12),
(1694, '20.00', 84, 1272, 12),
(1695, '10.00', 84, 1273, 12),
(1696, '10.00', 84, 1274, 12),
(1697, '10.00', 84, 1275, 12),
(1698, '10.00', 84, 1276, 12),
(1699, '14.00', 84, 1278, 12),
(1700, '20.00', 84, 1277, 12),
(1701, '10.00', 84, 1280, 12),
(1702, '10.00', 84, 1279, 12),
(1703, '20.00', 84, 1281, 12),
(1704, '13.00', 84, 1283, 12),
(1705, '7.00', 84, 1282, 12),
(1706, '2.00', 84, 1284, 12),
(1707, '2.00', 84, 1285, 12),
(1708, '3.00', 84, 1286, 12),
(1709, '1.00', 84, 1287, 12),
(1710, '2.00', 84, 1288, 12),
(1711, '2.00', 84, 1289, 12),
(1712, '42.00', 84, 1290, 12),
(1713, '60.00', 84, 1291, 12),
(1714, '30.00', 84, 1292, 12),
(1715, '2.00', 84, 1092, 12),
(1716, '1.00', 84, 1093, 12),
(1717, '3.00', 84, 1293, 12),
(1718, '4.00', 84, 1294, 12),
(1719, '2.00', 84, 1295, 12),
(1720, '4.00', 84, 1296, 12),
(1721, '5.00', 84, 1297, 12),
(1722, '4.00', 84, 1298, 12),
(1723, '4.00', 85, 181, 9),
(1724, '6.00', 85, 185, 9),
(1725, '2.00', 85, 377, 9),
(1726, '20.00', 85, 322, 9),
(1727, '40.00', 85, 314, 9),
(1728, '20.00', 85, 302, 9),
(1729, '60.00', 86, 1281, 21),
(1730, '6.00', 87, 1300, 22),
(1731, '6.00', 87, 1299, 22),
(1732, '36.00', 87, 1301, 22),
(1733, '24.00', 87, 1302, 22),
(1734, '2.00', 88, 1331, 20),
(1735, '6.00', 88, 1332, 20),
(1736, '2.00', 88, 1333, 20),
(1737, '3.00', 88, 1334, 20),
(1738, '3.00', 88, 1335, 20),
(1739, '7.00', 88, 1336, 20),
(1740, '60.00', 88, 1337, 20),
(1741, '48.00', 88, 1338, 20),
(1742, '2.00', 88, 1170, 20),
(1743, '1.00', 88, 1339, 20),
(1744, '3.00', 88, 1164, 20),
(1745, '2.00', 88, 1163, 20),
(1746, '2.00', 88, 1340, 20),
(1747, '2.00', 88, 1171, 20),
(1748, '6.00', 88, 1342, 20),
(1749, '5.00', 88, 1341, 20),
(1750, '3.00', 88, 227, 20),
(1751, '4.00', 88, 1343, 20),
(1752, '4.00', 88, 1344, 20),
(1753, '3.00', 88, 1345, 20),
(1754, '1.00', 88, 1345, 20),
(1755, '10.00', 88, 1346, 20),
(1756, '1.00', 88, 1346, 20),
(1757, '3.00', 89, 1303, 17),
(1758, '3.00', 89, 1304, 17),
(1759, '5.00', 89, 1305, 17),
(1760, '1.00', 89, 1306, 17),
(1761, '2.00', 89, 1307, 17),
(1763, '8.00', 89, 1309, 17),
(1764, '3.00', 89, 1309, 17),
(1765, '7.00', 89, 1311, 17),
(1766, '6.00', 89, 1312, 17),
(1767, '7.00', 89, 1310, 17),
(1768, '9.00', 89, 1313, 17),
(1769, '2.00', 89, 1314, 17),
(1770, '4.00', 89, 1315, 17),
(1771, '60.00', 89, 1316, 17),
(1772, '6.00', 89, 1317, 17),
(1773, '2.00', 89, 1318, 17),
(1774, '2.00', 89, 1319, 17),
(1775, '4.00', 89, 1320, 17),
(1776, '2.00', 89, 1321, 17),
(1777, '5.00', 89, 1322, 17),
(1778, '5.00', 89, 1323, 17),
(1779, '1.00', 89, 1324, 17),
(1780, '8.00', 89, 1325, 17),
(1781, '4.00', 89, 1326, 17),
(1782, '1.00', 89, 1327, 17),
(1783, '1.00', 89, 1328, 17),
(1784, '7.00', 89, 1308, 17),
(1785, '80.00', 90, 1347, 23),
(1786, '6.00', 90, 1330, 23),
(1787, '14.00', 91, 412, 8),
(1788, '30.00', 91, 481, 8),
(1789, '30.00', 91, 482, 8),
(1790, '42.00', 91, 409, 8),
(1791, '30.00', 91, 401, 8),
(1792, '10.00', 91, 433, 8),
(1793, '30.00', 91, 477, 8),
(1794, '30.00', 91, 479, 8),
(1795, '1.00', 92, 115, 9),
(1796, '10.00', 92, 325, 9),
(1797, '45.00', 92, 336, 9),
(1798, '2.00', 92, 383, 9),
(1799, '2.00', 93, 1287, 20),
(1800, '10.00', 93, 1067, 20),
(1801, '4.00', 93, 1348, 20),
(1802, '10.00', 93, 1116, 20),
(1803, '28.00', 93, 1106, 20),
(1804, '20.00', 93, 1133, 20),
(1805, '60.00', 93, 1126, 20),
(1806, '24.00', 93, 1350, 20),
(1807, '20.00', 93, 1082, 20),
(1808, '20.00', 93, 1083, 20),
(1809, '20.00', 93, 1131, 20),
(1810, '40.00', 93, 1349, 20),
(1811, '10.00', 93, 1055, 20),
(1812, '15.00', 94, 1451, 24),
(1813, '30.00', 94, 1447, 24),
(1814, '1.00', 94, 1452, 24),
(1815, '1.00', 94, 1465, 24),
(1816, '1.00', 94, 1453, 24),
(1817, '20.00', 94, 1448, 24),
(1818, '5.00', 94, 1461, 24),
(1819, '20.00', 94, 1463, 24),
(1820, '14.00', 94, 1464, 24),
(1821, '20.00', 94, 1462, 24),
(1822, '1.00', 94, 1449, 24),
(1823, '1.00', 94, 1450, 24),
(1824, '130.00', 94, 1457, 24),
(1825, '13.00', 94, 1458, 24),
(1826, '42.00', 94, 1455, 24),
(1827, '14.00', 94, 1456, 24),
(1828, '42.00', 94, 1444, 24),
(1829, '28.00', 94, 1456, 24),
(1830, '30.00', 94, 1459, 24),
(1831, '10.00', 94, 1454, 24),
(1832, '42.00', 94, 1460, 24),
(1833, '60.00', 94, 1466, 24),
(1834, '70.00', 94, 1445, 24),
(1835, '30.00', 94, 1445, 24),
(1836, '20.00', 94, 1446, 24),
(1837, '70.00', 94, 1443, 24),
(1838, '60.00', 94, 1442, 24),
(1839, '1.00', 94, 1474, 24),
(1840, '1.00', 94, 1473, 24),
(1841, '1.00', 94, 1471, 24),
(1842, '1.00', 94, 1472, 24),
(1843, '1.00', 94, 1470, 24),
(1844, '1.00', 94, 1469, 24),
(1845, '1.00', 94, 1468, 24),
(1846, '2.00', 94, 1467, 24),
(1847, '2.00', 94, 1369, 24),
(1848, '9.00', 94, 1365, 24),
(1849, '3.00', 94, 1365, 24),
(1850, '3.00', 94, 1368, 24),
(1851, '4.00', 94, 1366, 24),
(1852, '1.00', 94, 1366, 24),
(1853, '4.00', 94, 1363, 24),
(1854, '2.00', 94, 1367, 24),
(1855, '3.00', 94, 1362, 24),
(1856, '1.00', 94, 1361, 24),
(1857, '1.00', 94, 1364, 24),
(1858, '2.00', 94, 1360, 24),
(1859, '2.00', 94, 1359, 24),
(1860, '6.00', 94, 1356, 24),
(1861, '3.00', 94, 1358, 24),
(1862, '7.00', 94, 1355, 24),
(1863, '4.00', 94, 1357, 24),
(1864, '3.00', 94, 1353, 24),
(1865, '1.00', 94, 1353, 24),
(1866, '3.00', 94, 1354, 24),
(1867, '4.00', 94, 1351, 24),
(1868, '11.00', 94, 1352, 24),
(1869, '1.00', 94, 1352, 24),
(1870, '42.00', 95, 1507, 24),
(1871, '56.00', 95, 1393, 24),
(1872, '14.00', 95, 1394, 24),
(1873, '14.00', 95, 1394, 24),
(1874, '14.00', 95, 1396, 24),
(1875, '20.00', 95, 1401, 24),
(1876, '30.00', 95, 1402, 24),
(1877, '28.00', 95, 1371, 24),
(1878, '20.00', 95, 1372, 24),
(1879, '20.00', 95, 1390, 24),
(1880, '20.00', 95, 1389, 24),
(1881, '5.00', 95, 1377, 24),
(1882, '28.00', 95, 1377, 24),
(1883, '14.00', 95, 1378, 24),
(1884, '14.00', 95, 1376, 24),
(1885, '14.00', 95, 1375, 24),
(1886, '14.00', 95, 1374, 24),
(1887, '20.00', 95, 1383, 24),
(1888, '6.00', 95, 1384, 24),
(1889, '10.00', 95, 1380, 24),
(1890, '30.00', 95, 1381, 24),
(1891, '14.00', 95, 1382, 24),
(1892, '59.00', 95, 1422, 24),
(1893, '30.00', 95, 1422, 24),
(1894, '40.00', 95, 1421, 24),
(1895, '10.00', 95, 1430, 24),
(1896, '10.00', 95, 1387, 24),
(1897, '14.00', 95, 1423, 24),
(1898, '4.00', 95, 1423, 24),
(1899, '28.00', 95, 1424, 24),
(1900, '28.00', 95, 1425, 24),
(1901, '5.00', 95, 1432, 24),
(1902, '10.00', 95, 1431, 24),
(1903, '40.00', 95, 1428, 24),
(1904, '40.00', 95, 1429, 24),
(1905, '10.00', 95, 1388, 24),
(1906, '3.00', 96, 1505, 24),
(1907, '4.00', 96, 1503, 24),
(1908, '3.00', 96, 1504, 24),
(1909, '3.00', 96, 1497, 24),
(1910, '2.00', 96, 1496, 24),
(1911, '3.00', 96, 1500, 24),
(1912, '2.00', 96, 1499, 24),
(1913, '2.00', 96, 1498, 24),
(1914, '3.00', 96, 1489, 24),
(1915, '2.00', 96, 1490, 24),
(1916, '14.00', 96, 1492, 24),
(1917, '14.00', 96, 1491, 24),
(1918, '48.00', 96, 1493, 24),
(1919, '10.00', 96, 1495, 24),
(1920, '25.00', 96, 1494, 24),
(1921, '30.00', 96, 1506, 24),
(1922, '12.00', 96, 1486, 24),
(1923, '12.00', 96, 1484, 24),
(1924, '18.00', 96, 1485, 24),
(1925, '20.00', 96, 1487, 24),
(1926, '1.00', 96, 1501, 24),
(1927, '40.00', 96, 1488, 24),
(1928, '20.00', 96, 1480, 24),
(1929, '20.00', 96, 1481, 24),
(1930, '20.00', 96, 1482, 24),
(1931, '20.00', 96, 1483, 24),
(1932, '30.00', 96, 1479, 24),
(1933, '5.00', 96, 1478, 24),
(1934, '1.00', 96, 1502, 24),
(1935, '30.00', 96, 1477, 24),
(1936, '40.00', 96, 1475, 24),
(1937, '40.00', 96, 1476, 24),
(1938, '10.00', 96, 1434, 24),
(1939, '20.00', 96, 1414, 24),
(1940, '10.00', 96, 1417, 24),
(1941, '21.00', 96, 1411, 24),
(1942, '42.00', 96, 1413, 24),
(1943, '20.00', 96, 1410, 24),
(1944, '30.00', 96, 1409, 24),
(1945, '30.00', 96, 1508, 24),
(1946, '40.00', 96, 1418, 24),
(1947, '60.00', 96, 1419, 24),
(1948, '40.00', 97, 1407, 24),
(1949, '10.00', 97, 1406, 24),
(1950, '14.00', 97, 1408, 24),
(1951, '14.00', 97, 1408, 24),
(1952, '14.00', 97, 1509, 24),
(1953, '20.00', 97, 1379, 24),
(1954, '10.00', 97, 1398, 24),
(1955, '10.00', 97, 1397, 24),
(1956, '30.00', 97, 1370, 24),
(1957, '30.00', 97, 1386, 24),
(1958, '20.00', 97, 1385, 24),
(1959, '14.00', 97, 1373, 24),
(1960, '28.00', 97, 1405, 24),
(1961, '14.00', 97, 1420, 24),
(1962, '10.00', 97, 1399, 24),
(1963, '14.00', 97, 1391, 24),
(1964, '14.00', 97, 1392, 24),
(1965, '10.00', 97, 1438, 24),
(1966, '30.00', 97, 1439, 24),
(1967, '50.00', 97, 1427, 24),
(1968, '28.00', 97, 1426, 24),
(1969, '30.00', 97, 1404, 24),
(1970, '50.00', 97, 1403, 24),
(1971, '10.00', 97, 1435, 24),
(1972, '90.00', 97, 1433, 24),
(1973, '13.00', 97, 1433, 24),
(1974, '10.00', 97, 1434, 24),
(1975, '28.00', 97, 1436, 24),
(1976, '14.00', 98, 1176, 12),
(1977, '14.00', 98, 1378, 12),
(1978, '20.00', 99, 928, 17),
(1979, '28.00', 99, 1510, 17),
(1980, '28.00', 99, 1511, 17),
(1981, '90.00', 99, 924, 17),
(1982, '10.00', 99, 887, 17),
(1983, '30.00', 99, 1512, 17),
(1984, '28.00', 99, 890, 17),
(1985, '60.00', 99, 878, 17),
(1986, '14.00', 99, 910, 17),
(1987, '28.00', 99, 909, 17),
(1988, '14.00', 99, 908, 17),
(1989, '90.00', 99, 931, 17),
(1990, '2.00', 99, 914, 17),
(1991, '28.00', 100, 282, 12),
(1992, '24.00', 100, 937, 12),
(1993, '20.00', 100, 1244, 12),
(1994, '28.00', 100, 1255, 12),
(1995, '28.00', 100, 1513, 12),
(1996, '14.00', 100, 1179, 12),
(1997, '14.00', 100, 1180, 12),
(1998, '20.00', 100, 1184, 12),
(1999, '40.00', 100, 1197, 12),
(2000, '14.00', 100, 1261, 12),
(2001, '3.00', 100, 1514, 12),
(2002, '10.00', 101, 808, 15),
(2003, '40.00', 101, 794, 15),
(2004, '180.00', 101, 773, 15),
(2005, '10.00', 101, 767, 15),
(2006, '28.00', 101, 776, 15),
(2007, '13.00', 102, 620, 15),
(2008, '30.00', 103, 1516, 11),
(2009, '90.00', 103, 155, 11),
(2010, '28.00', 103, 160, 11),
(2011, '40.00', 103, 1517, 11),
(2012, '10.00', 103, 212, 11),
(2013, '20.00', 103, 218, 11),
(2014, '60.00', 103, 217, 11),
(2015, '6.00', 103, 260, 11),
(2016, '280.00', 103, 219, 11),
(2017, '4.00', 103, 261, 11),
(2018, '10.00', 103, 1519, 11),
(2019, '4.00', 103, 1518, 11),
(2020, '100.00', 104, 509, 13),
(2021, '100.00', 104, 655, 13),
(2022, '2.00', 104, 1520, 13),
(2023, '12.00', 104, 1521, 13),
(2024, '28.00', 104, 595, 13),
(2025, '6.00', 104, 252, 13),
(2026, '140.00', 104, 689, 13),
(2027, '40.00', 104, 667, 13),
(2028, '4.00', 104, 980, 13),
(2029, '6.00', 105, 1558, 24),
(2030, '56.00', 105, 1553, 24),
(2031, '70.00', 105, 1554, 24),
(2032, '30.00', 105, 1552, 24),
(2033, '40.00', 105, 1551, 24),
(2034, '14.00', 105, 1555, 24),
(2035, '20.00', 105, 1556, 24),
(2036, '20.00', 105, 1557, 24),
(2037, '1.00', 105, 1559, 24),
(2038, '1.00', 105, 1560, 24),
(2039, '50.00', 105, 1530, 24),
(2040, '10.00', 105, 1533, 24),
(2041, '20.00', 105, 1532, 24),
(2042, '50.00', 105, 1531, 24),
(2043, '100.00', 105, 1534, 24),
(2044, '60.00', 105, 1528, 24),
(2045, '75.00', 105, 1526, 24),
(2046, '20.00', 105, 1525, 24),
(2047, '120.00', 105, 1305, 24),
(2048, '40.00', 105, 1529, 24),
(2049, '40.00', 105, 1527, 24),
(2050, '14.00', 105, 1524, 24),
(2051, '70.00', 105, 1522, 24),
(2052, '46.00', 105, 1536, 24),
(2053, '34.00', 105, 1535, 24),
(2054, '12.00', 105, 1537, 24),
(2055, '60.00', 105, 1538, 24),
(2056, '30.00', 105, 1539, 24),
(2057, '30.00', 105, 1540, 24),
(2058, '30.00', 105, 1543, 24),
(2059, '30.00', 105, 1541, 24),
(2060, '30.00', 105, 1542, 24),
(2061, '10.00', 105, 1545, 24),
(2062, '40.00', 105, 1548, 24),
(2063, '28.00', 105, 1550, 24),
(2064, '28.00', 105, 1549, 24),
(2065, '28.00', 105, 1544, 24),
(2066, '21.00', 105, 1547, 24),
(2067, '14.00', 105, 1546, 24),
(2068, '30.00', 106, 1563, 25),
(2069, '50.00', 106, 1569, 25),
(2070, '210.00', 106, 1562, 25),
(2071, '80.00', 106, 1561, 25),
(2072, '56.00', 106, 1565, 25),
(2073, '28.00', 106, 1564, 25),
(2074, '1.00', 106, 1573, 25),
(2075, '14.00', 106, 1568, 25),
(2076, '10.00', 106, 1566, 25),
(2077, '20.00', 106, 1571, 25),
(2078, '10.00', 106, 1570, 25),
(2079, '80.00', 106, 1567, 25),
(2080, '7.00', 106, 1604, 25),
(2081, '35.00', 106, 1579, 25),
(2082, '7.00', 106, 1578, 25),
(2083, '14.00', 106, 1583, 25),
(2084, '14.00', 106, 1581, 25),
(2085, '42.00', 106, 1580, 25),
(2086, '14.00', 106, 1577, 25),
(2087, '21.00', 106, 1576, 25),
(2088, '56.00', 106, 1593, 25),
(2089, '42.00', 106, 1590, 25),
(2090, '28.00', 106, 1597, 25),
(2091, '40.00', 106, 1587, 25),
(2092, '42.00', 106, 1586, 25),
(2093, '20.00', 106, 1592, 25),
(2094, '20.00', 106, 1588, 25),
(2095, '60.00', 106, 1591, 25),
(2096, '14.00', 106, 1594, 25),
(2097, '7.00', 106, 1598, 25),
(2098, '10.00', 106, 1602, 25),
(2099, '30.00', 106, 1605, 25),
(2100, '10.00', 106, 1595, 25),
(2101, '10.00', 106, 1585, 25),
(2102, '20.00', 106, 1584, 25),
(2103, '20.00', 106, 1584, 25),
(2104, '50.00', 106, 1599, 25),
(2105, '1.00', 106, 1602, 25),
(2106, '5.00', 106, 1596, 25),
(2107, '1.00', 106, 1603, 25),
(2108, '1.00', 106, 1601, 25),
(2109, '1.00', 106, 1600, 25),
(2110, '3.00', 107, 1621, 25),
(2111, '70.00', 107, 1609, 25),
(2112, '160.00', 107, 1610, 25),
(2113, '90.00', 107, 1607, 25),
(2114, '500.00', 107, 1613, 25),
(2115, '30.00', 107, 1606, 25),
(2116, '60.00', 107, 1626, 25),
(2117, '40.00', 107, 1627, 25),
(2118, '50.00', 107, 1608, 25),
(2119, '36.00', 107, 1611, 25),
(2120, '12.00', 107, 1611, 25),
(2121, '60.00', 107, 1612, 25),
(2122, '30.00', 107, 1608, 25),
(2123, '1.00', 107, 1619, 25),
(2124, '2.00', 107, 1617, 25),
(2125, '1.00', 107, 1625, 25),
(2126, '5.00', 107, 1622, 25),
(2127, '2.00', 107, 1616, 25),
(2128, '1.00', 107, 1615, 25),
(2129, '14.00', 107, 1624, 25),
(2130, '3.00', 107, 1622, 25),
(2131, '4.00', 107, 1623, 25),
(2132, '4.00', 107, 1620, 25),
(2133, '4.00', 107, 1618, 25),
(2134, '10.00', 108, 1131, 20),
(2135, '24.00', 109, 1628, 25),
(2136, '90.00', 109, 1629, 25),
(2137, '13.00', 109, 1629, 25),
(2138, '42.00', 109, 1644, 25),
(2139, '14.00', 109, 1646, 25),
(2140, '14.00', 109, 1646, 25),
(2141, '60.00', 109, 1632, 25),
(2142, '40.00', 109, 1631, 25),
(2143, '20.00', 109, 1630, 25),
(2144, '28.00', 109, 1643, 25),
(2145, '56.00', 109, 1642, 25),
(2146, '20.00', 109, 1669, 25),
(2147, '20.00', 109, 1670, 25),
(2148, '14.00', 109, 1668, 25),
(2149, '10.00', 109, 1674, 25),
(2150, '14.00', 109, 1675, 25),
(2151, '28.00', 109, 1676, 25),
(2152, '10.00', 109, 1671, 25),
(2153, '14.00', 109, 1673, 25),
(2154, '28.00', 109, 1677, 25),
(2155, '10.00', 109, 1672, 25),
(2156, '28.00', 109, 1667, 25),
(2157, '30.00', 109, 1678, 25),
(2158, '50.00', 109, 1666, 25),
(2159, '10.00', 109, 1663, 25),
(2160, '20.00', 109, 1614, 25),
(2161, '30.00', 109, 1635, 25),
(2162, '40.00', 109, 1634, 25),
(2163, '15.00', 109, 1635, 25),
(2164, '40.00', 109, 1636, 25),
(2165, '50.00', 109, 1637, 25),
(2166, '85.00', 109, 1638, 25),
(2167, '20.00', 109, 1639, 25),
(2168, '30.00', 109, 1640, 25),
(2169, '30.00', 109, 1679, 25),
(2170, '10.00', 109, 1659, 25),
(2171, '61.00', 109, 1662, 25),
(2172, '20.00', 109, 1658, 25),
(2173, '10.00', 109, 1654, 25),
(2174, '10.00', 109, 1655, 25),
(2175, '40.00', 109, 1657, 25),
(2176, '30.00', 109, 1656, 25),
(2177, '14.00', 109, 1653, 25),
(2178, '28.00', 109, 1653, 25),
(2179, '28.00', 109, 1652, 25),
(2180, '40.00', 109, 1651, 25),
(2181, '40.00', 109, 1649, 25),
(2182, '3.00', 109, 1665, 25),
(2183, '20.00', 109, 1647, 25),
(2184, '10.00', 109, 1648, 25),
(2185, '28.00', 109, 1650, 25),
(2186, '30.00', 110, 436, 8),
(2187, '60.00', 110, 448, 8),
(2188, '50.00', 110, 402, 8),
(2189, '15.00', 110, 1628, 8),
(2190, '20.00', 111, 373, 9),
(2191, '20.00', 111, 316, 9),
(2192, '60.00', 111, 346, 9),
(2193, '1.00', 112, 1681, 20);
INSERT INTO `stock_item_qty_history` (`id`, `qty`, `fk_stock_history_id`, `fk_inventory_id`, `fk_supplier_id`) VALUES
(2194, '2.00', 112, 1680, 20),
(2195, '7.00', 112, 1683, 20),
(2196, '2.00', 112, 1684, 20),
(2197, '1.00', 112, 1711, 20),
(2198, '2.00', 112, 1696, 20),
(2199, '8.00', 112, 1685, 20),
(2200, '3.00', 112, 1696, 20),
(2201, '3.00', 112, 1686, 20),
(2202, '5.00', 112, 1694, 20),
(2203, '6.00', 112, 1695, 20),
(2204, '3.00', 112, 1693, 20),
(2205, '1.00', 112, 1722, 20),
(2206, '3.00', 112, 1691, 20),
(2207, '1.00', 112, 1692, 20),
(2208, '5.00', 112, 1690, 20),
(2209, '8.00', 112, 1689, 20),
(2210, '1.00', 112, 1688, 20),
(2211, '5.00', 112, 1697, 20),
(2212, '12.00', 112, 1717, 20),
(2213, '1.00', 112, 1710, 20),
(2214, '1.00', 112, 1720, 20),
(2215, '2.00', 112, 1709, 20),
(2216, '1.00', 112, 1721, 20),
(2217, '1.00', 112, 1706, 20),
(2218, '16.00', 112, 1719, 20),
(2219, '4.00', 112, 1718, 20),
(2220, '1.00', 112, 1712, 20),
(2221, '2.00', 112, 1714, 20),
(2222, '2.00', 112, 1715, 20),
(2223, '1.00', 112, 1817, 20),
(2224, '2.00', 112, 1704, 20),
(2225, '2.00', 112, 1732, 20),
(2226, '3.00', 112, 1707, 20),
(2227, '1.00', 112, 1703, 20),
(2228, '4.00', 112, 1716, 20),
(2229, '6.00', 112, 1705, 20),
(2230, '3.00', 112, 1701, 20),
(2231, '1.00', 112, 1698, 20),
(2232, '1.00', 112, 1700, 20),
(2233, '1.00', 112, 1699, 20),
(2234, '9.00', 112, 1728, 20),
(2235, '2.00', 112, 1727, 20),
(2236, '2.00', 112, 1729, 20),
(2237, '2.00', 112, 1726, 20),
(2238, '1.00', 112, 1745, 20),
(2239, '5.00', 113, 1743, 20),
(2240, '2.00', 113, 1739, 20),
(2241, '2.00', 113, 1744, 20),
(2242, '1.00', 113, 1760, 20),
(2243, '1.00', 113, 1738, 20),
(2244, '1.00', 113, 1736, 20),
(2245, '2.00', 113, 1737, 20),
(2246, '2.00', 113, 1818, 20),
(2247, '1.00', 113, 1742, 20),
(2248, '1.00', 113, 1741, 20),
(2249, '2.00', 113, 1741, 20),
(2250, '8.00', 113, 1735, 20),
(2251, '5.00', 113, 1733, 20),
(2252, '1.00', 113, 1746, 20),
(2253, '1.00', 113, 1746, 20),
(2254, '2.00', 113, 1758, 20),
(2255, '1.00', 113, 1759, 20),
(2256, '6.00', 113, 1757, 20),
(2257, '1.00', 113, 1747, 20),
(2258, '1.00', 113, 1748, 20),
(2259, '2.00', 113, 1755, 20),
(2260, '3.00', 113, 1753, 20),
(2261, '1.00', 113, 1752, 20),
(2262, '1.00', 113, 1754, 20),
(2263, '3.00', 113, 1762, 20),
(2264, '5.00', 113, 1761, 20),
(2265, '5.00', 113, 1749, 20),
(2266, '1.00', 113, 1756, 20),
(2267, '2.00', 113, 1725, 20),
(2268, '1.00', 113, 1724, 20),
(2269, '9.00', 113, 1723, 20),
(2270, '4.00', 113, 1751, 20),
(2271, '4.00', 113, 1750, 20),
(2272, '5.00', 114, 1318, 9),
(2273, '10.00', 115, 1495, 24),
(2274, '2.00', 115, 1819, 24),
(2275, '10.00', 115, 1820, 24),
(2276, '10.00', 115, 1397, 24),
(2277, '20.00', 115, 1398, 24),
(2278, '100.00', 115, 1458, 24),
(2279, '28.00', 116, 1255, 12),
(2280, '42.00', 116, 1177, 12),
(2281, '20.00', 116, 1155, 12),
(2282, '1.00', 116, 1223, 12),
(2283, '3.00', 116, 1219, 12),
(2284, '3.00', 117, 605, 26),
(2285, '3.00', 117, 1821, 26),
(2286, '20.00', 118, 1658, 25),
(2287, '120.00', 118, 1628, 25),
(2288, '20.00', 118, 1630, 25),
(2289, '10.00', 118, 1654, 25),
(2290, '30.00', 118, 1822, 25),
(2291, '60.00', 119, 1824, 13),
(2292, '20.00', 119, 1826, 13),
(2293, '3.00', 119, 1825, 13),
(2294, '1.00', 120, 1764, 25),
(2295, '2.00', 120, 1763, 25),
(2296, '12.00', 120, 1766, 25),
(2297, '2.00', 120, 1768, 25),
(2298, '1.00', 120, 1767, 25),
(2299, '8.00', 120, 1773, 25),
(2300, '1.00', 120, 1777, 25),
(2301, '2.00', 120, 1775, 25),
(2302, '3.00', 120, 1774, 25),
(2303, '1.00', 120, 1771, 25),
(2304, '3.00', 120, 1770, 25),
(2305, '2.00', 120, 1789, 25),
(2306, '1.00', 120, 1788, 25),
(2307, '1.00', 120, 1788, 25),
(2308, '2.00', 120, 1780, 25),
(2309, '3.00', 120, 1823, 25),
(2310, '2.00', 120, 1785, 25),
(2311, '2.00', 120, 1778, 25),
(2312, '1.00', 120, 1781, 25),
(2313, '1.00', 120, 1781, 25),
(2314, '1.00', 120, 1814, 25),
(2315, '1.00', 120, 1783, 25),
(2316, '2.00', 120, 1783, 25),
(2317, '2.00', 120, 1827, 25),
(2318, '1.00', 120, 1827, 25),
(2319, '3.00', 120, 1779, 25),
(2320, '4.00', 120, 1790, 25),
(2321, '8.00', 120, 1828, 25),
(2322, '1.00', 120, 1813, 25),
(2323, '1.00', 120, 1786, 25),
(2324, '1.00', 120, 1787, 25),
(2325, '1.00', 120, 1815, 25),
(2326, '1.00', 120, 1798, 25),
(2327, '1.00', 120, 1797, 25),
(2328, '1.00', 120, 1795, 25),
(2329, '1.00', 120, 1791, 25),
(2330, '1.00', 120, 1772, 25),
(2331, '1.00', 120, 1794, 25),
(2332, '1.00', 120, 1805, 25),
(2333, '2.00', 120, 1801, 25),
(2334, '3.00', 120, 1802, 25),
(2335, '9.00', 120, 1800, 25),
(2336, '1.00', 120, 1800, 25),
(2337, '12.00', 120, 1816, 25),
(2338, '1.00', 120, 1803, 25),
(2339, '3.00', 120, 1809, 25),
(2340, '2.00', 120, 1810, 25),
(2341, '1.00', 120, 1807, 25),
(2342, '1.00', 120, 1829, 25),
(2343, '3.00', 120, 1811, 25),
(2344, '1.00', 120, 1806, 25),
(2345, '3.00', 120, 1802, 25),
(2346, '2.00', 120, 1799, 25),
(2347, '2.00', 120, 1796, 25),
(2348, '3.00', 120, 1812, 25),
(2349, '1.00', 120, 1830, 25),
(2350, '2.00', 120, 1794, 25),
(2351, '1.00', 120, 1792, 25),
(2352, '1.00', 120, 1793, 25),
(2353, '1.00', 120, 1831, 25),
(2354, '10.00', 121, 1832, 26),
(2355, '14.00', 122, 414, 8),
(2356, '10.00', 122, 402, 8),
(2357, '2.00', 122, 1833, 8),
(2358, '2.00', 123, 105, 5),
(2359, '2.00', 123, 103, 5),
(2360, '1.00', 123, 1834, 5),
(2361, '5.00', 124, 1835, 23),
(2362, '5.00', 125, 1839, 20),
(2363, '1.00', 125, 1846, 20),
(2364, '1.00', 125, 1848, 20),
(2365, '1.00', 125, 1847, 20),
(2366, '2.00', 125, 1836, 20),
(2367, '1.00', 125, 1837, 20),
(2368, '1.00', 125, 1844, 20),
(2369, '2.00', 125, 1838, 20),
(2370, '2.00', 125, 1841, 20),
(2371, '1.00', 125, 1845, 20),
(2372, '1.00', 125, 1842, 20),
(2373, '1.00', 125, 1840, 20),
(2374, '6.00', 125, 1849, 20),
(2375, '2.00', 125, 1851, 20),
(2376, '11.00', 125, 1850, 20),
(2377, '6.00', 125, 1852, 20),
(2378, '6.00', 125, 1854, 20),
(2379, '3.00', 125, 1853, 20),
(2380, '9.00', 125, 1855, 20),
(2381, '3.00', 125, 1856, 20),
(2382, '3.00', 125, 1858, 20),
(2383, '4.00', 125, 1857, 20),
(2384, '3.00', 125, 1867, 20),
(2385, '2.00', 125, 1865, 20),
(2386, '2.00', 125, 1866, 20),
(2387, '1.00', 125, 625, 20),
(2388, '1.00', 125, 625, 20),
(2389, '3.00', 125, 1874, 20),
(2390, '2.00', 125, 1868, 20),
(2391, '2.00', 125, 1859, 20),
(2392, '4.00', 125, 1860, 20),
(2393, '1.00', 125, 1861, 20),
(2394, '1.00', 125, 1869, 20),
(2395, '1.00', 125, 1870, 20),
(2396, '3.00', 125, 1872, 20),
(2397, '1.00', 125, 1863, 20),
(2398, '1.00', 125, 1862, 20),
(2399, '3.00', 125, 1864, 20),
(2400, '48.00', 126, 1251, 12),
(2401, '14.00', 127, 282, 12),
(2402, '40.00', 127, 1140, 12),
(2403, '24.00', 127, 937, 12),
(2404, '30.00', 127, 949, 12),
(2405, '14.00', 127, 1254, 12),
(2406, '14.00', 127, 1253, 12),
(2407, '30.00', 127, 1190, 12),
(2408, '28.00', 127, 1180, 12),
(2409, '40.00', 127, 1197, 12),
(2410, '20.00', 127, 1187, 12),
(2411, '20.00', 127, 1188, 12),
(2412, '3.00', 127, 227, 12),
(2413, '42.00', 128, 722, 15),
(2414, '4.00', 128, 1776, 15),
(2415, '20.00', 128, 808, 15),
(2416, '42.00', 128, 779, 15),
(2417, '28.00', 128, 1927, 15),
(2418, '40.00', 128, 728, 15),
(2419, '30.00', 128, 751, 15),
(2420, '28.00', 128, 701, 15),
(2421, '60.00', 128, 1928, 15),
(2422, '40.00', 129, 1570, 27),
(2423, '2.00', 129, 1803, 27),
(2424, '30.00', 130, 1824, 24),
(2425, '1.00', 130, 1825, 24),
(2426, '2.00', 131, 1932, 13),
(2427, '150.00', 131, 671, 13),
(2428, '20.00', 131, 544, 13),
(2429, '20.00', 131, 545, 13),
(2430, '60.00', 131, 1933, 13),
(2431, '40.00', 131, 532, 13),
(2432, '84.00', 131, 689, 13),
(2433, '84.00', 131, 688, 13),
(2434, '14.00', 131, 687, 13),
(2435, '2.00', 131, 1934, 13),
(2436, '40.00', 131, 1930, 13),
(2437, '20.00', 131, 1931, 13),
(2438, '28.00', 131, 541, 13),
(2439, '40.00', 131, 664, 13),
(2440, '90.00', 131, 670, 13),
(2441, '7.00', 132, 1935, 28),
(2442, '9.00', 132, 1936, 28),
(2443, '14.00', 132, 1937, 28),
(2444, '100.00', 133, 1938, 29),
(2445, '10.00', 133, 1939, 29),
(2446, '28.00', 134, 415, 8),
(2447, '40.00', 134, 422, 8),
(2448, '20.00', 134, 410, 8),
(2449, '10.00', 134, 420, 8),
(2450, '30.00', 134, 390, 8),
(2451, '10.00', 134, 398, 8),
(2452, '30.00', 134, 478, 8),
(2453, '30.00', 134, 480, 8),
(2454, '40.00', 134, 493, 8),
(2455, '1.00', 134, 123, 8),
(2456, '30.00', 135, 1543, 24),
(2457, '30.00', 136, 1880, 28),
(2458, '30.00', 136, 1878, 28),
(2459, '1.00', 136, 1877, 28),
(2460, '20.00', 136, 1155, 28),
(2461, '40.00', 136, 1941, 28),
(2462, '2.00', 136, 1942, 28),
(2463, '20.00', 136, 1943, 28),
(2464, '20.00', 136, 1881, 28),
(2465, '75.00', 136, 1882, 28),
(2466, '50.00', 136, 1883, 28),
(2467, '50.00', 136, 1884, 28),
(2468, '40.00', 136, 1888, 28),
(2469, '63.00', 136, 1887, 28),
(2470, '34.00', 136, 1892, 28),
(2471, '40.00', 136, 1879, 28),
(2472, '45.00', 136, 1889, 28),
(2473, '100.00', 136, 1944, 28),
(2474, '28.00', 136, 1894, 28),
(2475, '110.00', 136, 1895, 28),
(2476, '169.00', 136, 1893, 28),
(2477, '41.00', 136, 1896, 28),
(2478, '3.00', 136, 1897, 28),
(2479, '1.00', 136, 1908, 28),
(2480, '6.00', 136, 1898, 28),
(2481, '3.00', 136, 1899, 28),
(2482, '46.00', 137, 1904, 28),
(2483, '14.00', 137, 1905, 28),
(2484, '30.00', 137, 1906, 28),
(2485, '30.00', 137, 1907, 28),
(2486, '20.00', 137, 1901, 28),
(2487, '30.00', 137, 1902, 28),
(2488, '40.00', 137, 1900, 28),
(2489, '2.00', 137, 1914, 28),
(2490, '1.00', 137, 1912, 28),
(2491, '1.00', 137, 1911, 28),
(2492, '1.00', 137, 1913, 28),
(2493, '1.00', 137, 1916, 28),
(2494, '40.00', 137, 1030, 28),
(2495, '2.00', 137, 1918, 28),
(2496, '1.00', 137, 1919, 28),
(2497, '1.00', 137, 1920, 28),
(2498, '1.00', 137, 1909, 28),
(2499, '2.00', 137, 1917, 28),
(2500, '2.00', 137, 1926, 28),
(2501, '1.00', 137, 1925, 28),
(2502, '2.00', 137, 1921, 28),
(2503, '1.00', 137, 1923, 28),
(2504, '2.00', 137, 1922, 28),
(2505, '1.00', 137, 1910, 28),
(2506, '2.00', 137, 1924, 28),
(2507, '60.00', 138, 1946, 30),
(2508, '40.00', 138, 1945, 30),
(2509, '11.00', 138, 1313, 30),
(2510, '13.00', 139, 269, 31),
(2511, '3.00', 140, 386, 9),
(2512, '3.00', 140, 377, 9),
(2513, '4.00', 140, 181, 9),
(2514, '60.00', 140, 315, 9),
(2515, '10.00', 140, 325, 9),
(2516, '3.00', 140, 186, 9),
(2517, '20.00', 141, 1427, 24),
(2518, '21.00', 141, 1412, 24),
(2519, '40.00', 141, 1947, 24),
(2520, '30.00', 141, 1414, 24),
(2521, '42.00', 141, 1464, 24),
(2522, '2.00', 142, 915, 17),
(2523, '60.00', 142, 931, 17),
(2524, '2.00', 142, 914, 17),
(2525, '20.00', 142, 877, 17),
(2526, '40.00', 142, 923, 17),
(2527, '1.00', 142, 913, 17),
(2528, '2.00', 142, 1948, 17),
(2529, '2.00', 142, 1310, 17),
(2530, '2.00', 142, 1312, 17),
(2531, '28.00', 142, 1403, 17),
(2532, '10.00', 142, 1949, 17),
(2533, '3.00', 143, 1950, 12),
(2534, '14.00', 143, 1260, 12),
(2535, '20.00', 143, 1238, 12),
(2536, '20.00', 143, 1184, 12),
(2537, '20.00', 143, 1192, 12),
(2538, '40.00', 143, 1157, 12),
(2539, '40.00', 143, 1158, 12),
(2540, '28.00', 143, 1256, 12),
(2541, '28.00', 143, 1254, 12),
(2542, '28.00', 143, 1255, 12),
(2543, '28.00', 143, 1173, 12),
(2544, '20.00', 143, 304, 12),
(2545, '10.00', 143, 963, 12),
(2546, '20.00', 143, 966, 12),
(2547, '2.00', 144, 1966, 28),
(2548, '7.00', 144, 1967, 28),
(2549, '5.00', 144, 1968, 28),
(2550, '7.00', 144, 1964, 28),
(2551, '4.00', 144, 1965, 28),
(2552, '1.00', 144, 1961, 28),
(2553, '1.00', 144, 1962, 28),
(2554, '1.00', 144, 1980, 28),
(2555, '4.00', 144, 1972, 28),
(2556, '4.00', 144, 1974, 28),
(2557, '1.00', 144, 1971, 28),
(2558, '2.00', 144, 1951, 28),
(2559, '2.00', 144, 1958, 28),
(2560, '1.00', 144, 1957, 28),
(2561, '5.00', 144, 1978, 28),
(2562, '1.00', 144, 1975, 28),
(2563, '2.00', 144, 1956, 28),
(2564, '3.00', 144, 1979, 28),
(2565, '1.00', 144, 1977, 28),
(2566, '1.00', 144, 1976, 28),
(2567, '6.00', 144, 2011, 28),
(2568, '3.00', 144, 1983, 28),
(2569, '5.00', 144, 1095, 28),
(2570, '3.00', 144, 1982, 28),
(2571, '21.00', 144, 1986, 28),
(2572, '12.00', 144, 1985, 28),
(2573, '15.00', 145, 1989, 28),
(2574, '9.00', 145, 1995, 28),
(2575, '6.00', 145, 1991, 28),
(2576, '11.00', 145, 1984, 28),
(2577, '1.00', 145, 1994, 28),
(2578, '8.00', 145, 1990, 28),
(2579, '28.00', 145, 1987, 28),
(2580, '2.00', 145, 2004, 28),
(2581, '2.00', 145, 2003, 28),
(2582, '2.00', 145, 2001, 28),
(2583, '8.00', 145, 1996, 28),
(2584, '1.00', 145, 2000, 28),
(2585, '5.00', 145, 2005, 28),
(2586, '7.00', 145, 2007, 28),
(2587, '5.00', 145, 2009, 28),
(2588, '1.00', 145, 2006, 28),
(2589, '18.00', 145, 1998, 28),
(2590, '13.00', 145, 1997, 28),
(2591, '18.00', 145, 1999, 28),
(2592, '4.00', 145, 1988, 28),
(2593, '10.00', 145, 2008, 28),
(2594, '49.00', 145, 1993, 28),
(2595, '1.00', 145, 1992, 28),
(2596, '8.00', 145, 2010, 28),
(2597, '3.00', 145, 2002, 28),
(2598, '36.00', 146, 936, 28),
(2599, '1.00', 147, 2012, 28),
(2600, '28.00', 148, 396, 8),
(2601, '30.00', 148, 478, 8),
(2602, '30.00', 148, 453, 8),
(2603, '4.00', 148, 1343, 8),
(2604, '6.00', 149, 1297, 20),
(2605, '20.00', 149, 1032, 20),
(2606, '120.00', 149, 1030, 20),
(2607, '2.00', 149, 1729, 20),
(2608, '2.00', 149, 2013, 20),
(2609, '1.00', 149, 1855, 20),
(2610, '6.00', 149, 1730, 20),
(2611, '3.00', 149, 2014, 20),
(2612, '28.00', 149, 1078, 20),
(2613, '28.00', 149, 1070, 20),
(2614, '28.00', 149, 1066, 20),
(2615, '40.00', 149, 1044, 20),
(2616, '14.00', 149, 1045, 20),
(2617, '28.00', 149, 2015, 20),
(2618, '14.00', 149, 2016, 20),
(2619, '3.00', 149, 1092, 20),
(2620, '3.00', 149, 1703, 20),
(2621, '100.00', 149, 1126, 20),
(2622, '20.00', 149, 1133, 20),
(2623, '5.00', 149, 1090, 20),
(2624, '14.00', 149, 1085, 20),
(2625, '20.00', 149, 1349, 20),
(2626, '10.00', 150, 338, 9),
(2627, '2.00', 150, 2017, 9),
(2628, '30.00', 150, 279, 9),
(2629, '40.00', 150, 314, 9),
(2630, '20.00', 150, 322, 9),
(2631, '60.00', 150, 330, 9),
(2632, '3.00', 150, 1762, 9),
(2633, '60.00', 150, 352, 9),
(2634, '38.00', 151, 1894, 28),
(2635, '4.00', 151, 1943, 28),
(2636, '25.00', 152, 1832, 28),
(2637, '10.00', 152, 2034, 28),
(2638, '6.00', 152, 1885, 28),
(2639, '4.00', 152, 2018, 28),
(2640, '5.00', 152, 1940, 28),
(2641, '102.00', 152, 2032, 28),
(2642, '10.00', 152, 2031, 28),
(2643, '40.00', 152, 2030, 28),
(2644, '30.00', 152, 2033, 28),
(2645, '15.00', 152, 2037, 28),
(2646, '30.00', 152, 2029, 28),
(2647, '58.00', 152, 2036, 28),
(2648, '15.00', 152, 2035, 28),
(2649, '30.00', 152, 2027, 28),
(2650, '14.00', 152, 2022, 28),
(2651, '18.00', 152, 2024, 28),
(2652, '19.00', 152, 2026, 28),
(2653, '56.00', 152, 2020, 28),
(2654, '84.00', 152, 2019, 28),
(2655, '10.00', 152, 2049, 28),
(2656, '50.00', 152, 2050, 28),
(2657, '10.00', 152, 2048, 28),
(2658, '14.00', 152, 2046, 28),
(2659, '68.00', 152, 2047, 28),
(2660, '62.00', 152, 2042, 28),
(2661, '10.00', 152, 2045, 28),
(2662, '1.00', 152, 2044, 28),
(2663, '6.00', 152, 1890, 28),
(2664, '60.00', 152, 2043, 28),
(2665, '20.00', 152, 2040, 28),
(2666, '28.00', 152, 2039, 28),
(2667, '4.00', 152, 2038, 28),
(2668, '114.00', 152, 2041, 28),
(2669, '42.00', 153, 1254, 32),
(2670, '10.00', 153, 1166, 32),
(2671, '14.00', 153, 1181, 32),
(2672, '60.00', 153, 2076, 32),
(2673, '42.00', 153, 2077, 32),
(2674, '28.00', 153, 2078, 32),
(2675, '30.00', 153, 2080, 32),
(2676, '60.00', 153, 2079, 32),
(2677, '28.00', 153, 1581, 32),
(2678, '1.00', 153, 617, 32),
(2679, '10.00', 154, 2051, 28),
(2680, '2.00', 154, 2057, 28),
(2681, '2.00', 154, 2058, 28),
(2682, '2.00', 154, 2059, 28),
(2683, '1.00', 154, 2054, 28),
(2684, '1.00', 154, 2055, 28),
(2685, '28.00', 154, 2052, 28),
(2686, '1.00', 154, 2053, 28),
(2687, '1.00', 154, 2056, 28),
(2688, '5.00', 154, 2060, 28),
(2689, '15.00', 154, 1421, 28),
(2690, '7.00', 154, 1421, 28),
(2691, '5.00', 154, 2066, 28),
(2692, '4.00', 154, 2065, 28),
(2693, '4.00', 154, 2061, 28),
(2694, '1.00', 154, 2062, 28),
(2695, '2.00', 154, 2063, 28),
(2696, '3.00', 154, 2064, 28),
(2697, '2.00', 154, 2067, 28),
(2698, '1.00', 154, 2068, 28),
(2699, '3.00', 154, 2070, 28),
(2700, '2.00', 154, 2069, 28),
(2701, '13.00', 154, 2071, 28),
(2702, '1.00', 154, 2072, 28),
(2703, '15.00', 154, 2073, 28),
(2704, '15.00', 154, 2074, 28),
(2705, '15.00', 154, 2075, 28),
(2706, '10.00', 155, 1980, 14),
(2707, '10.00', 155, 1974, 14),
(2708, '100.00', 156, 2081, 25),
(2709, '24.00', 156, 1612, 25),
(2710, '2.00', 156, 1763, 25),
(2711, '2.00', 156, 1764, 25),
(2712, '40.00', 156, 1638, 25),
(2713, '60.00', 156, 1631, 25),
(2714, '50.00', 156, 2082, 25),
(2715, '20.00', 156, 2083, 25),
(2716, '40.00', 156, 1636, 25),
(2717, '40.00', 156, 1637, 25),
(2718, '60.00', 156, 1679, 25),
(2719, '1.00', 156, 1625, 25),
(2720, '2.00', 156, 2084, 25),
(2721, '2.00', 156, 2085, 25),
(2722, '14.00', 157, 2148, 15),
(2723, '42.00', 157, 786, 15),
(2724, '3.00', 157, 1767, 15),
(2725, '1.00', 157, 2150, 15),
(2726, '2.00', 157, 2151, 15),
(2727, '3.00', 157, 2152, 15),
(2728, '1.00', 157, 2153, 15),
(2729, '1.00', 157, 1815, 15),
(2730, '360.00', 157, 773, 15),
(2731, '56.00', 157, 779, 15),
(2732, '20.00', 157, 2154, 15),
(2733, '20.00', 157, 2155, 15),
(2734, '14.00', 157, 2149, 15),
(2735, '3.00', 157, 618, 15),
(2736, '40.00', 157, 790, 15),
(2737, '20.00', 157, 746, 15),
(2738, '28.00', 157, 700, 15),
(2739, '42.00', 157, 699, 15),
(2740, '14.00', 157, 703, 15),
(2741, '2.00', 158, 2092, 28),
(2742, '1.00', 158, 2093, 28),
(2743, '1.00', 158, 2098, 28),
(2744, '1.00', 158, 2094, 28),
(2745, '1.00', 158, 2095, 28),
(2746, '2.00', 158, 2099, 28),
(2747, '2.00', 158, 2086, 28),
(2748, '2.00', 158, 2087, 28),
(2749, '40.00', 158, 2097, 28),
(2750, '1.00', 158, 2090, 28),
(2751, '1.00', 158, 2089, 28),
(2752, '1.00', 158, 2091, 28),
(2753, '1.00', 158, 2099, 28),
(2754, '20.00', 158, 2114, 28),
(2755, '14.00', 158, 2115, 28),
(2756, '42.00', 158, 2116, 28),
(2757, '30.00', 158, 2118, 28),
(2758, '28.00', 158, 2117, 28),
(2759, '90.00', 158, 2119, 28),
(2760, '30.00', 158, 2127, 28),
(2761, '20.00', 158, 2128, 28),
(2762, '10.00', 158, 2113, 28),
(2763, '10.00', 158, 2112, 28),
(2764, '403.00', 158, 2120, 28),
(2765, '40.00', 158, 2121, 28),
(2766, '20.00', 158, 2121, 28),
(2767, '100.00', 158, 2100, 28),
(2768, '20.00', 158, 2101, 28),
(2769, '10.00', 158, 2104, 28),
(2770, '240.00', 158, 2124, 28),
(2771, '30.00', 158, 2122, 28),
(2772, '30.00', 158, 2123, 28),
(2773, '33.00', 158, 2096, 28),
(2774, '40.00', 158, 2126, 28),
(2775, '14.00', 158, 2125, 28),
(2776, '14.00', 158, 2159, 28),
(2777, '50.00', 158, 2102, 28),
(2778, '14.00', 158, 2105, 28),
(2779, '28.00', 158, 2111, 28),
(2780, '28.00', 158, 2103, 28),
(2781, '40.00', 158, 2109, 28),
(2782, '20.00', 158, 2110, 28),
(2783, '28.00', 158, 2108, 28),
(2784, '20.00', 158, 2107, 28),
(2785, '40.00', 158, 2106, 28),
(2786, '168.00', 159, 2146, 28),
(2787, '21.00', 159, 2146, 28),
(2788, '98.00', 159, 2145, 28),
(2789, '199.00', 159, 2129, 28),
(2790, '60.00', 159, 2130, 28),
(2791, '30.00', 159, 2131, 28),
(2792, '30.00', 159, 2135, 28),
(2793, '100.00', 159, 2147, 28),
(2794, '110.00', 159, 2143, 28),
(2795, '5.00', 159, 2160, 28),
(2796, '110.00', 159, 2161, 28),
(2797, '10.00', 159, 2133, 28),
(2798, '20.00', 159, 2134, 28),
(2799, '14.00', 159, 2141, 28),
(2800, '20.00', 159, 2144, 28),
(2801, '60.00', 159, 2138, 28),
(2802, '20.00', 159, 2140, 28),
(2803, '2.00', 159, 2142, 28),
(2804, '6.00', 159, 2137, 28),
(2805, '10.00', 159, 2132, 28),
(2806, '90.00', 159, 2158, 28),
(2807, '30.00', 159, 2136, 28),
(2808, '10.00', 159, 2162, 28),
(2809, '20.00', 159, 2163, 28),
(2810, '10.00', 159, 2164, 28),
(2811, '10.00', 159, 2157, 28),
(2812, '14.00', 159, 2165, 28),
(2813, '112.00', 159, 2156, 28),
(2814, '42.00', 159, 2166, 28),
(2815, '28.00', 159, 2167, 28),
(2816, '6.00', 159, 612, 28),
(2817, '10.00', 160, 403, 8),
(2818, '20.00', 160, 398, 8),
(2819, '30.00', 160, 480, 8),
(2820, '40.00', 160, 364, 8),
(2821, '2.00', 160, 691, 8),
(2822, '20.00', 160, 325, 8),
(2823, '28.00', 160, 274, 8),
(2824, '40.00', 160, 315, 8),
(2825, '1.00', 161, 1934, 13),
(2826, '1.00', 161, 2284, 13),
(2827, '1.00', 161, 2285, 13),
(2828, '10.00', 161, 2286, 13),
(2829, '100.00', 161, 509, 13),
(2830, '40.00', 161, 978, 13),
(2831, '12.00', 161, 639, 13),
(2832, '14.00', 161, 2287, 13),
(2833, '14.00', 161, 2288, 13),
(2834, '40.00', 161, 2289, 13),
(2835, '3.00', 161, 579, 13),
(2836, '10.00', 161, 550, 13),
(2837, '60.00', 161, 542, 13),
(2838, '30.00', 161, 578, 13),
(2839, '10.00', 161, 2290, 13),
(2840, '28.00', 161, 676, 13),
(2841, '14.00', 161, 2291, 13),
(2842, '14.00', 161, 2292, 13),
(2843, '20.00', 161, 2296, 13),
(2844, '10.00', 161, 2293, 13),
(2845, '10.00', 161, 2294, 13),
(2846, '14.00', 161, 540, 13),
(2847, '14.00', 161, 541, 13),
(2848, '20.00', 161, 2295, 13),
(2849, '6.00', 161, 2297, 13),
(2850, '100.00', 161, 523, 13),
(2851, '80.00', 162, 2329, 28),
(2852, '20.00', 162, 2183, 28),
(2853, '60.00', 162, 2181, 28),
(2854, '40.00', 162, 2182, 28),
(2855, '200.00', 162, 2176, 28),
(2856, '180.00', 162, 2175, 28),
(2857, '130.00', 162, 2174, 28),
(2858, '2.00', 162, 2205, 28),
(2859, '6.00', 162, 2209, 28),
(2860, '1.00', 162, 2208, 28),
(2861, '5.00', 162, 2173, 28),
(2862, '1.00', 162, 2172, 28),
(2863, '4.00', 162, 2170, 28),
(2864, '1.00', 162, 2170, 28),
(2865, '3.00', 162, 2171, 28),
(2866, '5.00', 162, 2169, 28),
(2867, '1008.00', 162, 2168, 28),
(2868, '112.00', 162, 2168, 28),
(2869, '14.00', 163, 2180, 28),
(2870, '70.00', 163, 2195, 28),
(2871, '14.00', 163, 2196, 28),
(2872, '50.00', 163, 2198, 28),
(2873, '14.00', 163, 2179, 28),
(2874, '20.00', 164, 2192, 28),
(2875, '40.00', 164, 2202, 28),
(2876, '160.00', 164, 2203, 28),
(2877, '20.00', 164, 2204, 28),
(2878, '40.00', 164, 2200, 28),
(2879, '60.00', 164, 2199, 28),
(2880, '30.00', 164, 2201, 28),
(2881, '30.00', 164, 2201, 28),
(2882, '1.00', 164, 2206, 28),
(2883, '4.00', 164, 2207, 28),
(2884, '40.00', 164, 2185, 28),
(2885, '20.00', 164, 2193, 28),
(2886, '30.00', 164, 2184, 28),
(2887, '20.00', 164, 2210, 28),
(2888, '40.00', 164, 2191, 28),
(2889, '80.00', 164, 2190, 28),
(2890, '20.00', 164, 2186, 28),
(2891, '30.00', 164, 2187, 28),
(2892, '60.00', 164, 2177, 28),
(2893, '20.00', 164, 2178, 28),
(2894, '40.00', 164, 2188, 28),
(2895, '20.00', 164, 2188, 28),
(2896, '50.00', 164, 2189, 28),
(2897, '20.00', 165, 2223, 28),
(2898, '10.00', 165, 2217, 28),
(2899, '20.00', 165, 2211, 28),
(2900, '20.00', 165, 2232, 28),
(2901, '30.00', 165, 2224, 28),
(2902, '30.00', 165, 2225, 28),
(2903, '20.00', 165, 2228, 28),
(2904, '40.00', 165, 2226, 28),
(2905, '40.00', 165, 2227, 28),
(2906, '28.00', 165, 2229, 28),
(2907, '28.00', 165, 2230, 28),
(2908, '14.00', 165, 2231, 28),
(2909, '180.00', 165, 2221, 28),
(2910, '40.00', 165, 2233, 28),
(2911, '30.00', 165, 2234, 28),
(2912, '90.00', 165, 2235, 28),
(2913, '60.00', 165, 2236, 28),
(2914, '10.00', 165, 2218, 28),
(2915, '1.00', 165, 2244, 28),
(2916, '5.00', 165, 2212, 28),
(2917, '1.00', 165, 2213, 28),
(2918, '2.00', 165, 2214, 28),
(2919, '1.00', 165, 2216, 28),
(2920, '2.00', 165, 2215, 28),
(2921, '30.00', 165, 2242, 28),
(2922, '60.00', 165, 2241, 28),
(2923, '40.00', 165, 2240, 28),
(2924, '40.00', 165, 2245, 28),
(2925, '20.00', 165, 2243, 28),
(2926, '30.00', 165, 2246, 28),
(2927, '20.00', 165, 2247, 28),
(2928, '20.00', 165, 2220, 28),
(2929, '20.00', 165, 2220, 28),
(2930, '20.00', 165, 2219, 28),
(2931, '20.00', 165, 2222, 28),
(2932, '38.00', 165, 2239, 28),
(2933, '4.00', 165, 2238, 28),
(2934, '30.00', 165, 2274, 28),
(2935, '40.00', 165, 2255, 28),
(2936, '14.00', 165, 2254, 28),
(2937, '7.00', 165, 2282, 28),
(2938, '30.00', 165, 2281, 28),
(2939, '30.00', 165, 2283, 28),
(2940, '20.00', 165, 2256, 28),
(2941, '20.00', 165, 2257, 28),
(2942, '60.00', 165, 2279, 28),
(2943, '30.00', 165, 2249, 28),
(2944, '30.00', 165, 2250, 28),
(2945, '30.00', 165, 2248, 28),
(2946, '40.00', 165, 2253, 28),
(3611, '50.00', 179, 1129, 20),
(3612, '6.00', 180, 2330, 28),
(3613, '3.00', 180, 2335, 28),
(3614, '3.00', 180, 2331, 28),
(3615, '11.00', 180, 2334, 28),
(3616, '11.00', 180, 2333, 28),
(3617, '7.00', 180, 2332, 28),
(3618, '3.00', 180, 2336, 28),
(3619, '11.00', 180, 2338, 28),
(3620, '11.00', 180, 2337, 28),
(3621, '14.00', 180, 2340, 28),
(3622, '3.00', 180, 2343, 28),
(3623, '3.00', 180, 2341, 28),
(3624, '4.00', 180, 2342, 28),
(3625, '13.00', 180, 2341, 28),
(3626, '8.00', 180, 2345, 28),
(3627, '2.00', 180, 2346, 28),
(3628, '10.00', 181, 1398, 24),
(3629, '21.00', 181, 1412, 24),
(3630, '14.00', 181, 1460, 24),
(3631, '20.00', 181, 1427, 24),
(3632, '40.00', 181, 1407, 24),
(3633, '28.00', 181, 1464, 24),
(3634, '12.00', 181, 2362, 24),
(3635, '4.00', 181, 2361, 24),
(3636, '20.00', 182, 1230, 12),
(3637, '14.00', 182, 1181, 12),
(3638, '28.00', 182, 1256, 12),
(3639, '100.00', 182, 228, 12),
(3640, '14.00', 182, 1261, 12),
(3641, '14.00', 182, 1248, 12),
(3642, '20.00', 182, 1187, 12),
(3643, '28.00', 182, 1193, 12),
(3644, '14.00', 182, 1214, 12),
(3645, '28.00', 182, 1173, 12),
(3646, '2.00', 182, 935, 12),
(3647, '42.00', 182, 954, 12),
(3648, '150.00', 183, 1006, 19),
(3649, '28.00', 183, 981, 19),
(3650, '28.00', 183, 1004, 19),
(3651, '60.00', 183, 996, 19),
(3652, '6.00', 183, 2363, 19),
(3653, '2.00', 184, 1573, 27),
(3654, '2.00', 184, 1830, 27),
(3655, '1.00', 185, 2062, 21),
(3656, '2.00', 185, 2061, 21),
(3657, '40.00', 185, 1281, 21),
(3658, '1.00', 185, 2072, 21);

-- --------------------------------------------------------

--
-- Table structure for table `supplier`
--

CREATE TABLE `supplier` (
  `id` int(10) UNSIGNED NOT NULL,
  `name` varchar(191) COLLATE utf8mb4_unicode_ci NOT NULL,
  `mobile` varchar(191) COLLATE utf8mb4_unicode_ci NOT NULL,
  `email` varchar(191) COLLATE utf8mb4_unicode_ci DEFAULT NULL,
  `landline` varchar(191) COLLATE utf8mb4_unicode_ci DEFAULT NULL,
  `address` text COLLATE utf8mb4_unicode_ci
) ENGINE=InnoDB DEFAULT CHARSET=utf8mb4 COLLATE=utf8mb4_unicode_ci;

--
-- Dumping data for table `supplier`
--

INSERT INTO `supplier` (`id`, `name`, `mobile`, `email`, `landline`, `address`) VALUES
(1, 'Rawalpindi', '3157777', NULL, NULL, NULL),
(2, 'Raza enterprises', '3335037724', NULL, NULL, 'khan khail plaza'),
(3, 'ZS trader', '3135602195', NULL, NULL, 'Abbottabad'),
(4, 'Waleed enterprises', '3458504158', NULL, NULL, 'Supply bazar Abbottabad'),
(5, 'Pak marketing', '992381333', NULL, '992381333', NULL),
(6, 'RZ trader', '3115812290', NULL, NULL, NULL),
(7, 'Pharma connection', '992337787', NULL, NULL, NULL),
(8, 'Premier Agency', '3129597410', NULL, NULL, NULL),
(9, 'Shahid Enterprises', '992403500', NULL, NULL, NULL),
(10, 'Bilal surgical', '3105151021', NULL, NULL, 'complex'),
(11, 'Vikor Enterprises', '992383664', NULL, NULL, NULL),
(12, 'Muller & Phipps', '3144001328', NULL, NULL, NULL),
(13, 'United Distributer', '3320570045', NULL, '992330806', 'kareem pura'),
(14, 'Shayan enterpresis', '3122863351', NULL, NULL, 'mandian'),
(15, 'Pharmanet', '3135755516', NULL, '992343336', 'supply near kashmir shopping mall'),
(16, 'platinum', '3335039885', NULL, NULL, 'abbottabad bazar'),
(17, 'IBL', '3156161161', NULL, NULL, 'MIRPUR ABBOTTABAD'),
(18, 'M&P', '3144001328', NULL, NULL, 'opp mIr alam plaza jhangi  ATD'),
(19, 'UDL', '3118128922', NULL, NULL, 'Supply ATd'),
(20, 'ISLAMABAD PHARMA', '32123655468', 'KJTH45LDVL', '992', 'MANDIAN ABBOTTABAD'),
(21, 'AG&C', '33', NULL, NULL, 'rawalpandi'),
(22, 'Junaid ent', '3135921499', NULL, NULL, 'khankhail colony abt'),
(23, 'M/S Fatima', '3018923092', NULL, NULL, 'ring road zaheer plaza'),
(24, 'United pharma', '321', NULL, NULL, 'Mirpur Mansehra road Abbottabad'),
(25, 'General Distributer', '992333294', NULL, NULL, NULL),
(26, 'Global pharmaceuticals', '12', '12', '992406827', 'kala pul mansehra road atd'),
(27, 'Saif Tariq Pharma', '992', NULL, '990380180', 'al rehman plaza opp Ayuab hospital complex mandian  abt'),
(28, 'Local purchase', '321', NULL, NULL, NULL),
(29, 'Maan GEE ent', '3130592241', '012', '915243713', 'peshawar'),
(30, 'Daud enterprises', '3469527496', NULL, '992341856', 'link road Abbottabad'),
(31, 'Yasin traders', '321', NULL, '992380217', 'Afzal house wajid saeed road model town kaghan colony ATD'),
(32, 'Maaz pharma distributor', '3009114710', NULL, '380627', 'university road mandian abbottabad');

-- --------------------------------------------------------

--
-- Table structure for table `supplier_payment`
--

CREATE TABLE `supplier_payment` (
  `id` int(10) UNSIGNED NOT NULL,
  `total_amount` decimal(10,2) NOT NULL,
  `balance` decimal(10,2) NOT NULL,
  `amount` decimal(10,2) NOT NULL,
  `timestamp` timestamp NOT NULL DEFAULT CURRENT_TIMESTAMP ON UPDATE CURRENT_TIMESTAMP,
  `payment_via` enum('cash','cheque') COLLATE utf8mb4_unicode_ci NOT NULL,
  `fk_supplier_id` int(10) UNSIGNED NOT NULL,
  `fk_user_id` int(10) UNSIGNED NOT NULL
) ENGINE=InnoDB DEFAULT CHARSET=utf8mb4 COLLATE=utf8mb4_unicode_ci;

-- --------------------------------------------------------

--
-- Table structure for table `users`
--

CREATE TABLE `users` (
  `id` int(10) UNSIGNED NOT NULL,
  `name` varchar(191) COLLATE utf8mb4_unicode_ci NOT NULL,
  `username` varchar(191) COLLATE utf8mb4_unicode_ci NOT NULL,
  `password` varchar(191) COLLATE utf8mb4_unicode_ci NOT NULL,
  `remember_token` varchar(100) COLLATE utf8mb4_unicode_ci DEFAULT NULL,
  `created_at` timestamp NULL DEFAULT NULL,
  `updated_at` timestamp NULL DEFAULT NULL
) ENGINE=InnoDB DEFAULT CHARSET=utf8mb4 COLLATE=utf8mb4_unicode_ci;

--
-- Dumping data for table `users`
--

INSERT INTO `users` (`id`, `name`, `username`, `password`, `remember_token`, `created_at`, `updated_at`) VALUES
(1, 'Usama', 'usama', '$2y$10$AVXENfaicdWdP2yihfN40.1c2/l6o3l5u.Vz6YPG7xDcT3e.TD4G2', NULL, NULL, NULL),
(2, 'Irfan', 'irfan', '$2y$10$J8OQt6vir8wEdYmQda.gmOamM0lojQ2kfLCv8beZBjYy4UzS/bwD2', NULL, NULL, NULL);

--
-- Indexes for dumped tables
--

--
-- Indexes for table `company`
--
ALTER TABLE `company`
  ADD PRIMARY KEY (`id`);

--
-- Indexes for table `config`
--
ALTER TABLE `config`
  ADD PRIMARY KEY (`id`);

--
-- Indexes for table `dispose_items`
--
ALTER TABLE `dispose_items`
  ADD PRIMARY KEY (`id`),
  ADD KEY `dispose_items_fk_quantity_history_id_foreign` (`fk_quantity_history_id`),
  ADD KEY `dispose_items_fk_inventory_id_foreign` (`fk_inventory_id`),
  ADD KEY `dispose_items_fk_user_id_foreign` (`fk_user_id`);

--
-- Indexes for table `expiry_items`
--
ALTER TABLE `expiry_items`
  ADD PRIMARY KEY (`id`),
  ADD KEY `expiry_items_fk_expiry_return_id_foreign` (`fk_expiry_return_id`),
  ADD KEY `expiry_items_fk_invetory_id_foreign` (`fk_inventory_id`),
  ADD KEY `expiry_items_fk_quantity_history_id_foreign` (`fk_quantity_history_id`);

--
-- Indexes for table `expiry_return`
--
ALTER TABLE `expiry_return`
  ADD PRIMARY KEY (`id`),
  ADD KEY `expiry_return_fk_supplier_id_foreign` (`fk_supplier_id`),
  ADD KEY `expiry_return_fk_user_id_foreign` (`fk_user_id`);

--
-- Indexes for table `inventory`
--
ALTER TABLE `inventory`
  ADD PRIMARY KEY (`id`),
  ADD KEY `inventory_fk_company_id_foreign` (`fk_company_id`);

--
-- Indexes for table `migrations`
--
ALTER TABLE `migrations`
  ADD PRIMARY KEY (`id`);

--
-- Indexes for table `notifications`
--
ALTER TABLE `notifications`
  ADD PRIMARY KEY (`id`),
  ADD KEY `notifications_notifiable_type_notifiable_id_index` (`notifiable_type`,`notifiable_id`);

--
-- Indexes for table `password_resets`
--
ALTER TABLE `password_resets`
  ADD KEY `password_resets_email_index` (`email`);

--
-- Indexes for table `payment_cheque_receipt_imgs`
--
ALTER TABLE `payment_cheque_receipt_imgs`
  ADD PRIMARY KEY (`id`),
  ADD KEY `payment_cheque_receipt_imgs_fk_payment_id_foreign` (`fk_payment_id`);

--
-- Indexes for table `purchased_qty`
--
ALTER TABLE `purchased_qty`
  ADD PRIMARY KEY (`id`),
  ADD KEY `purchased_qty_fk_purchase_price_id_foreign` (`fk_purchase_price_id`),
  ADD KEY `purchased_qty_fk_sale_item_id_foreign` (`fk_sale_item_id`);

--
-- Indexes for table `purchase_price_history`
--
ALTER TABLE `purchase_price_history`
  ADD PRIMARY KEY (`id`),
  ADD KEY `purchase_price_history_fk_inventory_id_foreign` (`fk_inventory_id`);

--
-- Indexes for table `quantity_history`
--
ALTER TABLE `quantity_history`
  ADD PRIMARY KEY (`id`),
  ADD KEY `quantity_history_fk_purchase_price_id_foreign` (`fk_purchase_price_id`),
  ADD KEY `quantity_history_fk_inventory_id_foreign` (`fk_inventory_id`);

--
-- Indexes for table `returned_items`
--
ALTER TABLE `returned_items`
  ADD PRIMARY KEY (`id`),
  ADD KEY `returned_items_fk_inventory_id_foreign` (`fk_inventory_id`),
  ADD KEY `returned_items_fk_user_id_foreign` (`fk_user_id`),
  ADD KEY `returned_items_fk_sale_id_foreign` (`fk_sale_id`);

--
-- Indexes for table `returned_qty`
--
ALTER TABLE `returned_qty`
  ADD PRIMARY KEY (`id`),
  ADD KEY `returned_qty_fk_returned_item_id_foreign` (`fk_returned_item_id`),
  ADD KEY `returned_qty_fk_purchase_price_id_foreign` (`fk_purchase_price_id`);

--
-- Indexes for table `sale`
--
ALTER TABLE `sale`
  ADD PRIMARY KEY (`id`),
  ADD KEY `sale_fk_user_id_foreign` (`fk_user_id`);

--
-- Indexes for table `sale_items`
--
ALTER TABLE `sale_items`
  ADD PRIMARY KEY (`id`),
  ADD KEY `sale_items_fk_inventory_id_foreign` (`fk_inventory_id`),
  ADD KEY `sale_items_fk_sale_price_id_foreign` (`fk_sale_price_id`),
  ADD KEY `sale_items_fk_sale_id_foreign` (`fk_sale_id`);

--
-- Indexes for table `sale_price_history`
--
ALTER TABLE `sale_price_history`
  ADD PRIMARY KEY (`id`),
  ADD KEY `sale_price_history_fk_inventory_id_foreign` (`fk_inventory_id`);

--
-- Indexes for table `stock_history`
--
ALTER TABLE `stock_history`
  ADD PRIMARY KEY (`id`),
  ADD KEY `stock_history_fk_user_id_foreign` (`fk_user_id`);

--
-- Indexes for table `stock_item_qty_history`
--
ALTER TABLE `stock_item_qty_history`
  ADD PRIMARY KEY (`id`),
  ADD KEY `stock_item_qty_history_fk_stock_history_id_foreign` (`fk_stock_history_id`),
  ADD KEY `stock_item_qty_history_fk_inventory_id_foreign` (`fk_inventory_id`),
  ADD KEY `fk_supplier_id` (`fk_supplier_id`);

--
-- Indexes for table `supplier`
--
ALTER TABLE `supplier`
  ADD PRIMARY KEY (`id`);

--
-- Indexes for table `supplier_payment`
--
ALTER TABLE `supplier_payment`
  ADD PRIMARY KEY (`id`),
  ADD KEY `supplier_payment_fk_supplier_id_foreign` (`fk_supplier_id`),
  ADD KEY `supplier_payment_fk_user_id_foreign` (`fk_user_id`);

--
-- Indexes for table `users`
--
ALTER TABLE `users`
  ADD PRIMARY KEY (`id`),
  ADD UNIQUE KEY `users_username_unique` (`username`);

--
-- AUTO_INCREMENT for dumped tables
--

--
-- AUTO_INCREMENT for table `company`
--
ALTER TABLE `company`
  MODIFY `id` int(10) UNSIGNED NOT NULL AUTO_INCREMENT, AUTO_INCREMENT=244;

--
-- AUTO_INCREMENT for table `config`
--
ALTER TABLE `config`
  MODIFY `id` int(10) NOT NULL AUTO_INCREMENT, AUTO_INCREMENT=2;

--
-- AUTO_INCREMENT for table `dispose_items`
--
ALTER TABLE `dispose_items`
  MODIFY `id` int(10) UNSIGNED NOT NULL AUTO_INCREMENT, AUTO_INCREMENT=3;

--
-- AUTO_INCREMENT for table `expiry_items`
--
ALTER TABLE `expiry_items`
  MODIFY `id` int(10) UNSIGNED NOT NULL AUTO_INCREMENT, AUTO_INCREMENT=3;

--
-- AUTO_INCREMENT for table `expiry_return`
--
ALTER TABLE `expiry_return`
  MODIFY `id` int(10) UNSIGNED NOT NULL AUTO_INCREMENT, AUTO_INCREMENT=2;

--
-- AUTO_INCREMENT for table `inventory`
--
ALTER TABLE `inventory`
  MODIFY `id` int(10) UNSIGNED NOT NULL AUTO_INCREMENT, AUTO_INCREMENT=2364;

--
-- AUTO_INCREMENT for table `migrations`
--
ALTER TABLE `migrations`
  MODIFY `id` int(10) UNSIGNED NOT NULL AUTO_INCREMENT;

--
-- AUTO_INCREMENT for table `notifications`
--
ALTER TABLE `notifications`
  MODIFY `id` int(36) NOT NULL AUTO_INCREMENT;

--
-- AUTO_INCREMENT for table `payment_cheque_receipt_imgs`
--
ALTER TABLE `payment_cheque_receipt_imgs`
  MODIFY `id` int(10) UNSIGNED NOT NULL AUTO_INCREMENT;

--
-- AUTO_INCREMENT for table `purchased_qty`
--
ALTER TABLE `purchased_qty`
  MODIFY `id` int(10) UNSIGNED NOT NULL AUTO_INCREMENT, AUTO_INCREMENT=1166;

--
-- AUTO_INCREMENT for table `purchase_price_history`
--
ALTER TABLE `purchase_price_history`
  MODIFY `id` int(10) UNSIGNED NOT NULL AUTO_INCREMENT, AUTO_INCREMENT=3243;

--
-- AUTO_INCREMENT for table `quantity_history`
--
ALTER TABLE `quantity_history`
  MODIFY `id` int(10) UNSIGNED NOT NULL AUTO_INCREMENT, AUTO_INCREMENT=3228;

--
-- AUTO_INCREMENT for table `returned_items`
--
ALTER TABLE `returned_items`
  MODIFY `id` int(10) UNSIGNED NOT NULL AUTO_INCREMENT, AUTO_INCREMENT=11;

--
-- AUTO_INCREMENT for table `returned_qty`
--
ALTER TABLE `returned_qty`
  MODIFY `id` int(10) UNSIGNED NOT NULL AUTO_INCREMENT, AUTO_INCREMENT=11;

--
-- AUTO_INCREMENT for table `sale`
--
ALTER TABLE `sale`
  MODIFY `id` int(10) UNSIGNED NOT NULL AUTO_INCREMENT, AUTO_INCREMENT=635;

--
-- AUTO_INCREMENT for table `sale_items`
--
ALTER TABLE `sale_items`
  MODIFY `id` int(10) UNSIGNED NOT NULL AUTO_INCREMENT, AUTO_INCREMENT=1143;

--
-- AUTO_INCREMENT for table `sale_price_history`
--
ALTER TABLE `sale_price_history`
  MODIFY `id` int(10) UNSIGNED NOT NULL AUTO_INCREMENT, AUTO_INCREMENT=2330;

--
-- AUTO_INCREMENT for table `stock_history`
--
ALTER TABLE `stock_history`
  MODIFY `id` int(10) UNSIGNED NOT NULL AUTO_INCREMENT, AUTO_INCREMENT=186;

--
-- AUTO_INCREMENT for table `stock_item_qty_history`
--
ALTER TABLE `stock_item_qty_history`
  MODIFY `id` int(10) UNSIGNED NOT NULL AUTO_INCREMENT, AUTO_INCREMENT=3659;

--
-- AUTO_INCREMENT for table `supplier`
--
ALTER TABLE `supplier`
  MODIFY `id` int(10) UNSIGNED NOT NULL AUTO_INCREMENT, AUTO_INCREMENT=33;

--
-- AUTO_INCREMENT for table `supplier_payment`
--
ALTER TABLE `supplier_payment`
  MODIFY `id` int(10) UNSIGNED NOT NULL AUTO_INCREMENT;

--
-- AUTO_INCREMENT for table `users`
--
ALTER TABLE `users`
  MODIFY `id` int(10) UNSIGNED NOT NULL AUTO_INCREMENT, AUTO_INCREMENT=3;

--
-- Constraints for dumped tables
--

--
-- Constraints for table `dispose_items`
--
ALTER TABLE `dispose_items`
  ADD CONSTRAINT `dispose_items_fk_inventory_id_foreign` FOREIGN KEY (`fk_inventory_id`) REFERENCES `inventory` (`id`),
  ADD CONSTRAINT `dispose_items_fk_quantity_history_id_foreign` FOREIGN KEY (`fk_quantity_history_id`) REFERENCES `quantity_history` (`id`),
  ADD CONSTRAINT `dispose_items_fk_user_id_foreign` FOREIGN KEY (`fk_user_id`) REFERENCES `users` (`id`);

--
-- Constraints for table `expiry_items`
--
ALTER TABLE `expiry_items`
  ADD CONSTRAINT `expiry_items_fk_expiry_return_id_foreign` FOREIGN KEY (`fk_expiry_return_id`) REFERENCES `expiry_return` (`id`),
  ADD CONSTRAINT `expiry_items_fk_invetory_id_foreign` FOREIGN KEY (`fk_inventory_id`) REFERENCES `inventory` (`id`),
  ADD CONSTRAINT `expiry_items_fk_quantity_history_id_foreign` FOREIGN KEY (`fk_quantity_history_id`) REFERENCES `quantity_history` (`id`);

--
-- Constraints for table `expiry_return`
--
ALTER TABLE `expiry_return`
  ADD CONSTRAINT `expiry_return_fk_supplier_id_foreign` FOREIGN KEY (`fk_supplier_id`) REFERENCES `supplier` (`id`),
  ADD CONSTRAINT `expiry_return_fk_user_id_foreign` FOREIGN KEY (`fk_user_id`) REFERENCES `users` (`id`);

--
-- Constraints for table `inventory`
--
ALTER TABLE `inventory`
  ADD CONSTRAINT `inventory_fk_company_id_foreign` FOREIGN KEY (`fk_company_id`) REFERENCES `company` (`id`);

--
-- Constraints for table `payment_cheque_receipt_imgs`
--
ALTER TABLE `payment_cheque_receipt_imgs`
  ADD CONSTRAINT `payment_cheque_receipt_imgs_fk_payment_id_foreign` FOREIGN KEY (`fk_payment_id`) REFERENCES `supplier_payment` (`id`);

--
-- Constraints for table `purchased_qty`
--
ALTER TABLE `purchased_qty`
  ADD CONSTRAINT `purchased_qty_fk_purchase_price_id_foreign` FOREIGN KEY (`fk_purchase_price_id`) REFERENCES `purchase_price_history` (`id`),
  ADD CONSTRAINT `purchased_qty_fk_sale_item_id_foreign` FOREIGN KEY (`fk_sale_item_id`) REFERENCES `sale_items` (`id`);

--
-- Constraints for table `purchase_price_history`
--
ALTER TABLE `purchase_price_history`
  ADD CONSTRAINT `purchase_price_history_fk_inventory_id_foreign` FOREIGN KEY (`fk_inventory_id`) REFERENCES `inventory` (`id`);

--
-- Constraints for table `quantity_history`
--
ALTER TABLE `quantity_history`
  ADD CONSTRAINT `quantity_history_fk_inventory_id_foreign` FOREIGN KEY (`fk_inventory_id`) REFERENCES `inventory` (`id`),
  ADD CONSTRAINT `quantity_history_fk_purchase_price_id_foreign` FOREIGN KEY (`fk_purchase_price_id`) REFERENCES `purchase_price_history` (`id`);

--
-- Constraints for table `returned_items`
--
ALTER TABLE `returned_items`
  ADD CONSTRAINT `returned_items_fk_inventory_id_foreign` FOREIGN KEY (`fk_inventory_id`) REFERENCES `inventory` (`id`),
  ADD CONSTRAINT `returned_items_fk_sale_id_foreign` FOREIGN KEY (`fk_sale_id`) REFERENCES `sale` (`id`),
  ADD CONSTRAINT `returned_items_fk_user_id_foreign` FOREIGN KEY (`fk_user_id`) REFERENCES `users` (`id`);

--
-- Constraints for table `returned_qty`
--
ALTER TABLE `returned_qty`
  ADD CONSTRAINT `returned_qty_fk_purchase_price_id_foreign` FOREIGN KEY (`fk_purchase_price_id`) REFERENCES `purchase_price_history` (`id`),
  ADD CONSTRAINT `returned_qty_fk_returned_item_id_foreign` FOREIGN KEY (`fk_returned_item_id`) REFERENCES `returned_items` (`id`);

--
-- Constraints for table `sale`
--
ALTER TABLE `sale`
  ADD CONSTRAINT `sale_fk_user_id_foreign` FOREIGN KEY (`fk_user_id`) REFERENCES `users` (`id`);

--
-- Constraints for table `sale_items`
--
ALTER TABLE `sale_items`
  ADD CONSTRAINT `sale_items_fk_inventory_id_foreign` FOREIGN KEY (`fk_inventory_id`) REFERENCES `inventory` (`id`),
  ADD CONSTRAINT `sale_items_fk_sale_id_foreign` FOREIGN KEY (`fk_sale_id`) REFERENCES `sale` (`id`),
  ADD CONSTRAINT `sale_items_fk_sale_price_id_foreign` FOREIGN KEY (`fk_sale_price_id`) REFERENCES `sale_price_history` (`id`);

--
-- Constraints for table `sale_price_history`
--
ALTER TABLE `sale_price_history`
  ADD CONSTRAINT `sale_price_history_fk_inventory_id_foreign` FOREIGN KEY (`fk_inventory_id`) REFERENCES `inventory` (`id`);

--
-- Constraints for table `stock_history`
--
ALTER TABLE `stock_history`
  ADD CONSTRAINT `stock_history_fk_user_id_foreign` FOREIGN KEY (`fk_user_id`) REFERENCES `users` (`id`);

--
-- Constraints for table `stock_item_qty_history`
--
ALTER TABLE `stock_item_qty_history`
  ADD CONSTRAINT `stock_item_qty_history_fk_inventory_id_foreign` FOREIGN KEY (`fk_inventory_id`) REFERENCES `inventory` (`id`),
  ADD CONSTRAINT `stock_item_qty_history_fk_stock_history_id_foreign` FOREIGN KEY (`fk_stock_history_id`) REFERENCES `stock_history` (`id`);

--
-- Constraints for table `supplier_payment`
--
ALTER TABLE `supplier_payment`
  ADD CONSTRAINT `supplier_payment_fk_supplier_id_foreign` FOREIGN KEY (`fk_supplier_id`) REFERENCES `supplier` (`id`),
  ADD CONSTRAINT `supplier_payment_fk_user_id_foreign` FOREIGN KEY (`fk_user_id`) REFERENCES `users` (`id`);
COMMIT;

/*!40101 SET CHARACTER_SET_CLIENT=@OLD_CHARACTER_SET_CLIENT */;
/*!40101 SET CHARACTER_SET_RESULTS=@OLD_CHARACTER_SET_RESULTS */;
/*!40101 SET COLLATION_CONNECTION=@OLD_COLLATION_CONNECTION */;
